date,fold,model,actual,probability_up,forward_return_5d
2012-12-14,1,catboost,1,0.5829265266,0.004855645112
2012-12-14,1,logistic_regression,1,0.5556813593,0.004855645112
2012-12-14,1,majority_baseline,1,0.5747460087,0.004855645112
2012-12-14,1,random_forest,1,0.5277697577,0.004855645112
2012-12-17,1,catboost,0,0.3565673343,-0.009876873879
2012-12-17,1,logistic_regression,0,0.5565080309,-0.009876873879
2012-12-17,1,majority_baseline,0,0.5747460087,-0.009876873879
2012-12-17,1,random_forest,0,0.4504256215,-0.009876873879
2012-12-18,1,catboost,0,0.561176467,-0.0249019414
2012-12-18,1,logistic_regression,0,0.5371638429,-0.0249019414
2012-12-18,1,majority_baseline,0,0.5747460087,-0.0249019414
2012-12-18,1,random_forest,0,0.4910893207,-0.0249019414
2012-12-19,1,catboost,0,0.4125722188,-0.01892020117
2012-12-19,1,logistic_regression,0,0.5379608764,-0.01892020117
2012-12-19,1,majority_baseline,0,0.5747460087,-0.01892020117
2012-12-19,1,random_forest,0,0.4743641752,-0.01892020117
2012-12-20,1,catboost,0,0.4351474234,-0.03507439686
2012-12-20,1,logistic_regression,0,0.5199809849,-0.03507439686
2012-12-20,1,majority_baseline,0,0.5747460087,-0.03507439686
2012-12-20,1,random_forest,0,0.4354697103,-0.03507439686
2012-12-21,1,catboost,0,0.4592986394,-0.002661178079
2012-12-21,1,logistic_regression,0,0.4818152272,-0.002661178079
2012-12-21,1,majority_baseline,0,0.5747460087,-0.002661178079
2012-12-21,1,random_forest,0,0.4516507219,-0.002661178079
2012-12-24,1,catboost,1,0.6165052746,0.02606246112
2012-12-24,1,logistic_regression,1,0.6356477747,0.02606246112
2012-12-24,1,majority_baseline,1,0.5747460087,0.02606246112
2012-12-24,1,random_forest,1,0.5186752956,0.02606246112
2012-12-26,1,catboost,1,0.4688002807,0.02807757108
2012-12-26,1,logistic_regression,1,0.7522024101,0.02807757108
2012-12-26,1,majority_baseline,1,0.5747460087,0.02807757108
2012-12-26,1,random_forest,1,0.4731680493,0.02807757108
2012-12-27,1,catboost,1,0.3859899744,0.03397850792
2012-12-27,1,logistic_regression,1,0.6640990549,0.03397850792
2012-12-27,1,majority_baseline,1,0.5747460087,0.03397850792
2012-12-27,1,random_forest,1,0.4442642548,0.03397850792
2012-12-28,1,catboost,1,0.4927243543,0.04241949904
2012-12-28,1,logistic_regression,1,0.6513958378,0.04241949904
2012-12-28,1,majority_baseline,1,0.5747460087,0.04241949904
2012-12-28,1,random_forest,1,0.3886960051,0.04241949904
2012-12-31,1,catboost,1,0.5218554567,0.02204900863
2012-12-31,1,logistic_regression,1,0.6139666054,0.02204900863
2012-12-31,1,majority_baseline,1,0.5747460087,0.02204900863
2012-12-31,1,random_forest,1,0.4511472204,0.02204900863
2013-01-02,1,catboost,0,0.6199349323,-0.0009585061091
2013-01-02,1,logistic_regression,0,0.4344351633,-0.0009585061091
2013-01-02,1,majority_baseline,0,0.5747460087,-0.0009585061091
2013-01-02,1,random_forest,0,0.4933872046,-0.0009585061091
2013-01-03,1,catboost,1,0.3516311592,0.009263748987
2013-01-03,1,logistic_regression,1,0.4137039699,0.009263748987
2013-01-03,1,majority_baseline,1,0.5747460087,0.009263748987
2013-01-03,1,random_forest,1,0.4456127997,0.009263748987
2013-01-04,1,catboost,1,0.7278455772,0.004782484276
2013-01-04,1,logistic_regression,1,0.4730098287,0.004782484276
2013-01-04,1,majority_baseline,1,0.5747460087,0.004782484276
2013-01-04,1,random_forest,1,0.5329580904,0.004782484276
2013-01-07,1,catboost,1,0.6967420295,0.006850722695
2013-01-07,1,logistic_regression,1,0.4392330864,0.006850722695
2013-01-07,1,majority_baseline,1,0.5747460087,0.006850722695
2013-01-07,1,random_forest,1,0.5269134057,0.006850722695
2013-01-08,1,catboost,1,0.7879595235,0.01044317532
2013-01-08,1,logistic_regression,1,0.5534356436,0.01044317532
2013-01-08,1,majority_baseline,1,0.5747460087,0.01044317532
2013-01-08,1,random_forest,1,0.5290287058,0.01044317532
2013-01-09,1,catboost,1,0.8731385075,0.007744002974
2013-01-09,1,logistic_regression,1,0.6256610086,0.007744002974
2013-01-09,1,majority_baseline,1,0.5747460087,0.007744002974
2013-01-09,1,random_forest,1,0.6172431048,0.007744002974
2013-01-10,1,catboost,1,0.6786597874,0.006255086951
2013-01-10,1,logistic_regression,1,0.6482944967,0.006255086951
2013-01-10,1,majority_baseline,1,0.5747460087,0.006255086951
2013-01-10,1,random_forest,1,0.5465120264,0.006255086951
2013-01-11,1,catboost,1,0.8409020933,0.008567311059
2013-01-11,1,logistic_regression,1,0.6070445533,0.008567311059
2013-01-11,1,majority_baseline,1,0.5747460087,0.008567311059
2013-01-11,1,random_forest,1,0.6183392481,0.008567311059
2013-01-14,1,catboost,1,0.9161030523,0.01469690197
2013-01-14,1,logistic_regression,1,0.6468177179,0.01469690197
2013-01-14,1,majority_baseline,1,0.5747460087,0.01469690197
2013-01-14,1,random_forest,1,0.648194293,0.01469690197
2013-01-15,1,catboost,1,0.822194062,0.01563872772
2013-01-15,1,logistic_regression,1,0.6258417667,0.01563872772
2013-01-15,1,majority_baseline,1,0.5747460087,0.01563872772
2013-01-15,1,random_forest,1,0.6106345754,0.01563872772
2013-01-16,1,catboost,1,0.7936972822,0.01604896668
2013-01-16,1,logistic_regression,1,0.5652331476,0.01604896668
2013-01-16,1,majority_baseline,1,0.5747460087,0.01604896668
2013-01-16,1,random_forest,1,0.6397106202,0.01604896668
2013-01-17,1,catboost,1,0.6410885337,0.0152027027
2013-01-17,1,logistic_regression,1,0.5910290589,0.0152027027
2013-01-17,1,majority_baseline,1,0.5747460087,0.0152027027
2013-01-17,1,random_forest,1,0.5593440647,0.0152027027
2013-01-18,1,catboost,1,0.5902456478,0.01173063762
2013-01-18,1,logistic_regression,1,0.5300165398,0.01173063762
2013-01-18,1,majority_baseline,1,0.5747460087,0.01173063762
2013-01-18,1,random_forest,1,0.5437637091,0.01173063762
2013-01-22,1,catboost,1,0.7838955554,0.01025949675
2013-01-22,1,logistic_regression,1,0.5302785264,0.01025949675
2013-01-22,1,majority_baseline,1,0.5747460087,0.01025949675
2013-01-22,1,random_forest,1,0.5318385971,0.01025949675
2013-01-23,1,catboost,1,0.4239394523,0.004686431164
2013-01-23,1,logistic_regression,1,0.5546907283,0.004686431164
2013-01-23,1,majority_baseline,1,0.5747460087,0.004686431164
2013-01-23,1,random_forest,1,0.4850920252,0.004686431164
2013-01-24,1,catboost,1,0.4183189083,0.001940922246
2013-01-24,1,logistic_regression,1,0.563989097,0.001940922246
2013-01-24,1,majority_baseline,1,0.5747460087,0.001940922246
2013-01-24,1,random_forest,1,0.4914181446,0.001940922246
2013-01-25,1,catboost,1,0.3700223195,0.006589054908
2013-01-25,1,logistic_regression,1,0.5181316354,0.006589054908
2013-01-25,1,majority_baseline,1,0.5747460087,0.006589054908
2013-01-25,1,random_forest,1,0.4405581658,0.006589054908
2013-01-28,1,catboost,0,0.4960031593,-0.003531778332
2013-01-28,1,logistic_regression,0,0.5386893404,-0.003531778332
2013-01-28,1,majority_baseline,0,0.5747460087,-0.003531778332
2013-01-28,1,random_forest,0,0.531600894,-0.003531778332
2013-01-29,1,catboost,1,0.7267155853,0.002588606069
2013-01-29,1,logistic_regression,1,0.5939687494,0.002588606069
2013-01-29,1,majority_baseline,1,0.5747460087,0.002588606069
2013-01-29,1,random_forest,1,0.5132250303,0.002588606069
2013-01-30,1,catboost,1,0.5439645753,0.007263252795
2013-01-30,1,logistic_regression,1,0.586401695,0.007263252795
2013-01-30,1,majority_baseline,1,0.5747460087,0.007263252795
2013-01-30,1,random_forest,1,0.5533871306,0.007263252795
2013-01-31,1,catboost,1,0.9354897665,0.008416899306
2013-01-31,1,logistic_regression,1,0.6264729667,0.008416899306
2013-01-31,1,majority_baseline,1,0.5747460087,0.008416899306
2013-01-31,1,random_forest,1,0.7296995145,0.008416899306
2013-02-01,1,catboost,1,0.3952872599,0.003702708144
2013-02-01,1,logistic_regression,1,0.6055227285,0.003702708144
2013-02-01,1,majority_baseline,1,0.5747460087,0.003702708144
2013-02-01,1,random_forest,1,0.5561410783,0.003702708144
2013-02-04,1,catboost,1,0.8722402651,0.01491247225
2013-02-04,1,logistic_regression,1,0.5617483136,0.01491247225
2013-02-04,1,majority_baseline,1,0.5747460087,0.01491247225
2013-02-04,1,random_forest,1,0.6529531297,0.01491247225
2013-02-05,1,catboost,1,0.8657449843,0.006421722477
2013-02-05,1,logistic_regression,1,0.599153923,0.006421722477
2013-02-05,1,majority_baseline,1,0.5747460087,0.006421722477
2013-02-05,1,random_forest,1,0.6604040062,0.006421722477
2013-02-06,1,catboost,1,0.757404506,0.006549286688
2013-02-06,1,logistic_regression,1,0.5530348248,0.006549286688
2013-02-06,1,majority_baseline,1,0.5747460087,0.006549286688
2013-02-06,1,random_forest,1,0.6868065533,0.006549286688
2013-02-07,1,catboost,1,0.7833730553,0.008810191713
2013-02-07,1,logistic_regression,1,0.5259051416,0.008810191713
2013-02-07,1,majority_baseline,1,0.5747460087,0.008810191713
2013-02-07,1,random_forest,1,0.6878392058,0.008810191713
2013-02-08,1,catboost,1,0.9141517257,0.002042144227
2013-02-08,1,logistic_regression,1,0.589501839,0.002042144227
2013-02-08,1,majority_baseline,1,0.5747460087,0.002042144227
2013-02-08,1,random_forest,1,0.7255568296,0.002042144227
2013-02-11,1,catboost,1,0.9020760468,0.009751569204
2013-02-11,1,logistic_regression,1,0.6019435738,0.009751569204
2013-02-11,1,majority_baseline,1,0.5747460087,0.009751569204
2013-02-11,1,random_forest,1,0.7337898351,0.009751569204
2013-02-12,1,catboost,0,0.9325967345,-0.004473148143
2013-02-12,1,logistic_regression,0,0.6490978215,-0.004473148143
2013-02-12,1,majority_baseline,0,0.5747460087,-0.004473148143
2013-02-12,1,random_forest,0,0.7608986194,-0.004473148143
2013-02-13,1,catboost,0,0.8818413956,-0.01137033039
2013-02-13,1,logistic_regression,0,0.6667423032,-0.01137033039
2013-02-13,1,majority_baseline,0,0.5747460087,-0.01137033039
2013-02-13,1,random_forest,0,0.7433840766,-0.01137033039
2013-02-14,1,catboost,0,0.83913464,-0.002626527793
2013-02-14,1,logistic_regression,0,0.6455717936,-0.002626527793
2013-02-14,1,majority_baseline,0,0.5747460087,-0.002626527793
2013-02-14,1,random_forest,0,0.7248950751,-0.002626527793
2013-02-15,1,catboost,0,0.9139896599,-0.02044573393
2013-02-15,1,logistic_regression,0,0.6233847155,-0.02044573393
2013-02-15,1,majority_baseline,0,0.5747460087,-0.02044573393
2013-02-15,1,random_forest,0,0.7044316301,-0.02044573393
2013-02-19,1,catboost,0,0.7598014198,-0.02107664405
2013-02-19,1,logistic_regression,0,0.5906629453,-0.02107664405
2013-02-19,1,majority_baseline,0,0.5747460087,-0.02107664405
2013-02-19,1,random_forest,0,0.6109511744,-0.02107664405
2013-02-20,1,catboost,1,0.7755625151,0.003766402894
2013-02-20,1,logistic_regression,1,0.6258841602,0.003766402894
2013-02-20,1,majority_baseline,1,0.5747460087,0.003766402894
2013-02-20,1,random_forest,1,0.6208832706,0.003766402894
2013-02-21,1,catboost,1,0.7813864465,0.007911198074
2013-02-21,1,logistic_regression,1,0.5751287937,0.007911198074
2013-02-21,1,majority_baseline,1,0.5747460087,0.007911198074
2013-02-21,1,random_forest,1,0.509354912,0.007911198074
2013-02-22,1,catboost,1,0.4753532797,0.001448424523
2013-02-22,1,logistic_regression,1,0.602732578,0.001448424523
2013-02-22,1,majority_baseline,1,0.5747460087,0.001448424523
2013-02-22,1,random_forest,1,0.4568917915,0.001448424523
2013-02-25,1,catboost,1,0.5498995377,0.02630871275
2013-02-25,1,logistic_regression,1,0.665943979,0.02630871275
2013-02-25,1,majority_baseline,1,0.5747460087,0.02630871275
2013-02-25,1,random_forest,1,0.4562945587,0.02630871275
2013-02-26,1,catboost,1,0.5924374123,0.02846279748
2013-02-26,1,logistic_regression,1,0.5731608706,0.02846279748
2013-02-26,1,majority_baseline,1,0.5747460087,0.02846279748
2013-02-26,1,random_forest,1,0.4594557892,0.02846279748
2013-02-27,1,catboost,1,0.345155973,0.01704954405
2013-02-27,1,logistic_regression,1,0.5608447008,0.01704954405
2013-02-27,1,majority_baseline,1,0.5747460087,0.01704954405
2013-02-27,1,random_forest,1,0.4167863108,0.01704954405
2013-02-28,1,catboost,1,0.2347693196,0.02090889907
2013-02-28,1,logistic_regression,1,0.5291823683,0.02090889907
2013-02-28,1,majority_baseline,1,0.5747460087,0.02090889907
2013-02-28,1,random_forest,1,0.3969260547,0.02090889907
2013-03-01,1,catboost,1,0.4072393882,0.02189206355
2013-03-01,1,logistic_regression,1,0.5803657514,0.02189206355
2013-03-01,1,majority_baseline,1,0.5747460087,0.02189206355
2013-03-01,1,random_forest,1,0.4434697689,0.02189206355
2013-03-04,1,catboost,1,0.3727458166,0.0203374355
2013-03-04,1,logistic_regression,1,0.5019678927,0.0203374355
2013-03-04,1,majority_baseline,1,0.5747460087,0.0203374355
2013-03-04,1,random_forest,1,0.4454829191,0.0203374355
2013-03-05,1,catboost,1,0.5060501269,0.009009005511
2013-03-05,1,logistic_regression,1,0.5157167506,0.009009005511
2013-03-05,1,majority_baseline,1,0.5747460087,0.009009005511
2013-03-05,1,random_forest,1,0.4829685647,0.009009005511
2013-03-06,1,catboost,1,0.7488633231,0.009061449191
2013-03-06,1,logistic_regression,1,0.5551525842,0.009061449191
2013-03-06,1,majority_baseline,1,0.5747460087,0.009061449191
2013-03-06,1,random_forest,1,0.5946394083,0.009061449191
2013-03-07,1,catboost,1,0.7108647367,0.01259850701
2013-03-07,1,logistic_regression,1,0.5768222517,0.01259850701
2013-03-07,1,majority_baseline,1,0.5747460087,0.01259850701
2013-03-07,1,random_forest,1,0.5753614242,0.01259850701
2013-03-08,1,catboost,1,0.4355921586,0.002509002792
2013-03-08,1,logistic_regression,1,0.5813203148,0.002509002792
2013-03-08,1,majority_baseline,1,0.5747460087,0.002509002792
2013-03-08,1,random_forest,1,0.4725774715,0.002509002792
2013-03-11,1,catboost,0,0.539397336,-0.006793550011
2013-03-11,1,logistic_regression,0,0.6016670794,-0.006793550011
2013-03-11,1,majority_baseline,0,0.5747460087,-0.006793550011
2013-03-11,1,random_forest,0,0.4984535092,-0.006793550011
2013-03-12,1,catboost,0,0.6354970543,-0.006873022547
2013-03-12,1,logistic_regression,0,0.6459683031,-0.006873022547
2013-03-12,1,majority_baseline,0,0.5747460087,-0.006873022547
2013-03-12,1,random_forest,0,0.5662367647,-0.006873022547
2013-03-13,1,catboost,0,0.7056350051,-0.001346962849
2013-03-13,1,logistic_regression,0,0.6056957051,-0.001346962849
2013-03-13,1,majority_baseline,0,0.5747460087,-0.001346962849
2013-03-13,1,random_forest,0,0.5887472735,-0.001346962849
2013-03-14,1,catboost,0,0.4329996758,-0.01512151576
2013-03-14,1,logistic_regression,0,0.620978113,-0.01512151576
2013-03-14,1,majority_baseline,0,0.5747460087,-0.01512151576
2013-03-14,1,random_forest,0,0.4864203667,-0.01512151576
2013-03-15,1,catboost,0,0.7923421995,-0.001475939789
2013-03-15,1,logistic_regression,0,0.5899460374,-0.001475939789
2013-03-15,1,majority_baseline,0,0.5747460087,-0.001475939789
2013-03-15,1,random_forest,0,0.6149164954,-0.001475939789
2013-03-18,1,catboost,0,0.4829805379,-0.0001290849832
2013-03-18,1,logistic_regression,0,0.6141559733,-0.0001290849832
2013-03-18,1,majority_baseline,0,0.5747460087,-0.0001290849832
2013-03-18,1,random_forest,0,0.4800440551,-0.0001290849832
2013-03-19,1,catboost,1,0.3564922767,0.01021927297
2013-03-19,1,logistic_regression,1,0.6043151971,0.01021927297
2013-03-19,1,majority_baseline,1,0.5747460087,0.01021927297
2013-03-19,1,random_forest,1,0.4383712203,0.01021927297
2013-03-20,1,catboost,1,0.6557092213,0.003211510003
2013-03-20,1,logistic_regression,1,0.567662765,0.003211510003
2013-03-20,1,majority_baseline,1,0.5747460087,0.003211510003
2013-03-20,1,random_forest,1,0.5288834066,0.003211510003
2013-03-21,1,catboost,1,0.6107235701,0.01496500124
2013-03-21,1,logistic_regression,1,0.6192904948,0.01496500124
2013-03-21,1,majority_baseline,1,0.5747460087,0.01496500124
2013-03-21,1,random_forest,1,0.469420423,0.01496500124
2013-03-22,1,catboost,1,0.5296798123,0.002892011455
2013-03-22,1,logistic_regression,1,0.5842615965,0.002892011455
2013-03-22,1,majority_baseline,1,0.5747460087,0.002892011455
2013-03-22,1,random_forest,1,0.5047049889,0.002892011455
2013-03-25,1,catboost,1,0.5349521722,0.01206847652
2013-03-25,1,logistic_regression,1,0.5651890669,0.01206847652
2013-03-25,1,majority_baseline,1,0.5747460087,0.01206847652
2013-03-25,1,random_forest,1,0.5478868621,0.01206847652
2013-03-26,1,catboost,0,0.8064837182,-0.006146403004
2013-03-26,1,logistic_regression,0,0.5709098435,-0.006146403004
2013-03-26,1,majority_baseline,0,0.5747460087,-0.006146403004
2013-03-26,1,random_forest,0,0.6072112097,-0.006146403004
2013-03-27,1,catboost,0,0.5632122136,-0.002112822812
2013-03-27,1,logistic_regression,0,0.6200520831,-0.002112822812
2013-03-27,1,majority_baseline,0,0.5747460087,-0.002112822812
2013-03-27,1,random_forest,0,0.547943247,-0.002112822812
2013-03-28,1,catboost,0,0.5752005468,-0.009638057812
2013-03-28,1,logistic_regression,0,0.5635979498,-0.009638057812
2013-03-28,1,majority_baseline,0,0.5747460087,-0.009638057812
2013-03-28,1,random_forest,0,0.5691619083,-0.009638057812
2013-04-01,1,catboost,1,0.6054373746,0.001025335449
2013-04-01,1,logistic_regression,1,0.6043646623,0.001025335449
2013-04-01,1,majority_baseline,1,0.5747460087,0.001025335449
2013-04-01,1,random_forest,1,0.5842494261,0.001025335449
2013-04-02,1,catboost,0,0.7133694168,-0.0004464181657
2013-04-02,1,logistic_regression,0,0.6006960753,-0.0004464181657
2013-04-02,1,majority_baseline,0,0.5747460087,-0.0004464181657
2013-04-02,1,random_forest,0,0.6036557958,-0.0004464181657
2013-04-03,1,catboost,1,0.8092665669,0.02216068154
2013-04-03,1,logistic_regression,1,0.6121506701,0.02216068154
2013-04-03,1,majority_baseline,1,0.5747460087,0.02216068154
2013-04-03,1,random_forest,1,0.5889956913,0.02216068154
2013-04-04,1,catboost,1,0.6575519468,0.02136533932
2013-04-04,1,logistic_regression,1,0.5661872705,0.02136533932
2013-04-04,1,majority_baseline,1,0.5747460087,0.02136533932
2013-04-04,1,random_forest,1,0.5505127115,0.02136533932
2013-04-05,1,catboost,1,0.6363207682,0.02345965012
2013-04-05,1,logistic_regression,1,0.5890126128,0.02345965012
2013-04-05,1,majority_baseline,1,0.5747460087,0.02345965012
2013-04-05,1,random_forest,1,0.5550312815,0.02345965012
2013-04-08,1,catboost,0,0.5192046995,-0.006977860273
2013-04-08,1,logistic_regression,0,0.6265893401,-0.006977860273
2013-04-08,1,majority_baseline,0,0.5747460087,-0.006977860273
2013-04-08,1,random_forest,0,0.522041719,-0.006977860273
2013-04-09,1,catboost,1,0.4699352242,0.00421054992
2013-04-09,1,logistic_regression,1,0.6632476894,0.00421054992
2013-04-09,1,majority_baseline,1,0.5747460087,0.00421054992
2013-04-09,1,random_forest,1,0.5033428984,0.00421054992
2013-04-10,1,catboost,0,0.3963370928,-0.02243648856
2013-04-10,1,logistic_regression,0,0.5585081715,-0.02243648856
2013-04-10,1,majority_baseline,0,0.5747460087,-0.02243648856
2013-04-10,1,random_forest,0,0.4096751848,-0.02243648856
2013-04-11,1,catboost,0,0.4599377033,-0.03172311655
2013-04-11,1,logistic_regression,0,0.5422961279,-0.03172311655
2013-04-11,1,majority_baseline,0,0.5747460087,-0.03172311655
2013-04-11,1,random_forest,0,0.4654448736,-0.03172311655
2013-04-12,1,catboost,0,0.416933496,-0.0209068472
2013-04-12,1,logistic_regression,0,0.5394378123,-0.0209068472
2013-04-12,1,majority_baseline,0,0.5747460087,-0.0209068472
2013-04-12,1,random_forest,0,0.4036519891,-0.0209068472
2013-04-15,1,catboost,1,0.4141163987,0.006768973267
2013-04-15,1,logistic_regression,1,0.5655633496,0.006768973267
2013-04-15,1,majority_baseline,1,0.5747460087,0.006768973267
2013-04-15,1,random_forest,1,0.4700547981,0.006768973267
2013-04-16,1,catboost,1,0.4642219139,0.002350518336
2013-04-16,1,logistic_regression,1,0.5272816374,0.002350518336
2013-04-16,1,majority_baseline,1,0.5747460087,0.002350518336
2013-04-16,1,random_forest,1,0.4903164741,0.002350518336
2013-04-17,1,catboost,1,0.5734932597,0.01785832177
2013-04-17,1,logistic_regression,1,0.568419453,0.01785832177
2013-04-17,1,majority_baseline,1,0.5747460087,0.01785832177
2013-04-17,1,random_forest,1,0.4957147068,0.01785832177
2013-04-18,1,catboost,1,0.4001869029,0.02841575786
2013-04-18,1,logistic_regression,1,0.6048667901,0.02841575786
2013-04-18,1,majority_baseline,1,0.5747460087,0.02841575786
2013-04-18,1,random_forest,1,0.4716003965,0.02841575786
2013-04-19,1,catboost,1,0.5774297361,0.01775154281
2013-04-19,1,logistic_regression,1,0.6205134617,0.01775154281
2013-04-19,1,majority_baseline,1,0.5747460087,0.01775154281
2013-04-19,1,random_forest,1,0.4889367247,0.01775154281
2013-04-22,1,catboost,1,0.3534384649,0.02004229325
2013-04-22,1,logistic_regression,1,0.5630690948,0.02004229325
2013-04-22,1,majority_baseline,1,0.5747460087,0.02004229325
2013-04-22,1,random_forest,1,0.4187645239,0.02004229325
2013-04-23,1,catboost,1,0.4652885967,0.01204204534
2013-04-23,1,logistic_regression,1,0.5883063407,0.01204204534
2013-04-23,1,majority_baseline,1,0.5747460087,0.01204204534
2013-04-23,1,random_forest,1,0.4636295602,0.01204204534
2013-04-24,1,catboost,1,0.4503125553,0.002533531084
2013-04-24,1,logistic_regression,1,0.4762914001,0.002533531084
2013-04-24,1,majority_baseline,1,0.5747460087,0.002533531084
2013-04-24,1,random_forest,1,0.4986514206,0.002533531084
2013-04-25,1,catboost,1,0.4459511192,0.007759245941
2013-04-25,1,logistic_regression,1,0.4927934241,0.007759245941
2013-04-25,1,majority_baseline,1,0.5747460087,0.007759245941
2013-04-25,1,random_forest,1,0.4518885208,0.007759245941
2013-04-26,1,catboost,1,0.420426628,0.01978001448
2013-04-26,1,logistic_regression,1,0.5006627876,0.01978001448
2013-04-26,1,majority_baseline,1,0.5747460087,0.01978001448
2013-04-26,1,random_forest,1,0.4908694606,0.01978001448
2013-04-29,1,catboost,1,0.5950802651,0.01556808319
2013-04-29,1,logistic_regression,1,0.5994493574,0.01556808319
2013-04-29,1,majority_baseline,1,0.5747460087,0.01556808319
2013-04-29,1,random_forest,1,0.5079539689,0.01556808319
2013-04-30,1,catboost,1,0.5576765849,0.0182866579
2013-04-30,1,logistic_regression,1,0.5850612216,0.0182866579
2013-04-30,1,majority_baseline,1,0.5747460087,0.0182866579
2013-04-30,1,random_forest,1,0.4967346636,0.0182866579
2013-05-01,1,catboost,1,0.6794269698,0.03196864758
2013-05-01,1,logistic_regression,1,0.6002847456,0.03196864758
2013-05-01,1,majority_baseline,1,0.5747460087,0.03196864758
2013-05-01,1,random_forest,1,0.5317189763,0.03196864758
2013-05-02,1,catboost,1,0.7125063543,0.01959314491
2013-05-02,1,logistic_regression,1,0.6314110744,0.01959314491
2013-05-02,1,majority_baseline,1,0.5747460087,0.01959314491
2013-05-02,1,random_forest,1,0.5294029832,0.01959314491
2013-05-03,1,catboost,1,0.6336622609,0.01264180865
2013-05-03,1,logistic_regression,1,0.6078551634,0.01264180865
2013-05-03,1,majority_baseline,1,0.5747460087,0.01264180865
2013-05-03,1,random_forest,1,0.4523754135,0.01264180865
2013-05-06,1,catboost,1,0.816706809,0.01087893753
2013-05-06,1,logistic_regression,1,0.5689186641,0.01087893753
2013-05-06,1,majority_baseline,1,0.5747460087,0.01087893753
2013-05-06,1,random_forest,1,0.6088579585,0.01087893753
2013-05-07,1,catboost,1,0.6587698617,0.01617459718
2013-05-07,1,logistic_regression,1,0.6120118418,0.01617459718
2013-05-07,1,majority_baseline,1,0.5747460087,0.01617459718
2013-05-07,1,random_forest,1,0.4739336082,0.01617459718
2013-05-08,1,catboost,1,0.6050700059,0.01701970652
2013-05-08,1,logistic_regression,1,0.5471552511,0.01701970652
2013-05-08,1,majority_baseline,1,0.5747460087,0.01701970652
2013-05-08,1,random_forest,1,0.4336114896,0.01701970652
2013-05-09,1,catboost,1,0.6194850448,0.01510309016
2013-05-09,1,logistic_regression,1,0.562802975,0.01510309016
2013-05-09,1,majority_baseline,1,0.5747460087,0.01510309016
2013-05-09,1,random_forest,1,0.4568879754,0.01510309016
2013-05-10,1,catboost,1,0.7312433819,0.02160209669
2013-05-10,1,logistic_regression,1,0.5868600309,0.02160209669
2013-05-10,1,majority_baseline,1,0.5747460087,0.02160209669
2013-05-10,1,random_forest,1,0.5461687503,0.02160209669
2013-05-13,1,catboost,1,0.5251896464,0.02072887085
2013-05-13,1,logistic_regression,1,0.5885405714,0.02072887085
2013-05-13,1,majority_baseline,1,0.5747460087,0.02072887085
2013-05-13,1,random_forest,1,0.5209075988,0.02072887085
2013-05-14,1,catboost,1,0.2086462292,0.01174122466
2013-05-14,1,logistic_regression,1,0.6226661177,0.01174122466
2013-05-14,1,majority_baseline,1,0.5747460087,0.01174122466
2013-05-14,1,random_forest,1,0.3780603728,0.01174122466
2013-05-15,1,catboost,0,0.174593392,-0.001143765986
2013-05-15,1,logistic_regression,0,0.5932859503,-0.001143765986
2013-05-15,1,majority_baseline,0,0.5747460087,-0.001143765986
2013-05-15,1,random_forest,0,0.3707399726,-0.001143765986
2013-05-16,1,catboost,1,0.3512316429,0.000665299398
2013-05-16,1,logistic_regression,1,0.570416283,0.000665299398
2013-05-16,1,majority_baseline,1,0.5747460087,0.000665299398
2013-05-16,1,random_forest,1,0.4719696563,0.000665299398
2013-05-17,1,catboost,0,0.2653638256,-0.009764015674
2013-05-17,1,logistic_regression,0,0.5423687389,-0.009764015674
2013-05-17,1,majority_baseline,0,0.5747460087,-0.009764015674
2013-05-17,1,random_forest,0,0.3113563874,-0.009764015674
2013-05-20,1,catboost,0,0.3045591811,-0.003773974885
2013-05-20,1,logistic_regression,0,0.5586298276,-0.003773974885
2013-05-20,1,majority_baseline,0,0.5747460087,-0.003773974885
2013-05-20,1,random_forest,0,0.3931595966,-0.003773974885
2013-05-21,1,catboost,0,0.4595077889,-0.01166475457
2013-05-21,1,logistic_regression,0,0.6159583191,-0.01166475457
2013-05-21,1,majority_baseline,0,0.5747460087,-0.01166475457
2013-05-21,1,random_forest,0,0.4795640876,-0.01166475457
2013-05-22,1,catboost,0,0.9174446215,-0.000602608958
2013-05-22,1,logistic_regression,0,0.6267837401,-0.000602608958
2013-05-22,1,majority_baseline,0,0.5747460087,-0.000602608958
2013-05-22,1,random_forest,0,0.6914967289,-0.000602608958
2013-05-23,1,catboost,0,0.8658572339,-0.01208824441
2013-05-23,1,logistic_regression,0,0.5037874319,-0.01208824441
2013-05-23,1,majority_baseline,0,0.5747460087,-0.01208824441
2013-05-23,1,random_forest,0,0.6887925658,-0.01208824441
2013-05-24,1,catboost,0,0.8237511402,-0.005807219853
2013-05-24,1,logistic_regression,0,0.5703168264,-0.005807219853
2013-05-24,1,majority_baseline,0,0.5747460087,-0.005807219853
2013-05-24,1,random_forest,0,0.6907290661,-0.005807219853
2013-05-28,1,catboost,0,0.6832225524,-0.01647628051
2013-05-28,1,logistic_regression,0,0.6096245286,-0.01647628051
2013-05-28,1,majority_baseline,0,0.5747460087,-0.01647628051
2013-05-28,1,random_forest,0,0.6132739357,-0.01647628051
2013-05-29,1,catboost,0,0.6493179953,-0.02390749831
2013-05-29,1,logistic_regression,0,0.5791275766,-0.02390749831
2013-05-29,1,majority_baseline,0,0.5747460087,-0.02390749831
2013-05-29,1,random_forest,0,0.549031134,-0.02390749831
2013-05-30,1,catboost,0,0.8626440278,-0.01869387967
2013-05-30,1,logistic_regression,0,0.5695478487,-0.01869387967
2013-05-30,1,majority_baseline,0,0.5747460087,-0.01869387967
2013-05-30,1,random_forest,0,0.646016811,-0.01869387967
2013-05-31,1,catboost,1,0.7075091914,0.008259444635
2013-05-31,1,logistic_regression,1,0.6401604297,0.008259444635
2013-05-31,1,majority_baseline,1,0.5747460087,0.008259444635
2013-05-31,1,random_forest,1,0.4940012895,0.008259444635
2013-06-03,1,catboost,1,0.5793283672,0.002738040665
2013-06-03,1,logistic_regression,1,0.5531953697,0.002738040665
2013-06-03,1,majority_baseline,1,0.5747460087,0.002738040665
2013-06-03,1,random_forest,1,0.4372455498,0.002738040665
2013-06-04,1,catboost,0,0.4843771568,-0.002812371648
2013-06-04,1,logistic_regression,0,0.5873674638,-0.002812371648
2013-06-04,1,majority_baseline,0,0.5747460087,-0.002812371648
2013-06-04,1,random_forest,0,0.4128230728,-0.002812371648
2013-06-05,1,catboost,1,0.7308100592,0.002976348281
2013-06-05,1,logistic_regression,1,0.577751955,0.002976348281
2013-06-05,1,majority_baseline,1,0.5747460087,0.002976348281
2013-06-05,1,random_forest,1,0.4052216795,0.002976348281
2013-06-06,1,catboost,1,0.4574399917,0.009094887477
2013-06-06,1,logistic_regression,1,0.59372999,0.009094887477
2013-06-06,1,majority_baseline,1,0.5747460087,0.009094887477
2013-06-06,1,random_forest,1,0.4182700796,0.009094887477
2013-06-07,1,catboost,0,0.1774777435,-0.009830160009
2013-06-07,1,logistic_regression,0,0.5153578033,-0.009830160009
2013-06-07,1,majority_baseline,0,0.5747460087,-0.009830160009
2013-06-07,1,random_forest,0,0.4135874782,-0.009830160009
2013-06-10,1,catboost,0,0.4888329978,-0.002184470226
2013-06-10,1,logistic_regression,0,0.5554668329,-0.002184470226
2013-06-10,1,majority_baseline,0,0.5747460087,-0.002184470226
2013-06-10,1,random_forest,0,0.4828609016,-0.002184470226
2013-06-11,1,catboost,1,0.5342958858,0.01618638443
2013-06-11,1,logistic_regression,1,0.6007658494,0.01618638443
2013-06-11,1,majority_baseline,1,0.5747460087,0.01618638443
2013-06-11,1,random_forest,1,0.4300934256,0.01618638443
2013-06-12,1,catboost,1,0.5127277705,0.0105100272
2013-06-12,1,logistic_regression,1,0.5742937269,0.0105100272
2013-06-12,1,majority_baseline,1,0.5747460087,0.0105100272
2013-06-12,1,random_forest,1,0.3977560653,0.0105100272
2013-06-13,1,catboost,0,0.3758797748,-0.0292918373
2013-06-13,1,logistic_regression,0,0.5783036338,-0.0292918373
2013-06-13,1,majority_baseline,0,0.5747460087,-0.0292918373
2013-06-13,1,random_forest,0,0.4465380678,-0.0292918373
2013-06-14,1,catboost,0,0.4154345039,-0.02518682182
2013-06-14,1,logistic_regression,0,0.6172648712,-0.02518682182
2013-06-14,1,majority_baseline,0,0.5747460087,-0.02518682182
2013-06-14,1,random_forest,0,0.4255467722,-0.02518682182
2013-06-17,1,catboost,0,0.3559913959,-0.04487961988
2013-06-17,1,logistic_regression,0,0.6343489737,-0.04487961988
2013-06-17,1,majority_baseline,0,0.5747460087,-0.04487961988
2013-06-17,1,random_forest,0,0.4410656791,-0.04487961988
2013-06-18,1,catboost,0,0.5610063742,-0.04326051624
2013-06-18,1,logistic_regression,0,0.5953903488,-0.04326051624
2013-06-18,1,majority_baseline,0,0.5747460087,-0.04326051624
2013-06-18,1,random_forest,0,0.4739519612,-0.04326051624
2013-06-19,1,catboost,0,0.5973616684,-0.02025082632
2013-06-19,1,logistic_regression,0,0.6175901434,-0.02025082632
2013-06-19,1,majority_baseline,0,0.5747460087,-0.02025082632
2013-06-19,1,random_forest,0,0.4967920313,-0.02025082632
2013-06-20,1,catboost,1,0.4338941306,0.01053957318
2013-06-20,1,logistic_regression,1,0.6074940113,0.01053957318
2013-06-20,1,majority_baseline,1,0.5747460087,0.01053957318
2013-06-20,1,random_forest,1,0.472472828,0.01053957318
2013-06-21,1,catboost,1,0.3032596885,0.008486772101
2013-06-21,1,logistic_regression,1,0.5277049755,0.008486772101
2013-06-21,1,majority_baseline,1,0.5747460087,0.008486772101
2013-06-21,1,random_forest,1,0.3871932868,0.008486772101
2013-06-24,1,catboost,1,0.4570300663,0.02737809159
2013-06-24,1,logistic_regression,1,0.6036681728,0.02737809159
2013-06-24,1,majority_baseline,1,0.5747460087,0.02737809159
2013-06-24,1,random_forest,1,0.5073665457,0.02737809159
2013-06-25,1,catboost,1,0.7447346502,0.01664879409
2013-06-25,1,logistic_regression,1,0.68839471,0.01664879409
2013-06-25,1,majority_baseline,1,0.5747460087,0.01664879409
2013-06-25,1,random_forest,1,0.5413679027,0.01664879409
2013-06-26,1,catboost,1,0.7925988052,0.007118767355
2013-06-26,1,logistic_regression,1,0.6323486017,0.007118767355
2013-06-26,1,majority_baseline,1,0.5747460087,0.007118767355
2013-06-26,1,random_forest,1,0.542331599,0.007118767355
2013-06-27,1,catboost,1,0.8514893941,0.01204372038
2013-06-27,1,logistic_regression,1,0.5186761876,0.01204372038
2013-06-27,1,majority_baseline,1,0.5747460087,0.01204372038
2013-06-27,1,random_forest,1,0.5577653599,0.01204372038
2013-06-28,1,catboost,1,0.6868408577,0.02200472971
2013-06-28,1,logistic_regression,1,0.54212243,0.02200472971
2013-06-28,1,majority_baseline,1,0.5747460087,0.02200472971
2013-06-28,1,random_forest,1,0.4736413526,0.02200472971
2013-07-01,1,catboost,1,0.7455394835,0.02336393335
2013-07-01,1,logistic_regression,1,0.4678636653,0.02336393335
2013-07-01,1,majority_baseline,1,0.5747460087,0.02336393335
2013-07-01,1,random_forest,1,0.4924458446,0.02336393335
2013-07-02,1,catboost,1,0.7357474903,0.02468826707
2013-07-02,1,logistic_regression,1,0.4880321032,0.02468826707
2013-07-02,1,majority_baseline,1,0.5747460087,0.02468826707
2013-07-02,1,random_forest,1,0.4645689822,0.02468826707
2013-07-03,1,catboost,1,0.7696261043,0.03819446705
2013-07-03,1,logistic_regression,1,0.5440411102,0.03819446705
2013-07-03,1,majority_baseline,1,0.5747460087,0.03819446705
2013-07-03,1,random_forest,1,0.5527721517,0.03819446705
2013-07-05,1,catboost,1,0.7748768886,0.02754257196
2013-07-05,1,logistic_regression,1,0.6703640487,0.02754257196
2013-07-05,1,majority_baseline,1,0.5747460087,0.02754257196
2013-07-05,1,random_forest,1,0.560755641,0.02754257196
2013-07-08,1,catboost,1,0.6923711546,0.02561754852
2013-07-08,1,logistic_regression,1,0.5798143186,0.02561754852
2013-07-08,1,majority_baseline,1,0.5747460087,0.02561754852
2013-07-08,1,random_forest,1,0.5236782084,0.02561754852
2013-07-09,1,catboost,1,0.5629604102,0.0144734411
2013-07-09,1,logistic_regression,1,0.6220755918,0.0144734411
2013-07-09,1,majority_baseline,1,0.5747460087,0.0144734411
2013-07-09,1,random_forest,1,0.478024412,0.0144734411
2013-07-10,1,catboost,1,0.5099900997,0.01670799964
2013-07-10,1,logistic_regression,1,0.5798555122,0.01670799964
2013-07-10,1,majority_baseline,1,0.5747460087,0.01670799964
2013-07-10,1,random_forest,1,0.4679089955,0.01670799964
2013-07-11,1,catboost,1,0.6426464617,0.008540328951
2013-07-11,1,logistic_regression,1,0.5652966674,0.008540328951
2013-07-11,1,majority_baseline,1,0.5747460087,0.008540328951
2013-07-11,1,random_forest,1,0.4634183032,0.008540328951
2013-07-12,1,catboost,1,0.5676466553,0.009909878542
2013-07-12,1,logistic_regression,1,0.5274214383,0.009909878542
2013-07-12,1,majority_baseline,1,0.5747460087,0.009909878542
2013-07-12,1,random_forest,1,0.5036716616,0.009909878542
2013-07-15,1,catboost,1,0.5976504373,0.00802858251
2013-07-15,1,logistic_regression,1,0.5691824865,0.00802858251
2013-07-15,1,majority_baseline,1,0.5747460087,0.00802858251
2013-07-15,1,random_forest,1,0.5473967507,0.00802858251
2013-07-16,1,catboost,1,0.5186522833,0.009670457608
2013-07-16,1,logistic_regression,1,0.6307632575,0.009670457608
2013-07-16,1,majority_baseline,1,0.5747460087,0.009670457608
2013-07-16,1,random_forest,1,0.5295199297,0.009670457608
2013-07-17,1,catboost,1,0.6130008513,0.003393911346
2013-07-17,1,logistic_regression,1,0.6056870094,0.003393911346
2013-07-17,1,majority_baseline,1,0.5747460087,0.003393911346
2013-07-17,1,random_forest,1,0.5395585768,0.003393911346
2013-07-18,1,catboost,1,0.4536250267,0.0003552886939
2013-07-18,1,logistic_regression,1,0.6349515388,0.0003552886939
2013-07-18,1,majority_baseline,1,0.5747460087,0.0003552886939
2013-07-18,1,random_forest,1,0.52089231,0.0003552886939
2013-07-19,1,catboost,0,0.2756806702,-0.0003546586312
2013-07-19,1,logistic_regression,0,0.6052959593,-0.0003546586312
2013-07-19,1,majority_baseline,0,0.5747460087,-0.0003546586312
2013-07-19,1,random_forest,0,0.468322921,-0.0003546586312
2013-07-22,1,catboost,0,0.4044195925,-0.005368753392
2013-07-22,1,logistic_regression,0,0.6076483812,-0.005368753392
2013-07-22,1,majority_baseline,0,0.5747460087,-0.005368753392
2013-07-22,1,random_forest,0,0.5157214623,-0.005368753392
2013-07-23,1,catboost,0,0.7057538058,-0.003251762457
2013-07-23,1,logistic_regression,0,0.616442659,-0.003251762457
2013-07-23,1,majority_baseline,0,0.5747460087,-0.003251762457
2013-07-23,1,random_forest,0,0.5710934587,-0.003251762457
2013-07-24,1,catboost,1,0.80825101,0.001127476829
2013-07-24,1,logistic_regression,1,0.6349310455,0.001127476829
2013-07-24,1,majority_baseline,1,0.5747460087,0.001127476829
2013-07-24,1,random_forest,1,0.5997108738,0.001127476829
2013-07-25,1,catboost,1,0.7925201332,0.01024099375
2013-07-25,1,logistic_regression,1,0.5800701093,0.01024099375
2013-07-25,1,majority_baseline,1,0.5747460087,0.01024099375
2013-07-25,1,random_forest,1,0.6140049376,0.01024099375
2013-07-26,1,catboost,1,0.7239939823,0.01088047007
2013-07-26,1,logistic_regression,1,0.596645057,0.01088047007
2013-07-26,1,majority_baseline,1,0.5747460087,0.01088047007
2013-07-26,1,random_forest,1,0.5866705759,0.01088047007
2013-07-29,1,catboost,1,0.8199885617,0.01251557415
2013-07-29,1,logistic_regression,1,0.6145170694,0.01251557415
2013-07-29,1,majority_baseline,1,0.5747460087,0.01251557415
2013-07-29,1,random_forest,1,0.6485146882,0.01251557415
2013-07-30,1,catboost,1,0.7902144986,0.006761963491
2013-07-30,1,logistic_regression,1,0.6438742477,0.006761963491
2013-07-30,1,majority_baseline,1,0.5747460087,0.006761963491
2013-07-30,1,random_forest,1,0.6389777782,0.006761963491
2013-07-31,1,catboost,1,0.6985649896,0.00278576244
2013-07-31,1,logistic_regression,1,0.5600506537,0.00278576244
2013-07-31,1,majority_baseline,1,0.5747460087,0.00278576244
2013-07-31,1,random_forest,1,0.6110350553,0.00278576244
2013-08-01,1,catboost,0,0.7590623222,-0.005039262753
2013-08-01,1,logistic_regression,0,0.5215679365,-0.005039262753
2013-08-01,1,majority_baseline,0,0.5747460087,-0.005039262753
2013-08-01,1,random_forest,0,0.6249580049,-0.005039262753
2013-08-02,1,catboost,0,0.7788809184,-0.009593444456
2013-08-02,1,logistic_regression,0,0.5615211383,-0.009593444456
2013-08-02,1,majority_baseline,0,0.5747460087,-0.009593444456
2013-08-02,1,random_forest,0,0.664391684,-0.009593444456
2013-08-05,1,catboost,0,0.9186011947,-0.009314565488
2013-08-05,1,logistic_regression,0,0.6016105369,-0.009314565488
2013-08-05,1,majority_baseline,0,0.5747460087,-0.009314565488
2013-08-05,1,random_forest,0,0.7158006203,-0.009314565488
2013-08-06,1,catboost,0,0.8862489442,-0.0007069763922
2013-08-06,1,logistic_regression,0,0.6547994351,-0.0007069763922
2013-08-06,1,majority_baseline,0,0.5747460087,-0.0007069763922
2013-08-06,1,random_forest,0,0.658230658,-0.0007069763922
2013-08-07,1,catboost,0,0.8608012898,-0.002600704687
2013-08-07,1,logistic_regression,0,0.6114711716,-0.002600704687
2013-08-07,1,majority_baseline,0,0.5747460087,-0.002600704687
2013-08-07,1,random_forest,0,0.6827861283,-0.002600704687
2013-08-08,1,catboost,0,0.6726283033,-0.02014133179
2013-08-08,1,logistic_regression,0,0.6316872046,-0.02014133179
2013-08-08,1,majority_baseline,0,0.5747460087,-0.02014133179
2013-08-08,1,random_forest,0,0.5903200845,-0.02014133179
2013-08-09,1,catboost,0,0.5954168058,-0.02055398883
2013-08-09,1,logistic_regression,0,0.6302563868,-0.02055398883
2013-08-09,1,majority_baseline,0,0.5747460087,-0.02055398883
2013-08-09,1,random_forest,0,0.5922135237,-0.02055398883
2013-08-12,1,catboost,0,0.7970226533,-0.02566374717
2013-08-12,1,logistic_regression,0,0.6736490384,-0.02566374717
2013-08-12,1,majority_baseline,0,0.5747460087,-0.02566374717
2013-08-12,1,random_forest,0,0.6616084311,-0.02566374717
2013-08-13,1,catboost,0,0.7025988518,-0.02376038433
2013-08-13,1,logistic_regression,0,0.6736367042,-0.02376038433
2013-08-13,1,majority_baseline,0,0.5747460087,-0.02376038433
2013-08-13,1,random_forest,0,0.5898737645,-0.02376038433
2013-08-14,1,catboost,0,0.7507704862,-0.02477188434
2013-08-14,1,logistic_regression,0,0.6415901721,-0.02477188434
2013-08-14,1,majority_baseline,0,0.5747460087,-0.02477188434
2013-08-14,1,random_forest,0,0.6276209947,-0.02477188434
2013-08-15,1,catboost,0,0.9291421373,-0.001923351909
2013-08-15,1,logistic_regression,0,0.5911649715,-0.001923351909
2013-08-15,1,majority_baseline,0,0.5747460087,-0.001923351909
2013-08-15,1,random_forest,0,0.5879283442,-0.001923351909
2013-08-16,1,catboost,1,0.8418748983,0.004763874398
2013-08-16,1,logistic_regression,1,0.5463694425,0.004763874398
2013-08-16,1,majority_baseline,1,0.5747460087,0.004763874398
2013-08-16,1,random_forest,1,0.5211892482,0.004763874398
2013-08-19,1,catboost,1,0.8338454059,0.007464924852
2013-08-19,1,logistic_regression,1,0.612034503,0.007464924852
2013-08-19,1,majority_baseline,1,0.5747460087,0.007464924852
2013-08-19,1,random_forest,1,0.5458176006,0.007464924852
2013-08-20,1,catboost,0,0.8233549532,-0.01358859751
2013-08-20,1,logistic_regression,0,0.6568896758,-0.01358859751
2013-08-20,1,majority_baseline,0,0.5747460087,-0.01358859751
2013-08-20,1,random_forest,0,0.5157117754,-0.01358859751
2013-08-21,1,catboost,0,0.8080091581,-0.003949890067
2013-08-21,1,logistic_regression,0,0.6191822271,-0.003949890067
2013-08-21,1,majority_baseline,0,0.5747460087,-0.003949890067
2013-08-21,1,random_forest,0,0.5032847989,-0.003949890067
2013-08-22,1,catboost,0,0.5112401078,-0.01138142495
2013-08-22,1,logistic_regression,0,0.5482863286,-0.01138142495
2013-08-22,1,majority_baseline,0,0.5747460087,-0.01138142495
2013-08-22,1,random_forest,0,0.4693272493,-0.01138142495
2013-08-23,1,catboost,0,0.3580669388,-0.01782499872
2013-08-23,1,logistic_regression,0,0.5560227477,-0.01782499872
2013-08-23,1,majority_baseline,0,0.5747460087,-0.01782499872
2013-08-23,1,random_forest,0,0.4585437892,-0.01782499872
2013-08-26,1,catboost,0,0.3815705568,-0.009698798795
2013-08-26,1,logistic_regression,0,0.5639569865,-0.009698798795
2013-08-26,1,majority_baseline,0,0.5747460087,-0.009698798795
2013-08-26,1,random_forest,0,0.4792798237,-0.009698798795
2013-08-27,1,catboost,1,0.3146309436,0.01481661773
2013-08-27,1,logistic_regression,1,0.5910530241,0.01481661773
2013-08-27,1,majority_baseline,1,0.5747460087,0.01481661773
2013-08-27,1,random_forest,1,0.3511431803,0.01481661773
2013-08-28,1,catboost,1,0.2919212178,0.01250688154
2013-08-28,1,logistic_regression,1,0.5420497052,0.01250688154
2013-08-28,1,majority_baseline,1,0.5747460087,0.01250688154
2013-08-28,1,random_forest,1,0.3503020648,0.01250688154
2013-08-29,1,catboost,1,0.3137913248,0.01139060194
2013-08-29,1,logistic_regression,1,0.6153373147,0.01139060194
2013-08-29,1,majority_baseline,1,0.5747460087,0.01139060194
2013-08-29,1,random_forest,1,0.4069285051,0.01139060194
2013-08-30,1,catboost,1,0.5663898887,0.02432026366
2013-08-30,1,logistic_regression,1,0.6104718221,0.02432026366
2013-08-30,1,majority_baseline,1,0.5747460087,0.02432026366
2013-08-30,1,random_forest,1,0.4595666117,0.02432026366
2013-09-03,1,catboost,1,0.2593692067,0.0272522399
2013-09-03,1,logistic_regression,1,0.607010544,0.0272522399
2013-09-03,1,majority_baseline,1,0.5747460087,0.0272522399
2013-09-03,1,random_forest,1,0.4248737495,0.0272522399
2013-09-04,1,catboost,1,0.1986892129,0.02202107934
2013-09-04,1,logistic_regression,1,0.5652958096,0.02202107934
2013-09-04,1,majority_baseline,1,0.5747460087,0.02202107934
2013-09-04,1,random_forest,1,0.4199650033,0.02202107934
2013-09-05,1,catboost,1,0.4394908404,0.01801632971
2013-09-05,1,logistic_regression,1,0.5988819262,0.01801632971
2013-09-05,1,majority_baseline,1,0.5747460087,0.01801632971
2013-09-05,1,random_forest,1,0.5274479601,0.01801632971
2013-09-06,1,catboost,1,0.2556066104,0.01981455452
2013-09-06,1,logistic_regression,1,0.6521888959,0.01981455452
2013-09-06,1,majority_baseline,1,0.5747460087,0.01981455452
2013-09-06,1,random_forest,1,0.4187203684,0.01981455452
2013-09-09,1,catboost,1,0.3436988072,0.0159875477
2013-09-09,1,logistic_regression,1,0.5150730458,0.0159875477
2013-09-09,1,majority_baseline,1,0.5747460087,0.0159875477
2013-09-09,1,random_forest,1,0.4730517514,0.0159875477
2013-09-10,1,catboost,1,0.430087721,0.01302784547
2013-09-10,1,logistic_regression,1,0.5347723167,0.01302784547
2013-09-10,1,majority_baseline,1,0.5747460087,0.01302784547
2013-09-10,1,random_forest,1,0.5011395847,0.01302784547
2013-09-11,1,catboost,1,0.1195537601,0.02154669027
2013-09-11,1,logistic_regression,1,0.590292486,0.02154669027
2013-09-11,1,majority_baseline,1,0.5747460087,0.02154669027
2013-09-11,1,random_forest,1,0.3785632333,0.02154669027
2013-09-12,1,catboost,1,0.1597148959,0.02255103682
2013-09-12,1,logistic_regression,1,0.6011073886,0.02255103682
2013-09-12,1,majority_baseline,1,0.5747460087,0.02255103682
2013-09-12,1,random_forest,1,0.4524698393,0.02255103682
2013-09-13,1,catboost,1,0.2399012221,0.008208819378
2013-09-13,1,logistic_regression,1,0.6121325028,0.008208819378
2013-09-13,1,majority_baseline,1,0.5747460087,0.008208819378
2013-09-13,1,random_forest,1,0.4555855828,0.008208819378
2013-09-16,1,catboost,0,0.1480510158,-0.002231254215
2013-09-16,1,logistic_regression,0,0.6429167199,-0.002231254215
2013-09-16,1,majority_baseline,0,0.5747460087,-0.002231254215
2013-09-16,1,random_forest,0,0.3826756694,-0.002231254215
2013-09-17,1,catboost,0,0.2136859118,-0.00900221216
2013-09-17,1,logistic_regression,0,0.6070633628,-0.00900221216
2013-09-17,1,majority_baseline,0,0.5747460087,-0.00900221216
2013-09-17,1,random_forest,0,0.4553781598,-0.00900221216
2013-09-18,1,catboost,0,0.3977227058,-0.02317254971
2013-09-18,1,logistic_regression,0,0.6248747433,-0.02317254971
2013-09-18,1,majority_baseline,0,0.5747460087,-0.02317254971
2013-09-18,1,random_forest,0,0.3813489059,-0.02317254971
2013-09-19,1,catboost,0,0.08806158332,-0.01777027204
2013-09-19,1,logistic_regression,0,0.4768627697,-0.01777027204
2013-09-19,1,majority_baseline,0,0.5747460087,-0.01777027204
2013-09-19,1,random_forest,0,0.3556042101,-0.01777027204
2013-09-20,1,catboost,0,0.3886781163,-0.01060214086
2013-09-20,1,logistic_regression,0,0.5640605865,-0.01060214086
2013-09-20,1,majority_baseline,0,0.5747460087,-0.01060214086
2013-09-20,1,random_forest,0,0.4498730972,-0.01060214086
2013-09-23,1,catboost,0,0.3512921628,-0.01129875997
2013-09-23,1,logistic_regression,0,0.5973946163,-0.01129875997
2013-09-23,1,majority_baseline,0,0.5747460087,-0.01129875997
2013-09-23,1,random_forest,0,0.4791475478,-0.01129875997
2013-09-24,1,catboost,0,0.2601173393,-0.001120760345
2013-09-24,1,logistic_regression,0,0.6162962477,-0.001120760345
2013-09-24,1,majority_baseline,0,0.5747460087,-0.001120760345
2013-09-24,1,random_forest,0,0.4677009099,-0.001120760345
2013-09-25,1,catboost,1,0.903217559,0.0008282028251
2013-09-25,1,logistic_regression,1,0.6372643286,0.0008282028251
2013-09-25,1,majority_baseline,1,0.5747460087,0.0008282028251
2013-09-25,1,random_forest,1,0.6230200102,0.0008282028251
2013-09-26,1,catboost,0,0.8453360945,-0.01219875815
2013-09-26,1,logistic_regression,0,0.6519903734,-0.01219875815
2013-09-26,1,majority_baseline,0,0.5747460087,-0.01219875815
2013-09-26,1,random_forest,0,0.5885550419,-0.01219875815
2013-09-27,1,catboost,0,0.8337014791,-0.0001184317066
2013-09-27,1,logistic_regression,0,0.6306340271,-0.0001184317066
2013-09-27,1,majority_baseline,0,0.5747460087,-0.0001184317066
2013-09-27,1,random_forest,0,0.6434978768,-0.0001184317066
2013-09-30,1,catboost,0,0.7231285321,-0.003452186292
2013-09-30,1,logistic_regression,0,0.5913540327,-0.003452186292
2013-09-30,1,majority_baseline,0,0.5747460087,-0.003452186292
2013-09-30,1,random_forest,0,0.5310108178,-0.003452186292
2013-10-01,1,catboost,0,0.285263978,-0.02279438222
2013-10-01,1,logistic_regression,0,0.5417683806,-0.02279438222
2013-10-01,1,majority_baseline,0,0.5747460087,-0.02279438222
2013-10-01,1,random_forest,0,0.4159944662,-0.02279438222
2013-10-02,1,catboost,0,0.344139704,-0.02116081543
2013-10-02,1,logistic_regression,0,0.5198189959,-0.02116081543
2013-10-02,1,majority_baseline,0,0.5747460087,-0.02116081543
2013-10-02,1,random_forest,0,0.4554193229,-0.02116081543
2013-10-03,1,catboost,1,0.3754960955,0.009247125315
2013-10-03,1,logistic_regression,1,0.5486430624,0.009247125315
2013-10-03,1,majority_baseline,1,0.5747460087,0.009247125315
2013-10-03,1,random_forest,1,0.3907418636,0.009247125315
2013-10-04,1,catboost,1,0.4180904147,0.008111759754
2013-10-04,1,logistic_regression,1,0.5632047716,0.008111759754
2013-10-04,1,majority_baseline,1,0.5747460087,0.008111759754
2013-10-04,1,random_forest,1,0.4365386585,0.008111759754
2013-10-07,1,catboost,1,0.4045691568,0.0209640438
2013-10-07,1,logistic_regression,1,0.59328839,0.0209640438
2013-10-07,1,majority_baseline,1,0.5747460087,0.0209640438
2013-10-07,1,random_forest,1,0.4155472633,0.0209640438
2013-10-08,1,catboost,1,0.4541400517,0.0255015791
2013-10-08,1,logistic_regression,1,0.6484787102,0.0255015791
2013-10-08,1,majority_baseline,1,0.5747460087,0.0255015791
2013-10-08,1,random_forest,1,0.3767991909,0.0255015791
2013-10-09,1,catboost,1,0.3174051623,0.03907005412
2013-10-09,1,logistic_regression,1,0.5866359429,0.03907005412
2013-10-09,1,majority_baseline,1,0.5747460087,0.03907005412
2013-10-09,1,random_forest,1,0.3477085263,0.03907005412
2013-10-10,1,catboost,1,0.4501437757,0.02394043296
2013-10-10,1,logistic_regression,1,0.5028036977,0.02394043296
2013-10-10,1,majority_baseline,1,0.5747460087,0.02394043296
2013-10-10,1,random_forest,1,0.4397962957,0.02394043296
2013-10-11,1,catboost,1,0.3963034529,0.02425704824
2013-10-11,1,logistic_regression,1,0.5421673952,0.02425704824
2013-10-11,1,majority_baseline,1,0.5747460087,0.02425704824
2013-10-11,1,random_forest,1,0.4281038082,0.02425704824
2013-10-14,1,catboost,1,0.2630249162,0.02024097023
2013-10-14,1,logistic_regression,1,0.5820336704,0.02024097023
2013-10-14,1,majority_baseline,1,0.5747460087,0.02024097023
2013-10-14,1,random_forest,1,0.4086094574,0.02024097023
2013-10-15,1,catboost,1,0.4190256768,0.03364765412
2013-10-15,1,logistic_regression,1,0.5089013235,0.03364765412
2013-10-15,1,majority_baseline,1,0.5747460087,0.03364765412
2013-10-15,1,random_forest,1,0.4468487995,0.03364765412
2013-10-16,1,catboost,1,0.6155603902,0.01452897015
2013-10-16,1,logistic_regression,1,0.4553739778,0.01452897015
2013-10-16,1,majority_baseline,1,0.5747460087,0.01452897015
2013-10-16,1,random_forest,1,0.4911865797,0.01452897015
2013-10-17,1,catboost,1,0.4185962586,0.01114185825
2013-10-17,1,logistic_regression,1,0.5405609046,0.01114185825
2013-10-17,1,majority_baseline,1,0.5747460087,0.01114185825
2013-10-17,1,random_forest,1,0.458061531,0.01114185825
2013-10-18,1,catboost,1,0.4748046654,0.008945452752
2013-10-18,1,logistic_regression,1,0.5231937348,0.008945452752
2013-10-18,1,majority_baseline,1,0.5747460087,0.008945452752
2013-10-18,1,random_forest,1,0.435884843,0.008945452752
2013-10-21,1,catboost,1,0.4010792425,0.01049312995
2013-10-21,1,logistic_regression,1,0.5670985801,0.01049312995
2013-10-21,1,majority_baseline,1,0.5747460087,0.01049312995
2013-10-21,1,random_forest,1,0.4668827541,0.01049312995
2013-10-22,1,catboost,1,0.3934838846,0.01003360392
2013-10-22,1,logistic_regression,1,0.6007375845,0.01003360392
2013-10-22,1,majority_baseline,1,0.5747460087,0.01003360392
2013-10-22,1,random_forest,1,0.4175999903,0.01003360392
2013-10-23,1,catboost,1,0.6363322023,0.00985270051
2013-10-23,1,logistic_regression,1,0.6206615801,0.00985270051
2013-10-23,1,majority_baseline,1,0.5747460087,0.00985270051
2013-10-23,1,random_forest,1,0.5448737416,0.00985270051
2013-10-24,1,catboost,1,0.7674905693,0.003654007549
2013-10-24,1,logistic_regression,1,0.6273603318,0.003654007549
2013-10-24,1,majority_baseline,1,0.5747460087,0.003654007549
2013-10-24,1,random_forest,1,0.5774054435,0.003654007549
2013-10-25,1,catboost,1,0.5964946206,0.00147774825
2013-10-25,1,logistic_regression,1,0.645838006,0.00147774825
2013-10-25,1,majority_baseline,1,0.5747460087,0.00147774825
2013-10-25,1,random_forest,1,0.54333328,0.00147774825
2013-10-28,1,catboost,1,0.5933710518,0.003404676358
2013-10-28,1,logistic_regression,1,0.6006357841,0.003404676358
2013-10-28,1,majority_baseline,1,0.5747460087,0.003404676358
2013-10-28,1,random_forest,1,0.5346843649,0.003404676358
2013-10-29,1,catboost,0,0.5582139846,-0.005079832416
2013-10-29,1,logistic_regression,0,0.6390747947,-0.005079832416
2013-10-29,1,majority_baseline,0,0.5747460087,-0.005079832416
2013-10-29,1,random_forest,0,0.4928348664,-0.005079832416
2013-10-30,1,catboost,1,0.5542312477,0.004991802901
2013-10-30,1,logistic_regression,1,0.6019612452,0.004991802901
2013-10-30,1,majority_baseline,1,0.5747460087,0.004991802901
2013-10-30,1,random_forest,1,0.5290998663,0.004991802901
2013-10-31,1,catboost,0,0.6614749517,-0.004892204521
2013-10-31,1,logistic_regression,0,0.54747093,-0.004892204521
2013-10-31,1,majority_baseline,0,0.5747460087,-0.004892204521
2013-10-31,1,random_forest,0,0.5607568076,-0.004892204521
2013-11-01,1,catboost,1,0.5787725656,0.006128974286
2013-11-01,1,logistic_regression,1,0.5493996107,0.006128974286
2013-11-01,1,majority_baseline,1,0.5747460087,0.006128974286
2013-11-01,1,random_forest,1,0.5464779313,0.006128974286
2013-11-04,1,catboost,1,0.7593312045,0.002771054092
2013-11-04,1,logistic_regression,1,0.5731981845,0.002771054092
2013-11-04,1,majority_baseline,1,0.5747460087,0.002771054092
2013-11-04,1,random_forest,1,0.6091050321,0.002771054092
2013-11-05,1,catboost,1,0.4250009857,0.003914462944
2013-11-05,1,logistic_regression,1,0.6191188524,0.003914462944
2013-11-05,1,majority_baseline,1,0.5747460087,0.003914462944
2013-11-05,1,random_forest,1,0.5023401831,0.003914462944
2013-11-06,1,catboost,1,0.7145935038,0.006829636577
2013-11-06,1,logistic_regression,1,0.6112695253,0.006829636577
2013-11-06,1,majority_baseline,1,0.5747460087,0.006829636577
2013-11-06,1,random_forest,1,0.6170055508,0.006829636577
2013-11-07,1,catboost,1,0.7152257547,0.02480999132
2013-11-07,1,logistic_regression,1,0.6168569169,0.02480999132
2013-11-07,1,majority_baseline,1,0.5747460087,0.02480999132
2013-11-07,1,random_forest,1,0.5142568897,0.02480999132
2013-11-08,1,catboost,1,0.3503606147,0.01556776978
2013-11-08,1,logistic_regression,1,0.5578377574,0.01556776978
2013-11-08,1,majority_baseline,1,0.5747460087,0.01556776978
2013-11-08,1,random_forest,1,0.4955422983,0.01556776978
2013-11-11,1,catboost,1,0.68703365,0.01184294391
2013-11-11,1,logistic_regression,1,0.5764319446,0.01184294391
2013-11-11,1,majority_baseline,1,0.5747460087,0.01184294391
2013-11-11,1,random_forest,1,0.5845678814,0.01184294391
2013-11-12,1,catboost,1,0.6716743369,0.01169751368
2013-11-12,1,logistic_regression,1,0.6202718372,0.01169751368
2013-11-12,1,majority_baseline,1,0.5747460087,0.01169751368
2013-11-12,1,random_forest,1,0.5553869566,0.01169751368
2013-11-13,1,catboost,1,0.5801165208,0.0005045201117
2013-11-13,1,logistic_regression,1,0.6319917672,0.0005045201117
2013-11-13,1,majority_baseline,1,0.5747460087,0.0005045201117
2013-11-13,1,random_forest,1,0.5990820547,0.0005045201117
2013-11-14,1,catboost,1,0.6119622024,0.003570030594
2013-11-14,1,logistic_regression,1,0.5402662631,0.003570030594
2013-11-14,1,majority_baseline,1,0.5747460087,0.003570030594
2013-11-14,1,random_forest,1,0.535266365,0.003570030594
2013-11-15,1,catboost,1,0.5657745074,0.004221019089
2013-11-15,1,logistic_regression,1,0.5611130003,0.004221019089
2013-11-15,1,majority_baseline,1,0.5747460087,0.004221019089
2013-11-15,1,random_forest,1,0.5616488132,0.004221019089
2013-11-18,1,catboost,1,0.7145776967,0.006743990147
2013-11-18,1,logistic_regression,1,0.5695487043,0.006743990147
2013-11-18,1,majority_baseline,1,0.5747460087,0.006743990147
2013-11-18,1,random_forest,1,0.6617135267,0.006743990147
2013-11-19,1,catboost,1,0.8149661578,0.009216298448
2013-11-19,1,logistic_regression,1,0.5839131105,0.009216298448
2013-11-19,1,majority_baseline,1,0.5747460087,0.009216298448
2013-11-19,1,random_forest,1,0.6831367572,0.009216298448
2013-11-20,1,catboost,1,0.8236584351,0.01484839963
2013-11-20,1,logistic_regression,1,0.602694055,0.01484839963
2013-11-20,1,majority_baseline,1,0.5747460087,0.01484839963
2013-11-20,1,random_forest,1,0.6173100999,0.01484839963
2013-11-21,1,catboost,1,0.6776410659,0.006058564158
2013-11-21,1,logistic_regression,1,0.6304801572,0.006058564158
2013-11-21,1,majority_baseline,1,0.5747460087,0.006058564158
2013-11-21,1,random_forest,1,0.5795020492,0.006058564158
2013-11-22,1,catboost,0,0.6990429977,-0.001548580298
2013-11-22,1,logistic_regression,0,0.6234418988,-0.001548580298
2013-11-22,1,majority_baseline,0,0.5747460087,-0.001548580298
2013-11-22,1,random_forest,0,0.591129208,-0.001548580298
2013-11-25,1,catboost,0,0.8075629052,-0.004871864453
2013-11-25,1,logistic_regression,0,0.6210494732,-0.004871864453
2013-11-25,1,majority_baseline,0,0.5747460087,-0.004871864453
2013-11-25,1,random_forest,0,0.6571568618,-0.004871864453
2013-11-26,1,catboost,0,0.8354328612,-0.005257898154
2013-11-26,1,logistic_regression,0,0.6243433876,-0.005257898154
2013-11-26,1,majority_baseline,0,0.5747460087,-0.005257898154
2013-11-26,1,random_forest,0,0.6813109374,-0.005257898154
2013-11-27,1,catboost,0,0.8921430176,-0.0120361791
2013-11-27,1,logistic_regression,0,0.5935577265,-0.0120361791
2013-11-27,1,majority_baseline,0,0.5747460087,-0.0120361791
2013-11-27,1,random_forest,0,0.7183490736,-0.0120361791
2013-11-29,1,catboost,0,0.9208585609,-0.000331478453
2013-11-29,1,logistic_regression,0,0.6326690233,-0.000331478453
2013-11-29,1,majority_baseline,0,0.5747460087,-0.000331478453
2013-11-29,1,random_forest,0,0.7543386708,-0.000331478453
2013-12-02,1,catboost,1,0.8789684021,0.004819116522
2013-12-02,1,logistic_regression,1,0.6440438277,0.004819116522
2013-12-02,1,majority_baseline,1,0.5747460087,0.004819116522
2013-12-02,1,random_forest,1,0.6761673407,0.004819116522
2013-12-03,1,catboost,1,0.7915799605,0.005563282337
2013-12-03,1,logistic_regression,1,0.577181097,0.005563282337
2013-12-03,1,majority_baseline,1,0.5747460087,0.005563282337
2013-12-03,1,random_forest,1,0.626575685,0.005563282337
2013-12-04,1,catboost,0,0.8275851054,-0.005619509955
2013-12-04,1,logistic_regression,0,0.5891150734,-0.005619509955
2013-12-04,1,majority_baseline,0,0.5747460087,-0.005619509955
2013-12-04,1,random_forest,0,0.6201673851,-0.005619509955
2013-12-05,1,catboost,0,0.8022835686,-0.004526642948
2013-12-05,1,logistic_regression,0,0.5987426012,-0.004526642948
2013-12-05,1,majority_baseline,0,0.5747460087,-0.004526642948
2013-12-05,1,random_forest,0,0.6496587203,-0.004526642948
2013-12-06,1,catboost,0,0.7756198938,-0.01564055357
2013-12-06,1,logistic_regression,0,0.5521373794,-0.01564055357
2013-12-06,1,majority_baseline,0,0.5747460087,-0.01564055357
2013-12-06,1,random_forest,0,0.6173563724,-0.01564055357
2013-12-09,1,catboost,0,0.8718136476,-0.01201760073
2013-12-09,1,logistic_regression,0,0.5701498596,-0.01201760073
2013-12-09,1,majority_baseline,0,0.5747460087,-0.01201760073
2013-12-09,1,random_forest,0,0.6921251391,-0.01201760073
2013-12-10,1,catboost,0,0.8898869146,-0.01161829101
2013-12-10,1,logistic_regression,0,0.6083919259,-0.01161829101
2013-12-10,1,majority_baseline,0,0.5747460087,-0.01161829101
2013-12-10,1,random_forest,0,0.6894847229,-0.01161829101
2013-12-11,1,catboost,1,0.9050042246,0.01667410295
2013-12-11,1,logistic_regression,1,0.5956771794,0.01667410295
2013-12-11,1,majority_baseline,1,0.5747460087,0.01667410295
2013-12-11,1,random_forest,1,0.6073293039,0.01667410295
2013-12-12,1,catboost,1,0.7217642659,0.01886263127
2013-12-12,1,logistic_regression,1,0.540148769,0.01886263127
2013-12-12,1,majority_baseline,1,0.5747460087,0.01886263127
2013-12-12,1,random_forest,1,0.5429698582,0.01886263127
2013-12-13,1,catboost,1,0.8812198383,0.01937003531
2013-12-13,1,logistic_regression,1,0.5902534079,0.01937003531
2013-12-13,1,majority_baseline,1,0.5747460087,0.01937003531
2013-12-13,1,random_forest,1,0.6089752505,0.01937003531
2013-12-16,1,catboost,1,0.6630348497,0.01846890736
2013-12-16,1,logistic_regression,1,0.613227419,0.01846890736
2013-12-16,1,majority_baseline,1,0.5747460087,0.01846890736
2013-12-16,1,random_forest,1,0.5790953358,0.01846890736
2013-12-17,1,catboost,1,0.4919260737,0.02395745282
2013-12-17,1,logistic_regression,1,0.6280015977,0.02395745282
2013-12-17,1,majority_baseline,1,0.5747460087,0.02395745282
2013-12-17,1,random_forest,1,0.5572914136,0.02395745282
2013-12-18,1,catboost,1,0.700260203,0.01188774759
2013-12-18,1,logistic_regression,1,0.6142047832,0.01188774759
2013-12-18,1,majority_baseline,1,0.5747460087,0.01188774759
2013-12-18,1,random_forest,1,0.4571235112,0.01188774759
2013-12-19,1,catboost,1,0.3783783346,0.01300347418
2013-12-19,1,logistic_regression,1,0.4565512481,0.01300347418
2013-12-19,1,majority_baseline,1,0.5747460087,0.01300347418
2013-12-19,1,random_forest,1,0.4698868779,0.01300347418
2013-12-20,1,catboost,1,0.3456916255,0.01244772929
2013-12-20,1,logistic_regression,1,0.4794009564,0.01244772929
2013-12-20,1,majority_baseline,1,0.5747460087,0.01244772929
2013-12-20,1,random_forest,1,0.408052908,0.01244772929
2013-12-23,1,catboost,1,0.4663587634,0.01183369098
2013-12-23,1,logistic_regression,1,0.4957461872,0.01183369098
2013-12-23,1,majority_baseline,1,0.5747460087,0.01183369098
2013-12-23,1,random_forest,1,0.4933731668,0.01183369098
2013-12-24,1,catboost,0,0.5879035361,-5.463565516e-05
2013-12-24,1,logistic_regression,0,0.5321251235,-5.463565516e-05
2013-12-24,1,majority_baseline,0,0.5747460087,-5.463565516e-05
2013-12-24,1,random_forest,0,0.5361879889,-5.463565516e-05
2013-12-26,1,catboost,0,0.3995687252,-0.0052757598
2013-12-26,1,logistic_regression,0,0.6619869997,-0.0052757598
2013-12-26,1,majority_baseline,0,0.5747460087,-0.0052757598
2013-12-26,1,random_forest,0,0.4910883927,-0.0052757598
2013-12-27,1,catboost,0,0.4503229341,-0.008104462608
2013-12-27,1,logistic_regression,0,0.6260336622,-0.008104462608
2013-12-27,1,majority_baseline,0,0.5747460087,-0.008104462608
2013-12-27,1,random_forest,0,0.5156075042,-0.008104462608
2013-12-30,1,catboost,0,0.5590418207,-0.001849698545
2013-12-30,1,logistic_regression,0,0.6299667403,-0.001849698545
2013-12-30,1,majority_baseline,0,0.5747460087,-0.001849698545
2013-12-30,1,random_forest,0,0.5232369994,-0.001849698545
2013-12-31,1,catboost,0,0.2871921912,-0.006334929259
2013-12-31,1,logistic_regression,0,0.6536188717,-0.006334929259
2013-12-31,1,majority_baseline,0,0.5747460087,-0.006334929259
2013-12-31,1,random_forest,0,0.4709840683,-0.006334929259
2014-01-02,1,catboost,1,0.3599069654,0.003936153548
2014-01-02,1,logistic_regression,1,0.6432058086,0.003936153548
2014-01-02,1,majority_baseline,1,0.5747460087,0.003936153548
2014-01-02,1,random_forest,1,0.4769737306,0.003936153548
2014-01-03,1,catboost,1,0.3822980836,0.006834709411
2014-01-03,1,logistic_regression,1,0.5948951038,0.006834709411
2014-01-03,1,majority_baseline,1,0.5747460087,0.006834709411
2014-01-03,1,random_forest,1,0.4909629479,0.006834709411
2014-01-06,1,catboost,0,0.3099039187,-0.003674041444
2014-01-06,1,logistic_regression,0,0.6375803486,-0.003674041444
2014-01-06,1,majority_baseline,0,0.5747460087,-0.003674041444
2014-01-06,1,random_forest,0,0.4303546308,-0.003674041444
2014-01-07,1,catboost,1,0.3893873486,0.001035548858
2014-01-07,1,logistic_regression,1,0.5983755739,0.001035548858
2014-01-07,1,majority_baseline,1,0.5747460087,0.001035548858
2014-01-07,1,random_forest,1,0.4881648556,0.001035548858
2014-01-08,1,catboost,1,0.3059723867,0.006211853603
2014-01-08,1,logistic_regression,1,0.6127041349,0.006211853603
2014-01-08,1,majority_baseline,1,0.5747460087,0.006211853603
2014-01-08,1,random_forest,1,0.478639879,0.006211853603
2014-01-09,1,catboost,1,0.258541623,0.004247434124
2014-01-09,1,logistic_regression,1,0.5814050657,0.004247434124
2014-01-09,1,majority_baseline,1,0.5747460087,0.004247434124
2014-01-09,1,random_forest,1,0.4213380944,0.004247434124
2014-01-10,1,catboost,0,0.5635660644,-0.002715325305
2014-01-10,1,logistic_regression,0,0.5702148794,-0.002715325305
2014-01-10,1,majority_baseline,0,0.5747460087,-0.002715325305
2014-01-10,1,random_forest,0,0.5491798898,-0.002715325305
2014-01-13,1,catboost,1,0.4686104504,0.01370460822
2014-01-13,1,logistic_regression,1,0.5886258239,0.01370460822
2014-01-13,1,majority_baseline,1,0.5747460087,0.01370460822
2014-01-13,1,random_forest,1,0.437781237,0.01370460822
2014-01-14,1,catboost,1,0.2924010062,0.003430091502
2014-01-14,1,logistic_regression,1,0.5638527138,0.003430091502
2014-01-14,1,majority_baseline,1,0.5747460087,0.003430091502
2014-01-14,1,random_forest,1,0.4036221136,0.003430091502
2014-01-15,1,catboost,0,0.2066267292,-0.01012677549
2014-01-15,1,logistic_regression,0,0.5431756598,-0.01012677549
2014-01-15,1,majority_baseline,0,0.5747460087,-0.01012677549
2014-01-15,1,random_forest,0,0.3784791795,-0.01012677549
2014-01-16,1,catboost,0,0.3988824812,-0.02998589553
2014-01-16,1,logistic_regression,0,0.5700374201,-0.02998589553
2014-01-16,1,majority_baseline,0,0.5747460087,-0.02998589553
2014-01-16,1,random_forest,0,0.4981739989,-0.02998589553
2014-01-17,1,catboost,0,0.6945884622,-0.03065783554
2014-01-17,1,logistic_regression,0,0.6321384919,-0.03065783554
2014-01-17,1,majority_baseline,0,0.5747460087,-0.03065783554
2014-01-17,1,random_forest,0,0.5846269803,-0.03065783554
2014-01-21,1,catboost,0,0.5818354691,-0.02774451951
2014-01-21,1,logistic_regression,0,0.5761957435,-0.02774451951
2014-01-21,1,majority_baseline,0,0.5747460087,-0.02774451951
2014-01-21,1,random_forest,0,0.5247206744,-0.02774451951
2014-01-22,1,catboost,0,0.6951354041,-0.03771023811
2014-01-22,1,logistic_regression,0,0.5959029695,-0.03771023811
2014-01-22,1,majority_baseline,0,0.5747460087,-0.03771023811
2014-01-22,1,random_forest,0,0.598883793,-0.03771023811
2014-01-23,1,catboost,0,0.7437985986,-0.01947588889
2014-01-23,1,logistic_regression,0,0.648108741,-0.01947588889
2014-01-23,1,majority_baseline,0,0.5747460087,-0.01947588889
2014-01-23,1,random_forest,0,0.5895266616,-0.01947588889
2014-01-24,1,catboost,0,0.5137158982,-0.003968956914
2014-01-24,1,logistic_regression,0,0.5707628073,-0.003968956914
2014-01-24,1,majority_baseline,0,0.5747460087,-0.003968956914
2014-01-24,1,random_forest,0,0.3846735967,-0.003968956914
2014-01-27,1,catboost,0,0.2736965429,-0.02157180169
2014-01-27,1,logistic_regression,0,0.5626507237,-0.02157180169
2014-01-27,1,majority_baseline,0,0.5747460087,-0.02157180169
2014-01-27,1,random_forest,0,0.355622126,-0.02157180169
2014-01-28,1,catboost,0,0.7349429808,-0.02055066594
2014-01-28,1,logistic_regression,0,0.6224221768,-0.02055066594
2014-01-28,1,majority_baseline,0,0.5747460087,-0.02055066594
2014-01-28,1,random_forest,0,0.4121187087,-0.02055066594
2014-01-29,1,catboost,0,0.580630724,-0.01229212193
2014-01-29,1,logistic_regression,0,0.6235044418,-0.01229212193
2014-01-29,1,majority_baseline,0,0.5747460087,-0.01229212193
2014-01-29,1,random_forest,0,0.4250942412,-0.01229212193
2014-01-30,1,catboost,0,0.6137087237,-0.009763990638
2014-01-30,1,logistic_regression,0,0.5645526092,-0.009763990638
2014-01-30,1,majority_baseline,0,0.5747460087,-0.009763990638
2014-01-30,1,random_forest,0,0.4164373815,-0.009763990638
2014-01-31,1,catboost,1,0.2443338119,0.008418453594
2014-01-31,1,logistic_regression,1,0.5338508339,0.008418453594
2014-01-31,1,majority_baseline,1,0.5747460087,0.008418453594
2014-01-31,1,random_forest,1,0.3435612149,0.008418453594
2014-02-03,1,catboost,1,0.3396325538,0.03353043785
2014-02-03,1,logistic_regression,1,0.5448907928,0.03353043785
2014-02-03,1,majority_baseline,1,0.5747460087,0.03353043785
2014-02-03,1,random_forest,1,0.4762353975,0.03353043785
2014-02-04,1,catboost,1,0.3719034931,0.03757338687
2014-02-04,1,logistic_regression,1,0.5268594607,0.03757338687
2014-02-04,1,majority_baseline,1,0.5747460087,0.03757338687
2014-02-04,1,random_forest,1,0.4373764839,0.03757338687
2014-02-05,1,catboost,1,0.376892212,0.03939035891
2014-02-05,1,logistic_regression,1,0.5146199304,0.03939035891
2014-02-05,1,majority_baseline,1,0.5747460087,0.03939035891
2014-02-05,1,random_forest,1,0.4235450527,0.03939035891
2014-02-06,1,catboost,1,0.6401049195,0.03115843438
2014-02-06,1,logistic_regression,1,0.5650396234,0.03115843438
2014-02-06,1,majority_baseline,1,0.5747460087,0.03115843438
2014-02-06,1,random_forest,1,0.4598916693,0.03115843438
2014-02-07,1,catboost,1,0.7986552923,0.02415411719
2014-02-07,1,logistic_regression,1,0.5677294401,0.02415411719
2014-02-07,1,majority_baseline,1,0.5747460087,0.02415411719
2014-02-07,1,random_forest,1,0.5414446178,0.02415411719
2014-02-10,1,catboost,1,0.8382215863,0.02349875634
2014-02-10,1,logistic_regression,1,0.4748740024,0.02349875634
2014-02-10,1,majority_baseline,1,0.5747460087,0.02349875634
2014-02-10,1,random_forest,1,0.5917068638,0.02349875634
2014-02-11,1,catboost,1,0.6650904105,0.00571496112
2014-02-11,1,logistic_regression,1,0.5440404789,0.00571496112
2014-02-11,1,majority_baseline,1,0.5747460087,0.00571496112
2014-02-11,1,random_forest,1,0.524813283,0.00571496112
2014-02-12,1,catboost,1,0.7651737133,0.01114955082
2014-02-12,1,logistic_regression,1,0.503864712,0.01114955082
2014-02-12,1,majority_baseline,1,0.5747460087,0.01114955082
2014-02-12,1,random_forest,1,0.5479086082,0.01114955082
2014-02-13,1,catboost,1,0.6910237455,0.00480850733
2014-02-13,1,logistic_regression,1,0.5620723105,0.00480850733
2014-02-13,1,majority_baseline,1,0.5747460087,0.00480850733
2014-02-13,1,random_forest,1,0.5178376828,0.00480850733
2014-02-14,1,catboost,1,0.5392839483,0.004836427449
2014-02-14,1,logistic_regression,1,0.5793828962,0.004836427449
2014-02-14,1,majority_baseline,1,0.5747460087,0.004836427449
2014-02-14,1,random_forest,1,0.483525653,0.004836427449
2014-02-18,1,catboost,1,0.5762786411,0.003256571766
2014-02-18,1,logistic_regression,1,0.6172584045,0.003256571766
2014-02-18,1,majority_baseline,1,0.5747460087,0.003256571766
2014-02-18,1,random_forest,1,0.5073687273,0.003256571766
2014-02-19,1,catboost,1,0.6990796546,0.009998916823
2014-02-19,1,logistic_regression,1,0.6900240728,0.009998916823
2014-02-19,1,majority_baseline,1,0.5747460087,0.009998916823
2014-02-19,1,random_forest,1,0.5635922046,0.009998916823
2014-02-20,1,catboost,1,0.6745292494,0.009342754715
2014-02-20,1,logistic_regression,1,0.6517523671,0.009342754715
2014-02-20,1,majority_baseline,1,0.5747460087,0.009342754715
2014-02-20,1,random_forest,1,0.5118760332,0.009342754715
2014-02-21,1,catboost,1,0.671692122,0.01305124753
2014-02-21,1,logistic_regression,1,0.6217000243,0.01305124753
2014-02-21,1,majority_baseline,1,0.5747460087,0.01305124753
2014-02-21,1,random_forest,1,0.5453434047,0.01305124753
2014-02-24,1,catboost,1,0.4864880098,0.0003785192721
2014-02-24,1,logistic_regression,1,0.615615937,0.0003785192721
2014-02-24,1,majority_baseline,1,0.5747460087,0.0003785192721
2014-02-24,1,random_forest,1,0.5124789264,0.0003785192721
2014-02-25,1,catboost,1,0.4271248181,0.0148236613
2014-02-25,1,logistic_regression,1,0.597368936,0.0148236613
2014-02-25,1,majority_baseline,1,0.5747460087,0.0148236613
2014-02-25,1,random_forest,1,0.5229027474,0.0148236613
2014-02-26,1,catboost,1,0.367742255,0.01568836248
2014-02-26,1,logistic_regression,1,0.5595517753,0.01568836248
2014-02-26,1,majority_baseline,1,0.5747460087,0.01568836248
2014-02-26,1,random_forest,1,0.4956420981,0.01568836248
2014-02-27,1,catboost,1,0.3447304616,0.01270038374
2014-02-27,1,logistic_regression,1,0.5874673171,0.01270038374
2014-02-27,1,majority_baseline,1,0.5747460087,0.01270038374
2014-02-27,1,random_forest,1,0.4895306679,0.01270038374
2014-02-28,1,catboost,1,0.2852327457,0.01057491691
2014-02-28,1,logistic_regression,1,0.5804971757,0.01057491691
2014-02-28,1,majority_baseline,1,0.5747460087,0.01057491691
2014-02-28,1,random_forest,1,0.4700953315,0.01057491691
2014-03-03,1,catboost,1,0.4301825165,0.01719109133
2014-03-03,1,logistic_regression,1,0.5173200492,0.01719109133
2014-03-03,1,majority_baseline,1,0.5747460087,0.01719109133
2014-03-03,1,random_forest,1,0.4825437781,0.01719109133
2014-03-04,1,catboost,0,0.4799389964,-0.001865903063
2014-03-04,1,logistic_regression,0,0.4751818133,-0.001865903063
2014-03-04,1,majority_baseline,0,0.5747460087,-0.001865903063
2014-03-04,1,random_forest,0,0.4651617891,-0.001865903063
2014-03-05,1,catboost,0,0.344748548,-0.002503335286
2014-03-05,1,logistic_regression,0,0.5386157059,-0.002503335286
2014-03-05,1,majority_baseline,0,0.5747460087,-0.002503335286
2014-03-05,1,random_forest,0,0.5286688697,-0.002503335286
2014-03-06,1,catboost,0,0.4906942509,-0.01594218363
2014-03-06,1,logistic_regression,0,0.5956021105,-0.01594218363
2014-03-06,1,majority_baseline,0,0.5747460087,-0.01594218363
2014-03-06,1,random_forest,0,0.5301309021,-0.01594218363
2014-03-07,1,catboost,0,0.3824133878,-0.01912244186
2014-03-07,1,logistic_regression,0,0.6156825414,-0.01912244186
2014-03-07,1,majority_baseline,0,0.5747460087,-0.01912244186
2014-03-07,1,random_forest,0,0.5115833276,-0.01912244186
2014-03-10,1,catboost,0,0.7316404159,-0.009725775213
2014-03-10,1,logistic_regression,0,0.5814920321,-0.009725775213
2014-03-10,1,majority_baseline,0,0.5747460087,-0.009725775213
2014-03-10,1,random_forest,0,0.5799051879,-0.009725775213
2014-03-11,1,catboost,1,0.8062152112,0.002296683277
2014-03-11,1,logistic_regression,1,0.6630456349,0.002296683277
2014-03-11,1,majority_baseline,1,0.5747460087,0.002296683277
2014-03-11,1,random_forest,1,0.6273739535,0.002296683277
2014-03-12,1,catboost,0,0.8345179509,-0.003310524904
2014-03-12,1,logistic_regression,0,0.6374843484,-0.003310524904
2014-03-12,1,majority_baseline,0,0.5747460087,-0.003310524904
2014-03-12,1,random_forest,0,0.6602759063,-0.003310524904
2014-03-13,1,catboost,1,0.8552880624,0.01387842856
2014-03-13,1,logistic_regression,1,0.6348403668,0.01387842856
2014-03-13,1,majority_baseline,1,0.5747460087,0.01387842856
2014-03-13,1,random_forest,1,0.5835805317,0.01387842856
2014-03-14,1,catboost,1,0.8546738904,0.008339614259
2014-03-14,1,logistic_regression,1,0.5778977817,0.008339614259
2014-03-14,1,majority_baseline,1,0.5747460087,0.008339614259
2014-03-14,1,random_forest,1,0.5934558109,0.008339614259
2014-03-17,1,catboost,0,0.4885945588,-0.004830188865
2014-03-17,1,logistic_regression,0,0.6325058308,-0.004830188865
2014-03-17,1,majority_baseline,0,0.5747460087,-0.004830188865
2014-03-17,1,random_forest,0,0.5067363582,-0.004830188865
2014-03-18,1,catboost,0,0.2824584358,-0.007193893602
2014-03-18,1,logistic_regression,0,0.5988182069,-0.007193893602
2014-03-18,1,majority_baseline,0,0.5747460087,-0.007193893602
2014-03-18,1,random_forest,0,0.4096490424,-0.007193893602
2014-03-19,1,catboost,0,0.4148674112,-0.009053907996
2014-03-19,1,logistic_regression,0,0.5752973849,-0.009053907996
2014-03-19,1,majority_baseline,0,0.5747460087,-0.009053907996
2014-03-19,1,random_forest,0,0.475011558,-0.009053907996
2014-03-20,1,catboost,0,0.3411210518,-0.01688414487
2014-03-20,1,logistic_regression,0,0.5253700971,-0.01688414487
2014-03-20,1,majority_baseline,0,0.5747460087,-0.01688414487
2014-03-20,1,random_forest,0,0.445322308,-0.01688414487
2014-03-21,1,catboost,0,0.4398356984,-0.003813058066
2014-03-21,1,logistic_regression,0,0.5386958053,-0.003813058066
2014-03-21,1,majority_baseline,0,0.5747460087,-0.003813058066
2014-03-21,1,random_forest,0,0.4395571927,-0.003813058066
2014-03-24,1,catboost,1,0.4273762845,0.00852074563
2014-03-24,1,logistic_regression,1,0.5797505472,0.00852074563
2014-03-24,1,majority_baseline,1,0.5747460087,0.00852074563
2014-03-24,1,random_forest,1,0.3989694744,0.00852074563
2014-03-25,1,catboost,1,0.2037346191,0.01041276595
2014-03-25,1,logistic_regression,1,0.6233503114,0.01041276595
2014-03-25,1,majority_baseline,1,0.5747460087,0.01041276595
2014-03-25,1,random_forest,1,0.3964916213,0.01041276595
2014-03-26,1,catboost,1,0.3876006144,0.02113858288
2014-03-26,1,logistic_regression,1,0.6275855236,0.02113858288
2014-03-26,1,majority_baseline,1,0.5747460087,0.02113858288
2014-03-26,1,random_forest,1,0.4472687095,0.02113858288
2014-03-27,1,catboost,1,0.5255513687,0.02194172207
2014-03-27,1,logistic_regression,1,0.640828075,0.02194172207
2014-03-27,1,majority_baseline,1,0.5747460087,0.02194172207
2014-03-27,1,random_forest,1,0.4587980587,0.02194172207
2014-03-28,1,catboost,1,0.2021130985,0.004905862165
2014-03-28,1,logistic_regression,1,0.6291132682,0.004905862165
2014-03-28,1,majority_baseline,1,0.5747460087,0.004905862165
2014-03-28,1,random_forest,1,0.3969148632,0.004905862165
2014-03-31,1,catboost,0,0.1428524817,-0.01427730217
2014-03-31,1,logistic_regression,0,0.6065024903,-0.01427730217
2014-03-31,1,majority_baseline,0,0.5747460087,-0.01427730217
2014-03-31,1,random_forest,0,0.3619251299,-0.01427730217
2014-04-01,1,catboost,0,0.2203947304,-0.01673303533
2014-04-01,1,logistic_regression,0,0.5921561445,-0.01673303533
2014-04-01,1,majority_baseline,0,0.5747460087,-0.01673303533
2014-04-01,1,random_forest,0,0.4180248158,-0.01673303533
2014-04-02,1,catboost,0,0.5319113742,-0.009476961846
2014-04-02,1,logistic_regression,0,0.5826394152,-0.009476961846
2014-04-02,1,majority_baseline,0,0.5747460087,-0.009476961846
2014-04-02,1,random_forest,0,0.5068905469,-0.009476961846
2014-04-03,1,catboost,0,0.3523369884,-0.02899857423
2014-04-03,1,logistic_regression,0,0.5788360435,-0.02899857423
2014-04-03,1,majority_baseline,0,0.5747460087,-0.02899857423
2014-04-03,1,random_forest,0,0.4732573904,-0.02899857423
2014-04-04,1,catboost,0,0.5516765106,-0.02623390322
2014-04-04,1,logistic_regression,0,0.6485861616,-0.02623390322
2014-04-04,1,majority_baseline,0,0.5747460087,-0.02623390322
2014-04-04,1,random_forest,0,0.4551651543,-0.02623390322
2014-04-07,1,catboost,0,0.471064473,-0.007594629099
2014-04-07,1,logistic_regression,0,0.604097438,-0.007594629099
2014-04-07,1,majority_baseline,0,0.5747460087,-0.007594629099
2014-04-07,1,random_forest,0,0.4441089212,-0.007594629099
2014-04-08,1,catboost,0,0.4189091369,-0.004862286171
2014-04-08,1,logistic_regression,0,0.6414524679,-0.004862286171
2014-04-08,1,majority_baseline,0,0.5747460087,-0.004862286171
2014-04-08,1,random_forest,0,0.4352073564,-0.004862286171
2014-04-09,1,catboost,0,0.1869194946,-0.005131174403
2014-04-09,1,logistic_regression,0,0.6678165076,-0.005131174403
2014-04-09,1,majority_baseline,0,0.5747460087,-0.005131174403
2014-04-09,1,random_forest,0,0.3812715466,-0.005131174403
2014-04-10,1,catboost,1,0.2287847452,0.01763483094
2014-04-10,1,logistic_regression,1,0.6835562391,0.01763483094
2014-04-10,1,majority_baseline,1,0.5747460087,0.01763483094
2014-04-10,1,random_forest,1,0.4507559438,0.01763483094
2014-04-11,1,catboost,1,0.3606311146,0.03046663527
2014-04-11,1,logistic_regression,1,0.5856674637,0.03046663527
2014-04-11,1,majority_baseline,1,0.5747460087,0.03046663527
2014-04-11,1,random_forest,1,0.3978666466,0.03046663527
2014-04-14,1,catboost,1,0.4083784588,0.02705803507
2014-04-14,1,logistic_regression,1,0.5586372176,0.02705803507
2014-04-14,1,majority_baseline,1,0.5747460087,0.02705803507
2014-04-14,1,random_forest,1,0.3870747062,0.02705803507
2014-04-15,1,catboost,1,0.3061822205,0.01764386566
2014-04-15,1,logistic_regression,1,0.5521984437,0.01764386566
2014-04-15,1,majority_baseline,1,0.5747460087,0.01764386566
2014-04-15,1,random_forest,1,0.4020336122,0.01764386566
2014-04-16,1,catboost,1,0.4739073051,0.009133384491
2014-04-16,1,logistic_regression,1,0.5489837322,0.009133384491
2014-04-16,1,majority_baseline,1,0.5747460087,0.009133384491
2014-04-16,1,random_forest,1,0.4711829087,0.009133384491
2014-04-17,1,catboost,0,0.3212046828,-0.0005365421982
2014-04-17,1,logistic_regression,0,0.5064236313,-0.0005365421982
2014-04-17,1,majority_baseline,0,0.5747460087,-0.0005365421982
2014-04-17,1,random_forest,0,0.4360019321,-0.0005365421982
2014-04-21,1,catboost,0,0.7065123778,-0.000855370005
2014-04-21,1,logistic_regression,0,0.5124894258,-0.000855370005
2014-04-21,1,majority_baseline,0,0.5747460087,-0.000855370005
2014-04-21,1,random_forest,0,0.5855661689,-0.000855370005
2014-04-22,1,catboost,0,0.4618921811,-0.0007451136327
2014-04-22,1,logistic_regression,0,0.5859241614,-0.0007451136327
2014-04-22,1,majority_baseline,0,0.5747460087,-0.0007451136327
2014-04-22,1,random_forest,0,0.4908293036,-0.0007451136327
2014-04-23,1,catboost,1,0.370724496,0.004587893914
2014-04-23,1,logistic_regression,1,0.5612063062,0.004587893914
2014-04-23,1,majority_baseline,1,0.5747460087,0.004587893914
2014-04-23,1,random_forest,1,0.5184526437,0.004587893914
2014-04-24,1,catboost,1,0.3560282241,0.002661981554
2014-04-24,1,logistic_regression,1,0.5939896498,0.002661981554
2014-04-24,1,majority_baseline,1,0.5747460087,0.002661981554
2014-04-24,1,random_forest,1,0.4874487353,0.002661981554
2014-04-25,1,catboost,1,0.6367557189,0.009501338578
2014-04-25,1,logistic_regression,1,0.6286670239,0.009501338578
2014-04-25,1,majority_baseline,1,0.5747460087,0.009501338578
2014-04-25,1,random_forest,1,0.5548377054,0.009501338578
2014-04-28,1,catboost,1,0.5266023847,0.008240546124
2014-04-28,1,logistic_regression,1,0.6665443331,0.008240546124
2014-04-28,1,majority_baseline,1,0.5747460087,0.008240546124
2014-04-28,1,random_forest,1,0.5116404173,0.008240546124
2014-04-29,1,catboost,0,0.6852219938,-0.005166451132
2014-04-29,1,logistic_regression,0,0.6191278838,-0.005166451132
2014-04-29,1,majority_baseline,0,0.5747460087,-0.005166451132
2014-04-29,1,random_forest,0,0.5748732673,-0.005166451132
2014-04-30,1,catboost,0,0.3719893838,-0.002283430012
2014-04-30,1,logistic_regression,0,0.6280258218,-0.002283430012
2014-04-30,1,majority_baseline,0,0.5747460087,-0.002283430012
2014-04-30,1,random_forest,0,0.5049033424,-0.002283430012
2014-05-01,1,catboost,0,0.469743393,-0.003451436807
2014-05-01,1,logistic_regression,0,0.5918135634,-0.003451436807
2014-05-01,1,majority_baseline,0,0.5747460087,-0.003451436807
2014-05-01,1,random_forest,0,0.5303712815,-0.003451436807
2014-05-02,1,catboost,0,0.3892056476,-0.0005316968057
2014-05-02,1,logistic_regression,0,0.5803913464,-0.0005316968057
2014-05-02,1,majority_baseline,0,0.5747460087,-0.0005316968057
2014-05-02,1,random_forest,0,0.499224667,-0.0005316968057
2014-05-05,1,catboost,1,0.1922496054,0.007270964404
2014-05-05,1,logistic_regression,1,0.5947925125,0.007270964404
2014-05-05,1,majority_baseline,1,0.5747460087,0.007270964404
2014-05-05,1,random_forest,1,0.4451371832,0.007270964404
2014-05-06,1,catboost,1,0.3087240051,0.01702541985
2014-05-06,1,logistic_regression,1,0.6085124584,0.01702541985
2014-05-06,1,majority_baseline,1,0.5747460087,0.01702541985
2014-05-06,1,random_forest,1,0.4853088514,0.01702541985
2014-05-07,1,catboost,1,0.2779556387,0.006280565623
2014-05-07,1,logistic_regression,1,0.6182790872,0.006280565623
2014-05-07,1,majority_baseline,1,0.5747460087,0.006280565623
2014-05-07,1,random_forest,1,0.4483693476,0.006280565623
2014-05-08,1,catboost,0,0.1748458819,-0.001491894772
2014-05-08,1,logistic_regression,0,0.5945613352,-0.001491894772
2014-05-08,1,majority_baseline,0,0.5747460087,-0.001491894772
2014-05-08,1,random_forest,0,0.4051247528,-0.001491894772
2014-05-09,1,catboost,1,0.6553331282,0.0004788061119
2014-05-09,1,logistic_regression,1,0.6230992991,0.0004788061119
2014-05-09,1,majority_baseline,1,0.5747460087,0.0004788061119
2014-05-09,1,random_forest,1,0.5919393908,0.0004788061119
2014-05-12,1,catboost,0,0.6076302336,-0.005532366495
2014-05-12,1,logistic_regression,0,0.6252649686,-0.005532366495
2014-05-12,1,majority_baseline,0,0.5747460087,-0.005532366495
2014-05-12,1,random_forest,0,0.5396780251,-0.005532366495
2014-05-13,1,catboost,0,0.7804233798,-0.01268689995
2014-05-13,1,logistic_regression,0,0.5715428634,-0.01268689995
2014-05-13,1,majority_baseline,0,0.5747460087,-0.01268689995
2014-05-13,1,random_forest,0,0.6210304973,-0.01268689995
2014-05-14,1,catboost,1,0.8621803862,0.0003702914466
2014-05-14,1,logistic_regression,1,0.6247344294,0.0003702914466
2014-05-14,1,majority_baseline,1,0.5747460087,0.0003702914466
2014-05-14,1,random_forest,1,0.6671818099,0.0003702914466
2014-05-15,1,catboost,1,0.9123961464,0.01168624584
2014-05-15,1,logistic_regression,1,0.5770836624,0.01168624584
2014-05-15,1,majority_baseline,1,0.5747460087,0.01168624584
2014-05-15,1,random_forest,1,0.6281523373,0.01168624584
2014-05-16,1,catboost,1,0.7972983002,0.01223080544
2014-05-16,1,logistic_regression,1,0.5583389354,0.01223080544
2014-05-16,1,majority_baseline,1,0.5747460087,0.01223080544
2014-05-16,1,random_forest,1,0.5951461975,0.01223080544
2014-05-19,1,catboost,1,0.596323856,0.01472925039
2014-05-19,1,logistic_regression,1,0.6406362226,0.01472925039
2014-05-19,1,majority_baseline,1,0.5747460087,0.01472925039
2014-05-19,1,random_forest,1,0.5422450871,0.01472925039
2014-05-20,1,catboost,1,0.839992916,0.02042123027
2014-05-20,1,logistic_regression,1,0.6722797734,0.02042123027
2014-05-20,1,majority_baseline,1,0.5747460087,0.02042123027
2014-05-20,1,random_forest,1,0.6185050407,0.02042123027
2014-05-21,1,catboost,1,0.6219645005,0.0171310216
2014-05-21,1,logistic_regression,1,0.5994407747,0.0171310216
2014-05-21,1,majority_baseline,1,0.5747460087,0.0171310216
2014-05-21,1,random_forest,1,0.5471182639,0.0171310216
2014-05-22,1,catboost,1,0.5430715239,0.0162983093
2014-05-22,1,logistic_regression,1,0.6019106819,0.0162983093
2014-05-22,1,majority_baseline,1,0.5747460087,0.0162983093
2014-05-22,1,random_forest,1,0.550226732,0.0162983093
2014-05-23,1,catboost,1,0.6219609285,0.01339631058
2014-05-23,1,logistic_regression,1,0.6235988972,0.01339631058
2014-05-23,1,majority_baseline,1,0.5747460087,0.01339631058
2014-05-23,1,random_forest,1,0.6013517742,0.01339631058
2014-05-27,1,catboost,1,0.6556847955,0.006683368689
2014-05-27,1,logistic_regression,1,0.588258701,0.006683368689
2014-05-27,1,majority_baseline,1,0.5747460087,0.006683368689
2014-05-27,1,random_forest,1,0.5665159829,0.006683368689
2014-05-28,1,catboost,1,0.5904112394,0.009457610271
2014-05-28,1,logistic_regression,1,0.5538579893,0.009457610271
2014-05-28,1,majority_baseline,1,0.5747460087,0.009457610271
2014-05-28,1,random_forest,1,0.5590138558,0.009457610271
2014-05-29,1,catboost,1,0.5498095495,0.01081250638
2014-05-29,1,logistic_regression,1,0.5990433942,0.01081250638
2014-05-29,1,majority_baseline,1,0.5747460087,0.01081250638
2014-05-29,1,random_forest,1,0.5533890261,0.01081250638
2014-05-30,1,catboost,1,0.5923447882,0.01401293493
2014-05-30,1,logistic_regression,1,0.6070661768,0.01401293493
2014-05-30,1,majority_baseline,1,0.5747460087,0.01401293493
2014-05-30,1,random_forest,1,0.5477621475,0.01401293493
2014-06-02,1,catboost,1,0.6097507408,0.01389325031
2014-06-02,1,logistic_regression,1,0.6057474583,0.01389325031
2014-06-02,1,majority_baseline,1,0.5747460087,0.01389325031
2014-06-02,1,random_forest,1,0.5623872294,0.01389325031
2014-06-03,1,catboost,1,0.6508167901,0.0145228369
2014-06-03,1,logistic_regression,1,0.6215012358,0.0145228369
2014-06-03,1,majority_baseline,1,0.5747460087,0.0145228369
2014-06-03,1,random_forest,1,0.6102383962,0.0145228369
2014-06-04,1,catboost,1,0.7507331241,0.008954892999
2014-06-04,1,logistic_regression,1,0.6445797329,0.008954892999
2014-06-04,1,majority_baseline,1,0.5747460087,0.008954892999
2014-06-04,1,random_forest,1,0.6017307804,0.008954892999
2014-06-05,1,catboost,0,0.262349727,-0.004679884878
2014-06-05,1,logistic_regression,0,0.6479159396,-0.004679884878
2014-06-05,1,majority_baseline,0,0.5747460087,-0.004679884878
2014-06-05,1,random_forest,0,0.4951216173,-0.004679884878
2014-06-06,1,catboost,0,0.2267691732,-0.006397788764
2014-06-06,1,logistic_regression,0,0.5640103976,-0.006397788764
2014-06-06,1,majority_baseline,0,0.5747460087,-0.006397788764
2014-06-06,1,random_forest,0,0.4897904166,-0.006397788764
2014-06-09,1,catboost,0,0.4355141585,-0.006595809838
2014-06-09,1,logistic_regression,0,0.5847404006,-0.006595809838
2014-06-09,1,majority_baseline,0,0.5747460087,-0.006595809838
2014-06-09,1,random_forest,0,0.5483571175,-0.006595809838
2014-06-10,1,catboost,0,0.4362793302,-0.003936627178
2014-06-10,1,logistic_regression,0,0.5920061118,-0.003936627178
2014-06-10,1,majority_baseline,0,0.5747460087,-0.003936627178
2014-06-10,1,random_forest,0,0.6052744664,-0.003936627178
2014-06-11,1,catboost,1,0.6816842471,0.006874596308
2014-06-11,1,logistic_regression,1,0.6109375421,0.006874596308
2014-06-11,1,majority_baseline,1,0.5747460087,0.006874596308
2014-06-11,1,random_forest,1,0.6540862542,0.006874596308
2014-06-12,1,catboost,1,0.8331435125,0.01519067119
2014-06-12,1,logistic_regression,1,0.6118666586,0.01519067119
2014-06-12,1,majority_baseline,1,0.5747460087,0.01519067119
2014-06-12,1,random_forest,1,0.6346904036,0.01519067119
2014-06-13,1,catboost,1,0.7812213684,0.009323635988
2014-06-13,1,logistic_regression,1,0.5795958811,0.009323635988
2014-06-13,1,majority_baseline,1,0.5747460087,0.009323635988
2014-06-13,1,random_forest,1,0.6519609633,0.009323635988
2014-06-16,1,catboost,1,0.6342188785,0.008183702995
2014-06-16,1,logistic_regression,1,0.5827727502,0.008183702995
2014-06-16,1,majority_baseline,1,0.5747460087,0.008183702995
2014-06-16,1,random_forest,1,0.6613484838,0.008183702995
2014-06-17,1,catboost,0,0.6275075633,-0.0006672735143
2014-06-17,1,logistic_regression,0,0.5889531758,-0.0006672735143
2014-06-17,1,majority_baseline,0,0.5747460087,-0.0006672735143
2014-06-17,1,random_forest,0,0.6483473788,-0.0006672735143
2014-06-18,1,catboost,0,0.6719846802,-0.003464754505
2014-06-18,1,logistic_regression,0,0.5377873386,-0.003464754505
2014-06-18,1,majority_baseline,0,0.5747460087,-0.003464754505
2014-06-18,1,random_forest,0,0.602789502,-0.003464754505
2014-06-19,1,catboost,0,0.8031636243,-0.005293125625
2014-06-19,1,logistic_regression,0,0.496948625,-0.005293125625
2014-06-19,1,majority_baseline,0,0.5747460087,-0.005293125625
2014-06-19,1,random_forest,0,0.662642422,-0.005293125625
2014-06-20,1,catboost,0,0.8556540284,-0.0006124073621
2014-06-20,1,logistic_regression,0,0.4911849867,-0.0006124073621
2014-06-20,1,majority_baseline,0,0.5747460087,-0.0006124073621
2014-06-20,1,random_forest,0,0.6828609742,-0.0006124073621
2014-06-23,1,catboost,0,0.8002883672,-0.0008168454972
2014-06-23,1,logistic_regression,0,0.5522378081,-0.0008168454972
2014-06-23,1,majority_baseline,0,0.5747460087,-0.0008168454972
2014-06-23,1,random_forest,0,0.6659286465,-0.0008168454972
2014-06-24,1,catboost,1,0.8565235691,0.01196713887
2014-06-24,1,logistic_regression,1,0.5841581272,0.01196713887
2014-06-24,1,majority_baseline,1,0.5747460087,0.01196713887
2014-06-24,1,random_forest,1,0.6308342547,0.01196713887
2014-06-25,1,catboost,1,0.6842408809,0.008436414177
2014-06-25,1,logistic_regression,1,0.6022057758,0.008436414177
2014-06-25,1,majority_baseline,1,0.5747460087,0.008436414177
2014-06-25,1,random_forest,1,0.5835391039,0.008436414177
2014-06-26,1,catboost,1,0.7346039682,0.01412195286
2014-06-26,1,logistic_regression,1,0.6281278864,0.01412195286
2014-06-26,1,majority_baseline,1,0.5747460087,0.01412195286
2014-06-26,1,random_forest,1,0.5997553138,0.01412195286
2014-06-27,1,catboost,1,0.8510916806,0.008630309146
2014-06-27,1,logistic_regression,1,0.6292138381,0.008630309146
2014-06-27,1,majority_baseline,1,0.5747460087,0.008630309146
2014-06-27,1,random_forest,1,0.6339005144,0.008630309146
2014-06-30,1,catboost,1,0.7768854686,0.002656878688
2014-06-30,1,logistic_regression,1,0.635851327,0.002656878688
2014-06-30,1,majority_baseline,1,0.5747460087,0.002656878688
2014-06-30,1,random_forest,1,0.6535238843,0.002656878688
2014-07-01,1,catboost,1,0.5433562879,0.0004567644549
2014-07-01,1,logistic_regression,1,0.5893885566,0.0004567644549
2014-07-01,1,majority_baseline,1,0.5747460087,0.0004567644549
2014-07-01,1,random_forest,1,0.5716090119,0.0004567644549
2014-07-02,1,catboost,0,0.7694144146,-0.004512495155
2014-07-02,1,logistic_regression,0,0.6117946949,-0.004512495155
2014-07-02,1,majority_baseline,0,0.5747460087,-0.004512495155
2014-07-02,1,random_forest,0,0.6306484502,-0.004512495155
2014-07-03,1,catboost,0,0.8643098625,-0.008022181256
2014-07-03,1,logistic_regression,0,0.6347289476,-0.008022181256
2014-07-03,1,majority_baseline,0,0.5747460087,-0.008022181256
2014-07-03,1,random_forest,0,0.6595798642,-0.008022181256
2014-07-07,1,catboost,1,0.678861446,0.0004557318744
2014-07-07,1,logistic_regression,1,0.6346269903,0.0004557318744
2014-07-07,1,majority_baseline,1,0.5747460087,0.0004557318744
2014-07-07,1,random_forest,1,0.6454345548,0.0004557318744
2014-07-08,1,catboost,1,0.8362262756,0.005044792969
2014-07-08,1,logistic_regression,1,0.5949308456,0.005044792969
2014-07-08,1,majority_baseline,1,0.5747460087,0.005044792969
2014-07-08,1,random_forest,1,0.6258125274,0.005044792969
2014-07-09,1,catboost,1,0.8632351081,0.00426142259
2014-07-09,1,logistic_regression,1,0.6178990912,0.00426142259
2014-07-09,1,majority_baseline,1,0.5747460087,0.00426142259
2014-07-09,1,random_forest,1,0.6500798221,0.00426142259
2014-07-10,1,catboost,0,0.5839581313,-0.003208666659
2014-07-10,1,logistic_regression,0,0.6137139503,-0.003208666659
2014-07-10,1,majority_baseline,0,0.5747460087,-0.003208666659
2014-07-10,1,random_forest,0,0.5666783945,-0.003208666659
2014-07-11,1,catboost,1,0.7810533426,0.005594863418
2014-07-11,1,logistic_regression,1,0.6480232886,0.005594863418
2014-07-11,1,majority_baseline,1,0.5747460087,0.005594863418
2014-07-11,1,random_forest,1,0.6462969254,0.005594863418
2014-07-14,1,catboost,0,0.7222388169,-0.001315839028
2014-07-14,1,logistic_regression,0,0.647611043,-0.001315839028
2014-07-14,1,majority_baseline,0,0.5747460087,-0.001315839028
2014-07-14,1,random_forest,0,0.6314182647,-0.001315839028
2014-07-15,1,catboost,1,0.656062563,0.004918122097
2014-07-15,1,logistic_regression,1,0.6093841914,0.004918122097
2014-07-15,1,majority_baseline,1,0.5747460087,0.004918122097
2014-07-15,1,random_forest,1,0.5805092351,0.004918122097
2014-07-16,1,catboost,1,0.690940742,0.003435000389
2014-07-16,1,logistic_regression,1,0.5626922788,0.003435000389
2014-07-16,1,majority_baseline,1,0.5747460087,0.003435000389
2014-07-16,1,random_forest,1,0.6147352952,0.003435000389
2014-07-17,1,catboost,1,0.9070717592,0.01502216085
2014-07-17,1,logistic_regression,1,0.5609602635,0.01502216085
2014-07-17,1,majority_baseline,1,0.5747460087,0.01502216085
2014-07-17,1,random_forest,1,0.6189154987,0.01502216085
2014-07-18,1,catboost,1,0.6367207064,5.055131082e-05
2014-07-18,1,logistic_regression,1,0.4971722675,5.055131082e-05
2014-07-18,1,majority_baseline,1,0.5747460087,5.055131082e-05
2014-07-18,1,random_forest,1,0.5331479732,5.055131082e-05
2014-07-21,1,catboost,1,0.6292376676,0.002331036833
2014-07-21,1,logistic_regression,1,0.5677981613,0.002331036833
2014-07-21,1,majority_baseline,1,0.5747460087,0.002331036833
2014-07-21,1,random_forest,1,0.5792067056,0.002331036833
2014-07-22,1,catboost,0,0.6540510562,-0.006306760946
2014-07-22,1,logistic_regression,0,0.6145387353,-0.006306760946
2014-07-22,1,majority_baseline,0,0.5747460087,-0.006306760946
2014-07-22,1,random_forest,0,0.5975863154,-0.006306760946
2014-07-23,1,catboost,0,0.7281524921,-0.008356845072
2014-07-23,1,logistic_regression,0,0.6051519926,-0.008356845072
2014-07-23,1,majority_baseline,0,0.5747460087,-0.008356845072
2014-07-23,1,random_forest,0,0.6244374582,-0.008356845072
2014-07-24,1,catboost,0,0.6589582793,-0.02798891402
2014-07-24,1,logistic_regression,0,0.5853375571,-0.02798891402
2014-07-24,1,majority_baseline,0,0.5747460087,-0.02798891402
2014-07-24,1,random_forest,0,0.6182508914,-0.02798891402
2014-07-25,1,catboost,0,0.8295944979,-0.02640097698
2014-07-25,1,logistic_regression,0,0.6303981699,-0.02640097698
2014-07-25,1,majority_baseline,0,0.5747460087,-0.02640097698
2014-07-25,1,random_forest,0,0.6436014871,-0.02640097698
2014-07-28,1,catboost,0,0.6984859866,-0.01976746026
2014-07-28,1,logistic_regression,0,0.6035744353,-0.01976746026
2014-07-28,1,majority_baseline,0,0.5747460087,-0.01976746026
2014-07-28,1,random_forest,0,0.5921361677,-0.01976746026
2014-07-29,1,catboost,0,0.7436583275,-0.02508252083
2014-07-29,1,logistic_regression,0,0.6268212127,-0.02508252083
2014-07-29,1,majority_baseline,0,0.5747460087,-0.02508252083
2014-07-29,1,random_forest,0,0.5919238532,-0.02508252083
2014-07-30,1,catboost,0,0.767672644,-0.02492633012
2014-07-30,1,logistic_regression,0,0.6089750966,-0.02492633012
2014-07-30,1,majority_baseline,0,0.5747460087,-0.02492633012
2014-07-30,1,random_forest,0,0.5981094071,-0.02492633012
2014-07-31,1,catboost,0,0.5305885582,-0.01066858739
2014-07-31,1,logistic_regression,0,0.6159267782,-0.01066858739
2014-07-31,1,majority_baseline,0,0.5747460087,-0.01066858739
2014-07-31,1,random_forest,0,0.4325967893,-0.01066858739
2014-08-01,1,catboost,1,0.4027971203,0.003844184416
2014-08-01,1,logistic_regression,1,0.5530919036,0.003844184416
2014-08-01,1,majority_baseline,1,0.5747460087,0.003844184416
2014-08-01,1,random_forest,1,0.365559706,0.003844184416
2014-08-04,1,catboost,0,0.2727209495,-0.0004641616395
2014-08-04,1,logistic_regression,0,0.6049749671,-0.0004641616395
2014-08-04,1,majority_baseline,0,0.5747460087,-0.0004641616395
2014-08-04,1,random_forest,0,0.3629254967,-0.0004641616395
2014-08-05,1,catboost,1,0.4554988195,0.007916276983
2014-08-05,1,logistic_regression,1,0.6210011295,0.007916276983
2014-08-05,1,majority_baseline,1,0.5747460087,0.007916276983
2014-08-05,1,random_forest,1,0.375549134,0.007916276983
2014-08-06,1,catboost,1,0.4964779511,0.01442176756
2014-08-06,1,logistic_regression,1,0.5965600752,0.01442176756
2014-08-06,1,majority_baseline,1,0.5747460087,0.01442176756
2014-08-06,1,random_forest,1,0.3829475843,0.01442176756
2014-08-07,1,catboost,1,0.2320809908,0.02476048647
2014-08-07,1,logistic_regression,1,0.5829403275,0.02476048647
2014-08-07,1,majority_baseline,1,0.5747460087,0.02476048647
2014-08-07,1,random_forest,1,0.3354635224,0.02476048647
2014-08-08,1,catboost,1,0.1462372535,0.01283375921
2014-08-08,1,logistic_regression,1,0.5385119311,0.01283375921
2014-08-08,1,majority_baseline,1,0.5747460087,0.01283375921
2014-08-08,1,random_forest,1,0.3587983234,0.01283375921
2014-08-11,1,catboost,1,0.4714693504,0.01836943985
2014-08-11,1,logistic_regression,1,0.5378922716,0.01836943985
2014-08-11,1,majority_baseline,1,0.5747460087,0.01836943985
2014-08-11,1,random_forest,1,0.4834206167,0.01836943985
2014-08-12,1,catboost,1,0.3108764608,0.02511238893
2014-08-12,1,logistic_regression,1,0.5592416811,0.02511238893
2014-08-12,1,majority_baseline,1,0.5747460087,0.02511238893
2014-08-12,1,random_forest,1,0.4102651608,0.02511238893
2014-08-13,1,catboost,1,0.4729115436,0.02094026882
2014-08-13,1,logistic_regression,1,0.5501135785,0.02094026882
2014-08-13,1,majority_baseline,1,0.5747460087,0.02094026882
2014-08-13,1,random_forest,1,0.5018329458,0.02094026882
2014-08-14,1,catboost,1,0.5205828342,0.0191050552
2014-08-14,1,logistic_regression,1,0.5570008504,0.0191050552
2014-08-14,1,majority_baseline,1,0.5747460087,0.0191050552
2014-08-14,1,random_forest,1,0.5149367025,0.0191050552
2014-08-15,1,catboost,1,0.3048889463,0.01772941538
2014-08-15,1,logistic_regression,1,0.6800273842,0.01772941538
2014-08-15,1,majority_baseline,1,0.5747460087,0.01772941538
2014-08-15,1,random_forest,1,0.4461059617,0.01772941538
2014-08-18,1,catboost,1,0.5231841325,0.01438992851
2014-08-18,1,logistic_regression,1,0.5342084643,0.01438992851
2014-08-18,1,majority_baseline,1,0.5747460087,0.01438992851
2014-08-18,1,random_forest,1,0.5460119647,0.01438992851
2014-08-19,1,catboost,1,0.4049144362,0.009778730812
2014-08-19,1,logistic_regression,1,0.5834099127,0.009778730812
2014-08-19,1,majority_baseline,1,0.5747460087,0.009778730812
2014-08-19,1,random_forest,1,0.5308733225,0.009778730812
2014-08-20,1,catboost,1,0.2058841752,0.006686114076
2014-08-20,1,logistic_regression,1,0.6225759838,0.006686114076
2014-08-20,1,majority_baseline,1,0.5747460087,0.006686114076
2014-08-20,1,random_forest,1,0.4478495025,0.006686114076
2014-08-21,1,catboost,1,0.1303009423,0.003208017043
2014-08-21,1,logistic_regression,1,0.6201437633,0.003208017043
2014-08-21,1,majority_baseline,1,0.5747460087,0.003208017043
2014-08-21,1,random_forest,1,0.4311275478,0.003208017043
2014-08-22,1,catboost,1,0.2215474083,0.007630926661
2014-08-22,1,logistic_regression,1,0.6015083464,0.007630926661
2014-08-22,1,majority_baseline,1,0.5747460087,0.007630926661
2014-08-22,1,random_forest,1,0.4453671085,0.007630926661
2014-08-25,1,catboost,1,0.168968851,0.002047970561
2014-08-25,1,logistic_regression,1,0.6124458096,0.002047970561
2014-08-25,1,majority_baseline,1,0.5747460087,0.002047970561
2014-08-25,1,random_forest,1,0.4289532363,0.002047970561
2014-08-26,1,catboost,1,0.1977372738,0.0008485908175
2014-08-26,1,logistic_regression,1,0.6124467997,0.0008485908175
2014-08-26,1,majority_baseline,1,0.5747460087,0.0008485908175
2014-08-26,1,random_forest,1,0.5011924216,0.0008485908175
2014-08-27,1,catboost,0,0.1592451172,-0.0001997168539
2014-08-27,1,logistic_regression,0,0.6283458659,-0.0001997168539
2014-08-27,1,majority_baseline,0,0.5747460087,-0.0001997168539
2014-08-27,1,random_forest,0,0.5165229505,-0.0001997168539
2014-08-28,1,catboost,1,0.5721810067,0.004846613385
2014-08-28,1,logistic_regression,1,0.6480928401,0.004846613385
2014-08-28,1,majority_baseline,1,0.5747460087,0.004846613385
2014-08-28,1,random_forest,1,0.5891825953,0.004846613385
2014-08-29,1,catboost,0,0.4284698558,-0.0005979293308
2014-08-29,1,logistic_regression,0,0.6257947943,-0.0005979293308
2014-08-29,1,majority_baseline,0,0.5747460087,-0.0005979293308
2014-08-29,1,random_forest,0,0.5441814226,-0.0005979293308
2014-09-02,1,catboost,0,0.7112686973,-0.006430353901
2014-09-02,1,logistic_regression,0,0.6128906346,-0.006430353901
2014-09-02,1,majority_baseline,0,0.5747460087,-0.006430353901
2014-09-02,1,random_forest,0,0.6349977922,-0.006430353901
2014-09-03,1,catboost,0,0.8264041872,-0.002144601995
2014-09-03,1,logistic_regression,0,0.6057907998,-0.002144601995
2014-09-03,1,majority_baseline,0,0.5747460087,-0.002144601995
2014-09-03,1,random_forest,0,0.646856678,-0.002144601995
2014-09-04,1,catboost,1,0.84994695,0.0004495099994
2014-09-04,1,logistic_regression,1,0.6285085211,0.0004495099994
2014-09-04,1,majority_baseline,1,0.5747460087,0.0004495099994
2014-09-04,1,random_forest,1,0.6403955804,0.0004495099994
2014-09-05,1,catboost,0,0.7769916197,-0.009845336851
2014-09-05,1,logistic_regression,0,0.5513329002,-0.009845336851
2014-09-05,1,majority_baseline,0,0.5747460087,-0.009845336851
2014-09-05,1,random_forest,0,0.5887954002,-0.009845336851
2014-09-08,1,catboost,0,0.7657845259,-0.008026325488
2014-09-08,1,logistic_regression,0,0.5825293051,-0.008026325488
2014-09-08,1,majority_baseline,0,0.5747460087,-0.008026325488
2014-09-08,1,random_forest,0,0.6066379947,-0.008026325488
2014-09-09,1,catboost,1,0.8727652194,0.005819728866
2014-09-09,1,logistic_regression,1,0.6059563154,0.005819728866
2014-09-09,1,majority_baseline,1,0.5747460087,0.005819728866
2014-09-09,1,random_forest,1,0.6282952315,0.005819728866
2014-09-10,1,catboost,1,0.8120315008,0.003398773805
2014-09-10,1,logistic_regression,1,0.5933908552,0.003398773805
2014-09-10,1,majority_baseline,1,0.5747460087,0.003398773805
2014-09-10,1,random_forest,1,0.5855930323,0.003398773805
2014-09-11,1,catboost,1,0.6764010458,0.007588637925
2014-09-11,1,logistic_regression,1,0.6033499306,0.007588637925
2014-09-11,1,majority_baseline,1,0.5747460087,0.007588637925
2014-09-11,1,random_forest,1,0.5833705058,0.007588637925
2014-09-12,1,catboost,1,0.8386623904,0.007884256322
2014-09-12,1,logistic_regression,1,0.6045082568,0.007884256322
2014-09-12,1,majority_baseline,1,0.5747460087,0.007884256322
2014-09-12,1,random_forest,1,0.6218855335,0.007884256322
2014-09-15,1,catboost,1,0.8795689147,0.0008543481942
2014-09-15,1,logistic_regression,1,0.5623397983,0.0008543481942
2014-09-15,1,majority_baseline,1,0.5747460087,0.0008543481942
2014-09-15,1,random_forest,1,0.6400856789,0.0008543481942
2014-09-16,1,catboost,0,0.5842996731,-0.01232043722
2014-09-16,1,logistic_regression,0,0.5540075232,-0.01232043722
2014-09-16,1,majority_baseline,0,0.5747460087,-0.01232043722
2014-09-16,1,random_forest,0,0.5301018911,-0.01232043722
2014-09-17,1,catboost,0,0.7152837907,-0.005927782814
2014-09-17,1,logistic_regression,0,0.4973605439,-0.005927782814
2014-09-17,1,majority_baseline,0,0.5747460087,-0.005927782814
2014-09-17,1,random_forest,0,0.5304727591,-0.005927782814
2014-09-18,1,catboost,0,0.7826855895,-0.02715296205
2014-09-18,1,logistic_regression,0,0.5215717637,-0.02715296205
2014-09-18,1,majority_baseline,0,0.5747460087,-0.02715296205
2014-09-18,1,random_forest,0,0.5828316888,-0.02715296205
2014-09-19,1,catboost,0,0.6793450239,-0.01395118607
2014-09-19,1,logistic_regression,0,0.5317389673,-0.01395118607
2014-09-19,1,majority_baseline,0,0.5747460087,-0.01395118607
2014-09-19,1,random_forest,0,0.5655915586,-0.01395118607
2014-09-22,1,catboost,0,0.7869406881,-0.008084361784
2014-09-22,1,logistic_regression,0,0.5329204141,-0.008084361784
2014-09-22,1,majority_baseline,0,0.5747460087,-0.008084361784
2014-09-22,1,random_forest,0,0.6152447119,-0.008084361784
2014-09-23,1,catboost,0,0.760863522,-0.004999698134
2014-09-23,1,logistic_regression,0,0.5923637398,-0.004999698134
2014-09-23,1,majority_baseline,0,0.5747460087,-0.004999698134
2014-09-23,1,random_forest,0,0.5984335667,-0.004999698134
2014-09-24,1,catboost,0,0.4465320024,-0.02610739408
2014-09-24,1,logistic_regression,0,0.6091893411,-0.02610739408
2014-09-24,1,majority_baseline,0,0.5747460087,-0.02610739408
2014-09-24,1,random_forest,0,0.5287019853,-0.02610739408
2014-09-25,1,catboost,0,0.5744282456,-0.009982639487
2014-09-25,1,logistic_regression,0,0.6103666671,-0.009982639487
2014-09-25,1,majority_baseline,0,0.5747460087,-0.009982639487
2014-09-25,1,random_forest,0,0.4999320031,-0.009982639487
2014-09-26,1,catboost,0,0.4323405054,-0.006973166461
2014-09-26,1,logistic_regression,0,0.6175500458,-0.006973166461
2014-09-26,1,majority_baseline,0,0.5747460087,-0.006973166461
2014-09-26,1,random_forest,0,0.4268743978,-0.006973166461
2014-09-29,1,catboost,0,0.2312356262,-0.006327832552
2014-09-29,1,logistic_regression,0,0.6146402267,-0.006327832552
2014-09-29,1,majority_baseline,0,0.5747460087,-0.006327832552
2014-09-29,1,random_forest,0,0.3950231846,-0.006327832552
2014-09-30,1,catboost,0,0.3618446764,-0.01908440624
2014-09-30,1,logistic_regression,0,0.5731338703,-0.01908440624
2014-09-30,1,majority_baseline,0,0.5747460087,-0.01908440624
2014-09-30,1,random_forest,0,0.3958306442,-0.01908440624
2014-10-01,1,catboost,1,0.5096749857,0.01178283112
2014-10-01,1,logistic_regression,1,0.567433297,0.01178283112
2014-10-01,1,majority_baseline,1,0.5747460087,0.01178283112
2014-10-01,1,random_forest,1,0.3854007317,0.01178283112
2014-10-02,1,catboost,0,0.1285183213,-0.008437078705
2014-10-02,1,logistic_regression,0,0.5173558402,-0.008437078705
2014-10-02,1,majority_baseline,0,0.5747460087,-0.008437078705
2014-10-02,1,random_forest,0,0.3051874229,-0.008437078705
2014-10-03,1,catboost,0,0.2033259329,-0.03042952814
2014-10-03,1,logistic_regression,0,0.5532650176,-0.03042952814
2014-10-03,1,majority_baseline,0,0.5747460087,-0.03042952814
2014-10-03,1,random_forest,0,0.3729192551,-0.03042952814
2014-10-06,1,catboost,0,0.192740041,-0.04523913548
2014-10-06,1,logistic_regression,0,0.5911412681,-0.04523913548
2014-10-06,1,majority_baseline,0,0.5747460087,-0.04523913548
2014-10-06,1,random_forest,0,0.3747483678,-0.04523913548
2014-10-07,1,catboost,0,0.2921589791,-0.02876952167
2014-10-07,1,logistic_regression,0,0.613876408,-0.02876952167
2014-10-07,1,majority_baseline,0,0.5747460087,-0.02876952167
2014-10-07,1,random_forest,0,0.3643247673,-0.02876952167
2014-10-08,1,catboost,0,0.5937233809,-0.05192232878
2014-10-08,1,logistic_regression,0,0.5215765791,-0.05192232878
2014-10-08,1,majority_baseline,0,0.5747460087,-0.05192232878
2014-10-08,1,random_forest,0,0.4722736615,-0.05192232878
2014-10-09,1,catboost,0,0.5047426837,-0.03356854319
2014-10-09,1,logistic_regression,0,0.5073733975,-0.03356854319
2014-10-09,1,majority_baseline,0,0.5747460087,-0.03356854319
2014-10-09,1,random_forest,0,0.4520715722,-0.03356854319
2014-10-10,1,catboost,0,0.5349212919,-0.01086381953
2014-10-10,1,logistic_regression,0,0.5523937307,-0.01086381953
2014-10-10,1,majority_baseline,0,0.5747460087,-0.01086381953
2014-10-10,1,random_forest,0,0.4469428219,-0.01086381953
2014-10-13,1,catboost,1,0.6740403104,0.01542073178
2014-10-13,1,logistic_regression,1,0.5886448365,0.01542073178
2014-10-13,1,majority_baseline,1,0.5747460087,0.01542073178
2014-10-13,1,random_forest,1,0.5685163998,0.01542073178
2014-10-14,1,catboost,1,0.5620802678,0.03393718969
2014-10-14,1,logistic_regression,1,0.5596263634,0.03393718969
2014-10-14,1,majority_baseline,1,0.5747460087,0.03393718969
2014-10-14,1,random_forest,1,0.4797224292,0.03393718969
2014-10-15,1,catboost,1,0.8446546754,0.0335783401
2014-10-15,1,logistic_regression,1,0.6808320107,0.0335783401
2014-10-15,1,majority_baseline,1,0.5747460087,0.0335783401
2014-10-15,1,random_forest,1,0.6418746165,0.0335783401
2014-10-16,1,catboost,1,0.6611312774,0.04649158855
2014-10-16,1,logistic_regression,1,0.6050072072,0.04649158855
2014-10-16,1,majority_baseline,1,0.5747460087,0.04649158855
2014-10-16,1,random_forest,1,0.5652538654,0.04649158855
2014-10-17,1,catboost,1,0.6411871122,0.04223479307
2014-10-17,1,logistic_regression,1,0.5138404754,0.04223479307
2014-10-17,1,majority_baseline,1,0.5747460087,0.04223479307
2014-10-17,1,random_forest,1,0.4922354966,0.04223479307
2014-10-20,1,catboost,1,0.7391344689,0.03079348662
2014-10-20,1,logistic_regression,1,0.4735035296,0.03079348662
2014-10-20,1,majority_baseline,1,0.5747460087,0.03079348662
2014-10-20,1,random_forest,1,0.5338959095,0.03079348662
2014-10-21,1,catboost,1,0.7864532937,0.02236304548
2014-10-21,1,logistic_regression,1,0.514290145,0.02236304548
2014-10-21,1,majority_baseline,1,0.5747460087,0.02236304548
2014-10-21,1,random_forest,1,0.4927047688,0.02236304548
2014-10-22,1,catboost,1,0.6949864157,0.02812807168
2014-10-22,1,logistic_regression,1,0.4195057224,0.02812807168
2014-10-22,1,majority_baseline,1,0.5747460087,0.02812807168
2014-10-22,1,random_forest,1,0.4615226285,0.02812807168
2014-10-23,1,catboost,1,0.5052595028,0.02282877118
2014-10-23,1,logistic_regression,1,0.4595843415,0.02282877118
2014-10-23,1,majority_baseline,1,0.5747460087,0.02282877118
2014-10-23,1,random_forest,1,0.4759858154,0.02282877118
2014-10-24,1,catboost,1,0.3848039013,0.0266253179
2014-10-24,1,logistic_regression,1,0.497542523,0.0266253179
2014-10-24,1,majority_baseline,1,0.5747460087,0.0266253179
2014-10-24,1,random_forest,1,0.4688248167,0.0266253179
2014-10-27,1,catboost,1,0.4611540795,0.02859910529
2014-10-27,1,logistic_regression,1,0.5732327699,0.02859910529
2014-10-27,1,majority_baseline,1,0.5747460087,0.02859910529
2014-10-27,1,random_forest,1,0.498403337,0.02859910529
2014-10-28,1,catboost,1,0.3006260154,0.01340660022
2014-10-28,1,logistic_regression,1,0.6536016626,0.01340660022
2014-10-28,1,majority_baseline,1,0.5747460087,0.01340660022
2014-10-28,1,random_forest,1,0.4180179972,0.01340660022
2014-10-29,1,catboost,1,0.1700637802,0.0213517525
2014-10-29,1,logistic_regression,1,0.6284753698,0.0213517525
2014-10-29,1,majority_baseline,1,0.5747460087,0.0213517525
2014-10-29,1,random_forest,1,0.3847832581,0.0213517525
2014-10-30,1,catboost,1,0.3101345631,0.01890856108
2014-10-30,1,logistic_regression,1,0.6382332863,0.01890856108
2014-10-30,1,majority_baseline,1,0.5747460087,0.01890856108
2014-10-30,1,random_forest,1,0.4278709154,0.01890856108
2014-10-31,1,catboost,1,0.5503663791,0.008330817064
2014-10-31,1,logistic_regression,1,0.609213442,0.008330817064
2014-10-31,1,majority_baseline,1,0.5747460087,0.008330817064
2014-10-31,1,random_forest,1,0.4645726497,0.008330817064
2014-11-03,1,catboost,1,0.4743858165,0.01095302252
2014-11-03,1,logistic_regression,1,0.546787569,0.01095302252
2014-11-03,1,majority_baseline,1,0.5747460087,0.01095302252
2014-11-03,1,random_forest,1,0.4939849389,0.01095302252
2014-11-04,1,catboost,1,0.5746581139,0.01546717704
2014-11-04,1,logistic_regression,1,0.5839354334,0.01546717704
2014-11-04,1,majority_baseline,1,0.5747460087,0.01546717704
2014-11-04,1,random_forest,1,0.5503245548,0.01546717704
2014-11-05,1,catboost,1,0.4887093153,0.008006377531
2014-11-05,1,logistic_regression,1,0.5934186364,0.008006377531
2014-11-05,1,majority_baseline,1,0.5747460087,0.008006377531
2014-11-05,1,random_forest,1,0.4813755395,0.008006377531
2014-11-06,1,catboost,1,0.3624601787,0.005119411918
2014-11-06,1,logistic_regression,1,0.5885177266,0.005119411918
2014-11-06,1,majority_baseline,1,0.5747460087,0.005119411918
2014-11-06,1,random_forest,1,0.407756082,0.005119411918
2014-11-07,1,catboost,1,0.500152674,0.004426129716
2014-11-07,1,logistic_regression,1,0.5710924779,0.004426129716
2014-11-07,1,majority_baseline,1,0.5747460087,0.004426129716
2014-11-07,1,random_forest,1,0.5477202615,0.004426129716
2014-11-10,1,catboost,1,0.5992018489,0.001911949251
2014-11-10,1,logistic_regression,1,0.5844721773,0.001911949251
2014-11-10,1,majority_baseline,1,0.5747460087,0.001911949251
2014-11-10,1,random_forest,1,0.5355673197,0.001911949251
2014-11-11,1,catboost,1,0.4378757131,0.006709817068
2014-11-11,1,logistic_regression,1,0.5525747546,0.006709817068
2014-11-11,1,majority_baseline,1,0.5747460087,0.006709817068
2014-11-11,1,random_forest,1,0.5393914019,0.006709817068
2014-11-12,1,catboost,1,0.494437743,0.006177654729
2014-11-12,1,logistic_regression,1,0.6431470881,0.006177654729
2014-11-12,1,majority_baseline,1,0.5747460087,0.006177654729
2014-11-12,1,random_forest,1,0.5096588672,0.006177654729
2014-11-13,1,catboost,1,0.670193497,0.00680738226
2014-11-13,1,logistic_regression,1,0.6007762897,0.00680738226
2014-11-13,1,majority_baseline,1,0.5747460087,0.00680738226
2014-11-13,1,random_forest,1,0.4957393637,0.00680738226
2014-11-14,1,catboost,1,0.607803784,0.01194666634
2014-11-14,1,logistic_regression,1,0.5749299825,0.01194666634
2014-11-14,1,majority_baseline,1,0.5747460087,0.01194666634
2014-11-14,1,random_forest,1,0.5453866032,0.01194666634
2014-11-17,1,catboost,1,0.8094699693,0.01414101614
2014-11-17,1,logistic_regression,1,0.5953566159,0.01414101614
2014-11-17,1,majority_baseline,1,0.5747460087,0.01414101614
2014-11-17,1,random_forest,1,0.5968574488,0.01414101614
2014-11-18,1,catboost,1,0.5867347619,0.007589382031
2014-11-18,1,logistic_regression,1,0.6255325737,0.007589382031
2014-11-18,1,majority_baseline,1,0.5747460087,0.007589382031
2014-11-18,1,random_forest,1,0.5516346848,0.007589382031
2014-11-19,1,catboost,1,0.8206234979,0.01179221414
2014-11-19,1,logistic_regression,1,0.6033564398,0.01179221414
2014-11-19,1,majority_baseline,1,0.5747460087,0.01179221414
2014-11-19,1,random_forest,1,0.6809597788,0.01179221414
2014-11-20,1,catboost,1,0.6932556443,0.007880120079
2014-11-20,1,logistic_regression,1,0.6127051846,0.007880120079
2014-11-20,1,majority_baseline,1,0.5747460087,0.007880120079
2014-11-20,1,random_forest,1,0.6825192411,0.007880120079
2014-11-21,1,catboost,0,0.5903166339,-0.004451317169
2014-11-21,1,logistic_regression,0,0.5810389236,-0.004451317169
2014-11-21,1,majority_baseline,0,0.5747460087,-0.004451317169
2014-11-21,1,random_forest,0,0.5917701421,-0.004451317169
2014-11-24,1,catboost,0,0.7070907528,-0.0008202171404
2014-11-24,1,logistic_regression,0,0.5473263524,-0.0008202171404
2014-11-24,1,majority_baseline,0,0.5747460087,-0.0008202171404
2014-11-24,1,random_forest,0,0.653463222,-0.0008202171404
2014-11-25,1,catboost,1,0.8210765946,0.00376610882
2014-11-25,1,logistic_regression,1,0.6228889272,0.00376610882
2014-11-25,1,majority_baseline,1,0.5747460087,0.00376610882
2014-11-25,1,random_forest,1,0.7132973443,0.00376610882
2014-11-26,1,catboost,1,0.8309778047,9.6341264e-05
2014-11-26,1,logistic_regression,1,0.6087899083,9.6341264e-05
2014-11-26,1,majority_baseline,1,0.5747460087,9.6341264e-05
2014-11-26,1,random_forest,1,0.6887423603,9.6341264e-05
2014-11-28,1,catboost,1,0.9136111887,0.00386101888
2014-11-28,1,logistic_regression,1,0.6339990618,0.00386101888
2014-11-28,1,majority_baseline,1,0.5747460087,0.00386101888
2014-11-28,1,random_forest,1,0.7482480075,0.00386101888
2014-12-01,1,catboost,1,0.9514733963,0.004131056195
2014-12-01,1,logistic_regression,1,0.649350787,0.004131056195
2014-12-01,1,majority_baseline,1,0.5747460087,0.004131056195
2014-12-01,1,random_forest,1,0.7285202073,0.004131056195
2014-12-02,1,catboost,0,0.8625651386,-0.002993843793
2014-12-02,1,logistic_regression,0,0.6314980661,-0.002993843793
2014-12-02,1,majority_baseline,0,0.5747460087,-0.002993843793
2014-12-02,1,random_forest,0,0.6603721638,-0.002993843793
2014-12-03,1,catboost,0,0.9030878799,-0.02275239653
2014-12-03,1,logistic_regression,0,0.6203564002,-0.02275239653
2014-12-03,1,majority_baseline,0,0.5747460087,-0.02275239653
2014-12-03,1,random_forest,0,0.7058024396,-0.02275239653
2014-12-04,1,catboost,0,0.8540603326,-0.0167100127
2014-12-04,1,logistic_regression,0,0.6296018619,-0.0167100127
2014-12-04,1,majority_baseline,0,0.5747460087,-0.0167100127
2014-12-04,1,random_forest,0,0.6987844305,-0.0167100127
2014-12-05,1,catboost,0,0.9111223339,-0.03418269519
2014-12-05,1,logistic_regression,0,0.5813212877,-0.03418269519
2014-12-05,1,majority_baseline,0,0.5747460087,-0.03418269519
2014-12-05,1,random_forest,0,0.7413359896,-0.03418269519
2014-12-08,1,catboost,0,0.9481954642,-0.03436429059
2014-12-08,1,logistic_regression,0,0.5553996653,-0.03436429059
2014-12-08,1,majority_baseline,0,0.5747460087,-0.03436429059
2014-12-08,1,random_forest,0,0.7021196016,-0.03436429059
2014-12-09,1,catboost,0,0.9414955851,-0.04145879523
2014-12-09,1,logistic_regression,0,0.5615866511,-0.04145879523
2014-12-09,1,majority_baseline,0,0.5747460087,-0.04145879523
2014-12-09,1,random_forest,0,0.6902345427,-0.04145879523
2014-12-10,1,catboost,0,0.9482645156,-0.006743504504
2014-12-10,1,logistic_regression,0,0.5607615694,-0.006743504504
2014-12-10,1,majority_baseline,0,0.5747460087,-0.006743504504
2014-12-10,1,random_forest,0,0.5729868141,-0.006743504504
2014-12-11,1,catboost,1,0.849839628,0.01268424688
2014-12-11,1,logistic_regression,1,0.5514494905,0.01268424688
2014-12-11,1,majority_baseline,1,0.5747460087,0.01268424688
2014-12-11,1,random_forest,1,0.5456626749,0.01268424688
2014-12-12,1,catboost,1,0.7693199245,0.02802531195
2014-12-12,1,logistic_regression,1,0.5674720734,0.02802531195
2014-12-12,1,majority_baseline,1,0.5747460087,0.02802531195
2014-12-12,1,random_forest,1,0.4156377913,0.02802531195
2014-12-15,1,catboost,1,0.7703077044,0.03989778417
2014-12-15,1,logistic_regression,1,0.6121052237,0.03989778417
2014-12-15,1,majority_baseline,1,0.5747460087,0.03989778417
2014-12-15,1,random_forest,1,0.3943356875,0.03989778417
2014-12-16,1,catboost,1,0.8964342478,0.04971954988
2014-12-16,1,logistic_regression,1,0.6237779454,0.04971954988
2014-12-16,1,majority_baseline,1,0.5747460087,0.04971954988
2014-12-16,1,random_forest,1,0.4940906645,0.04971954988
2014-12-17,1,catboost,1,0.353514136,0.02963482432
2014-12-17,1,logistic_regression,1,0.5185604871,0.02963482432
2014-12-17,1,majority_baseline,1,0.5747460087,0.02963482432
2014-12-17,1,random_forest,1,0.3816320672,0.02963482432
2014-12-18,1,catboost,1,0.6091238033,0.008027873148
2014-12-18,1,logistic_regression,1,0.5589227909,0.008027873148
2014-12-18,1,majority_baseline,1,0.5747460087,0.008027873148
2014-12-18,1,random_forest,1,0.4959680659,0.008027873148
2014-12-19,1,catboost,1,0.5108437676,0.01065270605
2014-12-19,1,logistic_regression,1,0.3676761397,0.01065270605
2014-12-19,1,majority_baseline,1,0.5747460087,0.01065270605
2014-12-19,1,random_forest,1,0.457588418,0.01065270605
2014-12-22,1,catboost,1,0.6945160548,0.0006266202306
2014-12-22,1,logistic_regression,1,0.3932154114,0.0006266202306
2014-12-22,1,majority_baseline,1,0.5747460087,0.0006266202306
2014-12-22,1,random_forest,1,0.5535382527,0.0006266202306
2014-12-23,1,catboost,0,0.6999383393,-0.01063781805
2014-12-23,1,logistic_regression,0,0.3986397101,-0.01063781805
2014-12-23,1,majority_baseline,0,0.5747460087,-0.01063781805
2014-12-23,1,random_forest,0,0.5246878447,-0.01063781805
2014-12-24,1,catboost,0,0.8763046246,-0.01126250927
2014-12-24,1,logistic_regression,0,0.4999995452,-0.01126250927
2014-12-24,1,majority_baseline,0,0.5747460087,-0.01126250927
2014-12-24,1,random_forest,0,0.6276501613,-0.01126250927
2014-12-26,1,catboost,0,0.8094402985,-0.03223949877
2014-12-26,1,logistic_regression,0,0.6361881326,-0.03223949877
2014-12-26,1,majority_baseline,0,0.5747460087,-0.03223949877
2014-12-26,1,random_forest,0,0.6042954513,-0.03223949877
2014-12-29,1,catboost,0,0.8539875255,-0.0426408291
2014-12-29,1,logistic_regression,0,0.6601115638,-0.0426408291
2014-12-29,1,majority_baseline,0,0.5747460087,-0.0426408291
2014-12-29,1,random_forest,0,0.5753150372,-0.0426408291
2014-12-30,1,catboost,0,0.7794800685,-0.02548173576
2014-12-30,1,logistic_regression,0,0.6566057843,-0.02548173576
2014-12-30,1,majority_baseline,0,0.5747460087,-0.02548173576
2014-12-30,1,random_forest,0,0.574895591,-0.02548173576
2014-12-31,1,catboost,1,0.6375996909,0.001751486872
2014-12-31,1,logistic_regression,1,0.759601023,0.001751486872
2014-12-31,1,majority_baseline,1,0.5747460087,0.001751486872
2014-12-31,1,random_forest,1,0.5080078035,0.001751486872
2015-01-02,1,catboost,0,0.6290965415,-0.005744013737
2015-01-02,1,logistic_regression,0,0.6710666181,-0.005744013737
2015-01-02,1,majority_baseline,0,0.5747460087,-0.005744013737
2015-01-02,1,random_forest,0,0.50363561,-0.005744013737
2015-01-05,1,catboost,1,0.4801075923,0.004610314765
2015-01-05,1,logistic_regression,1,0.6526276807,0.004610314765
2015-01-05,1,majority_baseline,1,0.5747460087,0.004610314765
2015-01-05,1,random_forest,1,0.4366854494,0.004610314765
2015-01-06,1,catboost,1,0.576118998,0.01131015122
2015-01-06,1,logistic_regression,1,0.6681029185,0.01131015122
2015-01-06,1,majority_baseline,1,0.5747460087,0.01131015122
2015-01-06,1,random_forest,1,0.503170331,0.01131015122
2015-01-07,1,catboost,0,0.8052846398,-0.007167203881
2015-01-07,1,logistic_regression,0,0.5879978748,-0.007167203881
2015-01-07,1,majority_baseline,0,0.5747460087,-0.007167203881
2015-01-07,1,random_forest,0,0.514203933,-0.007167203881
2015-01-08,1,catboost,0,0.8499414605,-0.03341422926
2015-01-08,1,logistic_regression,0,0.546441327,-0.03341422926
2015-01-08,1,majority_baseline,0,0.5747460087,-0.03341422926
2015-01-08,1,random_forest,0,0.5387150484,-0.03341422926
2015-01-09,1,catboost,0,0.6601314496,-0.01282739339
2015-01-09,1,logistic_regression,0,0.5357588579,-0.01282739339
2015-01-09,1,majority_baseline,0,0.5747460087,-0.01282739339
2015-01-09,1,random_forest,0,0.4823461338,-0.01282739339
2015-01-12,1,catboost,0,0.6208428258,-0.002911405466
2015-01-12,1,logistic_regression,0,0.4986527264,-0.002911405466
2015-01-12,1,majority_baseline,0,0.5747460087,-0.002911405466
2015-01-12,1,random_forest,0,0.4639148553,-0.002911405466
2015-01-13,1,catboost,1,0.66054081,0.004948535189
2015-01-13,1,logistic_regression,1,0.5253099028,0.004948535189
2015-01-13,1,majority_baseline,1,0.5747460087,0.004948535189
2015-01-13,1,random_forest,1,0.4628301101,0.004948535189
2015-01-14,1,catboost,1,0.5372648355,0.02608784967
2015-01-14,1,logistic_regression,1,0.4953642929,0.02608784967
2015-01-14,1,majority_baseline,1,0.5747460087,0.02608784967
2015-01-14,1,random_forest,1,0.4308420307,0.02608784967
2015-01-15,1,catboost,1,0.4778732564,0.02989647659
2015-01-15,1,logistic_regression,1,0.6057408912,0.02989647659
2015-01-15,1,majority_baseline,1,0.5747460087,0.02989647659
2015-01-15,1,random_forest,1,0.4214694652,0.02989647659
2015-01-16,1,catboost,1,0.6996001204,0.01894555328
2015-01-16,1,logistic_regression,1,0.5840174263,0.01894555328
2015-01-16,1,majority_baseline,1,0.5747460087,0.01894555328
2015-01-16,1,random_forest,1,0.4587897636,0.01894555328
2015-01-20,1,catboost,1,0.4550194889,0.003365376166
2015-01-20,1,logistic_regression,1,0.5906344288,0.003365376166
2015-01-20,1,majority_baseline,1,0.5747460087,0.003365376166
2015-01-20,1,random_forest,1,0.4807594576,0.003365376166
2015-01-21,1,catboost,0,0.4919637755,-0.01447706507
2015-01-21,1,logistic_regression,0,0.6354662058,-0.01447706507
2015-01-21,1,majority_baseline,0,0.5747460087,-0.01447706507
2015-01-21,1,random_forest,0,0.5104383146,-0.01447706507
2015-01-22,1,catboost,0,0.683009881,-0.01994177816
2015-01-22,1,logistic_regression,0,0.577594129,-0.01994177816
2015-01-22,1,majority_baseline,0,0.5747460087,-0.01994177816
2015-01-22,1,random_forest,0,0.5207065369,-0.01994177816
2015-01-23,1,catboost,0,0.6814280578,-0.02693079118
2015-01-23,1,logistic_regression,0,0.4331717881,-0.02693079118
2015-01-23,1,majority_baseline,0,0.5747460087,-0.02693079118
2015-01-23,1,random_forest,0,0.5291566308,-0.02693079118
2015-01-26,1,catboost,0,0.5522874294,-0.01718178999
2015-01-26,1,logistic_regression,0,0.5528839237,-0.01718178999
2015-01-26,1,majority_baseline,0,0.5747460087,-0.01718178999
2015-01-26,1,random_forest,0,0.5228809724,-0.01718178999
2015-01-27,1,catboost,1,0.8195975473,0.01035804845
2015-01-27,1,logistic_regression,1,0.6221947952,0.01035804845
2015-01-27,1,majority_baseline,1,0.5747460087,0.01035804845
2015-01-27,1,random_forest,1,0.55626731,0.01035804845
2015-01-28,1,catboost,1,0.7411086562,0.01958628066
2015-01-28,1,logistic_regression,1,0.656645156,0.01958628066
2015-01-28,1,majority_baseline,1,0.5747460087,0.01958628066
2015-01-28,1,random_forest,1,0.5315280828,0.01958628066
2015-01-29,1,catboost,1,0.8147566659,0.02044650472
2015-01-29,1,logistic_regression,1,0.6650035908,0.02044650472
2015-01-29,1,majority_baseline,1,0.5747460087,0.02044650472
2015-01-29,1,random_forest,1,0.5900656716,0.02044650472
2015-01-30,1,catboost,1,0.7734904232,0.03058413785
2015-01-30,1,logistic_regression,1,0.6360667436,0.03058413785
2015-01-30,1,majority_baseline,1,0.5747460087,0.03058413785
2015-01-30,1,random_forest,1,0.5550393954,0.03058413785
2015-02-02,1,catboost,1,0.7949338714,0.01342119019
2015-02-02,1,logistic_regression,1,0.6526181379,0.01342119019
2015-02-02,1,majority_baseline,1,0.5747460087,0.01342119019
2015-02-02,1,random_forest,1,0.5781146226,0.01342119019
2015-02-03,1,catboost,1,0.7896266979,0.009617268774
2015-02-03,1,logistic_regression,1,0.5743351166,0.009617268774
2015-02-03,1,majority_baseline,1,0.5747460087,0.009617268774
2015-02-03,1,random_forest,1,0.568981885,0.009617268774
2015-02-04,1,catboost,1,0.6950897674,0.01406446699
2015-02-04,1,logistic_regression,1,0.5228544999,0.01406446699
2015-02-04,1,majority_baseline,1,0.5747460087,0.01406446699
2015-02-04,1,random_forest,1,0.4754774076,0.01406446699
2015-02-05,1,catboost,1,0.6860469447,0.01358433518
2015-02-05,1,logistic_regression,1,0.5270558399,0.01358433518
2015-02-05,1,majority_baseline,1,0.5747460087,0.01358433518
2015-02-05,1,random_forest,1,0.5392883547,0.01358433518
2015-02-06,1,catboost,1,0.4800210914,0.02057891334
2015-02-06,1,logistic_regression,1,0.5288400995,0.02057891334
2015-02-06,1,majority_baseline,1,0.5747460087,0.02057891334
2015-02-06,1,random_forest,1,0.4859867971,0.02057891334
2015-02-09,1,catboost,1,0.6225316517,0.02678002037
2015-02-09,1,logistic_regression,1,0.5459031398,0.02678002037
2015-02-09,1,majority_baseline,1,0.5747460087,0.02678002037
2015-02-09,1,random_forest,1,0.5479126728,0.02678002037
2015-02-10,1,catboost,1,0.6469445412,0.01605341782
2015-02-10,1,logistic_regression,1,0.6433583699,0.01605341782
2015-02-10,1,majority_baseline,1,0.5747460087,0.01605341782
2015-02-10,1,random_forest,1,0.5560384657,0.01605341782
2015-02-11,1,catboost,1,0.5623219966,0.01473929883
2015-02-11,1,logistic_regression,1,0.6199157007,0.01473929883
2015-02-11,1,majority_baseline,1,0.5747460087,0.01473929883
2015-02-11,1,random_forest,1,0.5489380148,0.01473929883
2015-02-12,1,catboost,1,0.7160087687,0.01110476412
2015-02-12,1,logistic_regression,1,0.6259385963,0.01110476412
2015-02-12,1,majority_baseline,1,0.5747460087,0.01110476412
2015-02-12,1,random_forest,1,0.568585895,0.01110476412
2015-02-13,1,catboost,1,0.5061425358,0.006816702775
2015-02-13,1,logistic_regression,1,0.6083101479,0.006816702775
2015-02-13,1,majority_baseline,1,0.5747460087,0.006816702775
2015-02-13,1,random_forest,1,0.4726778692,0.006816702775
2015-02-17,1,catboost,1,0.5023791434,0.008090985651
2015-02-17,1,logistic_regression,1,0.5806760794,0.008090985651
2015-02-17,1,majority_baseline,1,0.5747460087,0.008090985651
2015-02-17,1,random_forest,1,0.5043616557,0.008090985651
2015-02-18,1,catboost,1,0.6054442187,0.007138437943
2015-02-18,1,logistic_regression,1,0.5846918029,0.007138437943
2015-02-18,1,majority_baseline,1,0.5747460087,0.007138437943
2015-02-18,1,random_forest,1,0.569334105,0.007138437943
2015-02-19,1,catboost,1,0.6052269713,0.006667345598
2015-02-19,1,logistic_regression,1,0.5978810693,0.006667345598
2015-02-19,1,majority_baseline,1,0.5747460087,0.006667345598
2015-02-19,1,random_forest,1,0.5651453186,0.006667345598
2015-02-20,1,catboost,0,0.3871011262,-0.002745700553
2015-02-20,1,logistic_regression,0,0.5997819035,-0.002745700553
2015-02-20,1,majority_baseline,0,0.5747460087,-0.002745700553
2015-02-20,1,random_forest,0,0.4996444409,-0.002745700553
2015-02-23,1,catboost,1,0.5350718105,0.003693001161
2015-02-23,1,logistic_regression,1,0.5702577897,0.003693001161
2015-02-23,1,majority_baseline,1,0.5747460087,0.003693001161
2015-02-23,1,random_forest,1,0.5666239992,0.003693001161
2015-02-24,1,catboost,0,0.6267454141,-0.003257648401
2015-02-24,1,logistic_regression,0,0.6378262023,-0.003257648401
2015-02-24,1,majority_baseline,0,0.5747460087,-0.003257648401
2015-02-24,1,random_forest,0,0.5465473202,-0.003257648401
2015-02-25,1,catboost,0,0.4466467106,-0.006615362508
2015-02-25,1,logistic_regression,0,0.6083202633,-0.006615362508
2015-02-25,1,majority_baseline,0,0.5747460087,-0.006615362508
2015-02-25,1,random_forest,0,0.5204346808,-0.006615362508
2015-02-26,1,catboost,0,0.6480039521,-0.004352342599
2015-02-26,1,logistic_regression,0,0.611506202,-0.004352342599
2015-02-26,1,majority_baseline,0,0.5747460087,-0.004352342599
2015-02-26,1,random_forest,0,0.5558908631,-0.004352342599
2015-02-27,1,catboost,0,0.5631384858,-0.015000492
2015-02-27,1,logistic_regression,0,0.6117759091,-0.015000492
2015-02-27,1,majority_baseline,0,0.5747460087,-0.015000492
2015-02-27,1,random_forest,0,0.5300794536,-0.015000492
2015-03-02,1,catboost,0,0.6919706407,-0.01712347189
2015-03-02,1,logistic_regression,0,0.5752515,-0.01712347189
2015-03-02,1,majority_baseline,0,0.5747460087,-0.01712347189
2015-03-02,1,random_forest,0,0.5559949653,-0.01712347189
2015-03-03,1,catboost,0,0.6249533581,-0.02908298381
2015-03-03,1,logistic_regression,0,0.5840126711,-0.02908298381
2015-03-03,1,majority_baseline,0,0.5747460087,-0.02908298381
2015-03-03,1,random_forest,0,0.5740860969,-0.02908298381
2015-03-04,1,catboost,0,0.7356442106,-0.02725584273
2015-03-04,1,logistic_regression,0,0.5664854223,-0.02725584273
2015-03-04,1,majority_baseline,0,0.5747460087,-0.02725584273
2015-03-04,1,random_forest,0,0.6009518027,-0.02725584273
2015-03-05,1,catboost,0,0.8583512553,-0.01596503133
2015-03-05,1,logistic_regression,0,0.6094298286,-0.01596503133
2015-03-05,1,majority_baseline,0,0.5747460087,-0.01596503133
2015-03-05,1,random_forest,0,0.6609704234,-0.01596503133
2015-03-06,1,catboost,0,0.9096140379,-0.008048184096
2015-03-06,1,logistic_regression,0,0.6047123958,-0.008048184096
2015-03-06,1,majority_baseline,0,0.5747460087,-0.008048184096
2015-03-06,1,random_forest,0,0.5501281104,-0.008048184096
2015-03-09,1,catboost,1,0.9122989796,0.001055870606
2015-03-09,1,logistic_regression,1,0.5876940681,0.001055870606
2015-03-09,1,majority_baseline,1,0.5747460087,0.001055870606
2015-03-09,1,random_forest,1,0.6084259733,0.001055870606
2015-03-10,1,catboost,1,0.4591448438,0.01453805768
2015-03-10,1,logistic_regression,1,0.5968046254,0.01453805768
2015-03-10,1,majority_baseline,1,0.5747460087,0.01453805768
2015-03-10,1,random_forest,1,0.3994719531,0.01453805768
2015-03-11,1,catboost,1,0.7451022002,0.02914428704
2015-03-11,1,logistic_regression,1,0.5834894014,0.02914428704
2015-03-11,1,majority_baseline,1,0.5747460087,0.02914428704
2015-03-11,1,random_forest,1,0.4531039831,0.02914428704
2015-03-12,1,catboost,1,0.3002505126,0.01158857474
2015-03-12,1,logistic_regression,1,0.6141585747,0.01158857474
2015-03-12,1,majority_baseline,1,0.5747460087,0.01158857474
2015-03-12,1,random_forest,1,0.3744320639,0.01158857474
2015-03-13,1,catboost,1,0.2567424258,0.02225138153
2015-03-13,1,logistic_regression,1,0.5895919552,0.02225138153
2015-03-13,1,majority_baseline,1,0.5747460087,0.02225138153
2015-03-13,1,random_forest,1,0.3615563532,0.02225138153
2015-03-16,1,catboost,1,0.2567838391,0.006807930711
2015-03-16,1,logistic_regression,1,0.5281151377,0.006807930711
2015-03-16,1,majority_baseline,1,0.5747460087,0.006807930711
2015-03-16,1,random_forest,1,0.3467353355,0.006807930711
2015-03-17,1,catboost,1,0.2609020988,0.004135413408
2015-03-17,1,logistic_regression,1,0.4921248129,0.004135413408
2015-03-17,1,majority_baseline,1,0.5747460087,0.004135413408
2015-03-17,1,random_forest,1,0.3620336806,0.004135413408
2015-03-18,1,catboost,0,0.4767646733,-0.02233209185
2015-03-18,1,logistic_regression,0,0.5595050859,-0.02233209185
2015-03-18,1,majority_baseline,0,0.5747460087,-0.02233209185
2015-03-18,1,random_forest,0,0.4142566096,-0.02233209185
2015-03-19,1,catboost,0,0.3031888111,-0.02019091026
2015-03-19,1,logistic_regression,0,0.4709073345,-0.02019091026
2015-03-19,1,majority_baseline,0,0.5747460087,-0.02019091026
2015-03-19,1,random_forest,0,0.3997583879,-0.02019091026
2015-03-20,1,catboost,0,0.2403125384,-0.02219475366
2015-03-20,1,logistic_regression,0,0.5287336749,-0.02219475366
2015-03-20,1,majority_baseline,0,0.5747460087,-0.02219475366
2015-03-20,1,random_forest,0,0.3920116963,-0.02219475366
2015-03-23,1,catboost,0,0.4167795687,-0.008333333333
2015-03-23,1,logistic_regression,0,0.5545003815,-0.008333333333
2015-03-23,1,majority_baseline,0,0.5747460087,-0.008333333333
2015-03-23,1,random_forest,0,0.5059651438,-0.008333333333
2015-03-24,1,catboost,0,0.3522598075,-0.01144533338
2015-03-24,1,logistic_regression,0,0.6609739717,-0.01144533338
2015-03-24,1,majority_baseline,0,0.5747460087,-0.01144533338
2015-03-24,1,random_forest,0,0.483208981,-0.01144533338
2015-03-25,1,catboost,0,0.5006057827,-0.00029159021
2015-03-25,1,logistic_regression,0,0.7462027987,-0.00029159021
2015-03-25,1,majority_baseline,0,0.5747460087,-0.00029159021
2015-03-25,1,random_forest,0,0.4777669907,-0.00029159021
2015-03-26,1,catboost,1,0.4693221268,0.005699800631
2015-03-26,1,logistic_regression,1,0.6227506387,0.005699800631
2015-03-26,1,majority_baseline,1,0.5747460087,0.005699800631
2015-03-26,1,random_forest,1,0.4598755333,0.005699800631
2015-03-27,1,catboost,1,0.804102464,0.01015843416
2015-03-27,1,logistic_regression,1,0.6364808433,0.01015843416
2015-03-27,1,majority_baseline,1,0.5747460087,0.01015843416
2015-03-27,1,random_forest,1,0.5489250219,0.01015843416
2015-03-30,1,catboost,0,0.4892369783,-0.004657868908
2015-03-30,1,logistic_regression,0,0.6166993488,-0.004657868908
2015-03-30,1,majority_baseline,0,0.5747460087,-0.004657868908
2015-03-30,1,random_forest,0,0.4786112028,-0.004657868908
2015-03-31,1,catboost,1,0.5438201389,0.007508613355
2015-03-31,1,logistic_regression,1,0.6160700787,0.007508613355
2015-03-31,1,majority_baseline,1,0.5747460087,0.007508613355
2015-03-31,1,random_forest,1,0.5223787855,0.007508613355
2015-04-01,1,catboost,1,0.4340616696,0.01555662153
2015-04-01,1,logistic_regression,1,0.5387184172,0.01555662153
2015-04-01,1,majority_baseline,1,0.5747460087,0.01555662153
2015-04-01,1,random_forest,1,0.4392765756,0.01555662153
2015-04-02,1,catboost,1,0.5631927732,0.01743843663
2015-04-02,1,logistic_regression,1,0.545534093,0.01743843663
2015-04-02,1,majority_baseline,1,0.5747460087,0.01743843663
2015-04-02,1,random_forest,1,0.5111821998,0.01743843663
2015-04-06,1,catboost,1,0.2600748631,0.00606262084
2015-04-06,1,logistic_regression,1,0.5828151783,0.00606262084
2015-04-06,1,majority_baseline,1,0.5747460087,0.00606262084
2015-04-06,1,random_forest,1,0.4451888327,0.00606262084
2015-04-07,1,catboost,1,0.3956659561,0.01066193898
2015-04-07,1,logistic_regression,1,0.572514736,0.01066193898
2015-04-07,1,majority_baseline,1,0.5747460087,0.01066193898
2015-04-07,1,random_forest,1,0.4783037832,0.01066193898
2015-04-08,1,catboost,1,0.2463725726,0.01177996466
2015-04-08,1,logistic_regression,1,0.5871826469,0.01177996466
2015-04-08,1,majority_baseline,1,0.5747460087,0.01177996466
2015-04-08,1,random_forest,1,0.4416231862,0.01177996466
2015-04-09,1,catboost,1,0.2018573406,0.007036865691
2015-04-09,1,logistic_regression,1,0.5992336067,0.007036865691
2015-04-09,1,majority_baseline,1,0.5747460087,0.007036865691
2015-04-09,1,random_forest,1,0.4567205749,0.007036865691
2015-04-10,1,catboost,0,0.4088221657,-0.0099504688
2015-04-10,1,logistic_regression,0,0.5993402067,-0.0099504688
2015-04-10,1,majority_baseline,0,0.5747460087,-0.0099504688
2015-04-10,1,random_forest,0,0.5135199472,-0.0099504688
2015-04-13,1,catboost,1,0.2666228804,0.003634845346
2015-04-13,1,logistic_regression,1,0.6313358002,0.003634845346
2015-04-13,1,majority_baseline,1,0.5747460087,0.003634845346
2015-04-13,1,random_forest,1,0.4885071778,0.003634845346
2015-04-14,1,catboost,1,0.2173166633,0.0005250875799
2015-04-14,1,logistic_regression,1,0.6056406052,0.0005250875799
2015-04-14,1,majority_baseline,1,0.5747460087,0.0005250875799
2015-04-14,1,random_forest,1,0.4534895359,0.0005250875799
2015-04-15,1,catboost,1,0.3790172433,0.0009504928334
2015-04-15,1,logistic_regression,1,0.6168671592,0.0009504928334
2015-04-15,1,majority_baseline,1,0.5747460087,0.0009504928334
2015-04-15,1,random_forest,1,0.50588146,0.0009504928334
2015-04-16,1,catboost,1,0.355140862,0.003755329269
2015-04-16,1,logistic_regression,1,0.6220128329,0.003755329269
2015-04-16,1,majority_baseline,1,0.5747460087,0.003755329269
2015-04-16,1,random_forest,1,0.5283164262,0.003755329269
2015-04-17,1,catboost,1,0.4474444071,0.01779272448
2015-04-17,1,logistic_regression,1,0.6915627752,0.01779272448
2015-04-17,1,majority_baseline,1,0.5747460087,0.01779272448
2015-04-17,1,random_forest,1,0.4657085117,0.01779272448
2015-04-20,1,catboost,1,0.5618050092,0.004384075164
2015-04-20,1,logistic_regression,1,0.5628192609,0.004384075164
2015-04-20,1,majority_baseline,1,0.5747460087,0.004384075164
2015-04-20,1,random_forest,1,0.5183288854,0.004384075164
2015-04-21,1,catboost,1,0.1916649971,0.008778608046
2015-04-21,1,logistic_regression,1,0.6165450369,0.008778608046
2015-04-21,1,majority_baseline,1,0.5747460087,0.008778608046
2015-04-21,1,random_forest,1,0.4308821189,0.008778608046
2015-04-22,1,catboost,0,0.144323879,-0.0002848483056
2015-04-22,1,logistic_regression,0,0.6446245465,-0.0002848483056
2015-04-22,1,majority_baseline,0,0.5747460087,-0.0002848483056
2015-04-22,1,random_forest,0,0.4440094756,-0.0002848483056
2015-04-23,1,catboost,0,0.4283143504,-0.01278649817
2015-04-23,1,logistic_regression,0,0.6129098422,-0.01278649817
2015-04-23,1,majority_baseline,0,0.5747460087,-0.01278649817
2015-04-23,1,random_forest,0,0.5295323444,-0.01278649817
2015-04-24,1,catboost,0,0.6783606487,-0.004394012411
2015-04-24,1,logistic_regression,0,0.5373522885,-0.004394012411
2015-04-24,1,majority_baseline,0,0.5747460087,-0.004394012411
2015-04-24,1,random_forest,0,0.5963841122,-0.004394012411
2015-04-27,1,catboost,1,0.5089239931,0.002609493708
2015-04-27,1,logistic_regression,1,0.6316029624,0.002609493708
2015-04-27,1,majority_baseline,1,0.5747460087,0.002609493708
2015-04-27,1,random_forest,1,0.5743523619,0.002609493708
2015-04-28,1,catboost,0,0.5774835834,-0.01201290423
2015-04-28,1,logistic_regression,0,0.6096452277,-0.01201290423
2015-04-28,1,majority_baseline,0,0.5747460087,-0.01201290423
2015-04-28,1,random_forest,0,0.5609465488,-0.01201290423
2015-04-29,1,catboost,0,0.6611274877,-0.01201507296
2015-04-29,1,logistic_regression,0,0.5769439156,-0.01201507296
2015-04-29,1,majority_baseline,0,0.5747460087,-0.01201507296
2015-04-29,1,random_forest,0,0.5909627822,-0.01201507296
2015-04-30,1,catboost,1,0.884959052,0.001966748474
2015-04-30,1,logistic_regression,1,0.5585067294,0.001966748474
2015-04-30,1,majority_baseline,1,0.5747460087,0.001966748474
2015-04-30,1,random_forest,1,0.5982829059,0.001966748474
2015-05-01,1,catboost,1,0.5342795391,0.004271041642
2015-05-01,1,logistic_regression,1,0.5925707795,0.004271041642
2015-05-01,1,majority_baseline,1,0.5747460087,0.004271041642
2015-05-01,1,random_forest,1,0.4992189516,0.004271041642
2015-05-04,1,catboost,0,0.7675817567,-0.003359865017
2015-05-04,1,logistic_regression,0,0.5768440275,-0.003359865017
2015-05-04,1,majority_baseline,0,0.5747460087,-0.003359865017
2015-05-04,1,random_forest,0,0.6024836429,-0.003359865017
2015-05-05,1,catboost,1,0.4612660865,0.005169946537
2015-05-05,1,logistic_regression,1,0.6563917523,0.005169946537
2015-05-05,1,majority_baseline,1,0.5747460087,0.005169946537
2015-05-05,1,random_forest,1,0.4710969756,0.005169946537
2015-05-06,1,catboost,1,0.5255804589,0.009517453681
2015-05-06,1,logistic_regression,1,0.603530058,0.009517453681
2015-05-06,1,majority_baseline,1,0.5747460087,0.009517453681
2015-05-06,1,random_forest,1,0.4378887055,0.009517453681
2015-05-07,1,catboost,1,0.3668737679,0.01599086359
2015-05-07,1,logistic_regression,1,0.5561749553,0.01599086359
2015-05-07,1,majority_baseline,1,0.5747460087,0.01599086359
2015-05-07,1,random_forest,1,0.4537510989,0.01599086359
2015-05-08,1,catboost,1,0.6199798021,0.003874904636
2015-05-08,1,logistic_regression,1,0.5563473569,0.003874904636
2015-05-08,1,majority_baseline,1,0.5747460087,0.003874904636
2015-05-08,1,random_forest,1,0.5056960871,0.003874904636
2015-05-11,1,catboost,1,0.4098009515,0.01182282652
2015-05-11,1,logistic_regression,1,0.5590203015,0.01182282652
2015-05-11,1,majority_baseline,1,0.5747460087,0.01182282652
2015-05-11,1,random_forest,1,0.4371803956,0.01182282652
2015-05-12,1,catboost,1,0.3866069936,0.01452520794
2015-05-12,1,logistic_regression,1,0.5941091552,0.01452520794
2015-05-12,1,majority_baseline,1,0.5747460087,0.01452520794
2015-05-12,1,random_forest,1,0.449061611,0.01452520794
2015-05-13,1,catboost,1,0.3030948069,0.01361775327
2015-05-13,1,logistic_regression,1,0.5455455295,0.01361775327
2015-05-13,1,majority_baseline,1,0.5747460087,0.01361775327
2015-05-13,1,random_forest,1,0.4265846417,0.01361775327
2015-05-14,1,catboost,1,0.270807589,0.00607885236
2015-05-14,1,logistic_regression,1,0.5815939004,0.00607885236
2015-05-14,1,majority_baseline,1,0.5747460087,0.00607885236
2015-05-14,1,random_forest,1,0.4449263013,0.00607885236
2015-05-15,1,catboost,1,0.2752131806,0.002588980859
2015-05-15,1,logistic_regression,1,0.5753927236,0.002588980859
2015-05-15,1,majority_baseline,1,0.5747460087,0.002588980859
2015-05-15,1,random_forest,1,0.4893672764,0.002588980859
2015-05-18,1,catboost,0,0.248919719,-0.01126236101
2015-05-18,1,logistic_regression,0,0.5872951518,-0.01126236101
2015-05-18,1,majority_baseline,0,0.5747460087,-0.01126236101
2015-05-18,1,random_forest,0,0.4736094381,-0.01126236101
2015-05-19,1,catboost,0,0.3436186884,-0.001549086522
2015-05-19,1,logistic_regression,0,0.6008707573,-0.001549086522
2015-05-19,1,majority_baseline,0,0.5747460087,-0.001549086522
2015-05-19,1,random_forest,0,0.5039924494,-0.001549086522
2015-05-20,1,catboost,0,0.2738549895,-0.001972934002
2015-05-20,1,logistic_regression,0,0.6247973822,-0.001972934002
2015-05-20,1,majority_baseline,0,0.5747460087,-0.001972934002
2015-05-20,1,random_forest,0,0.4900834711,-0.001972934002
2015-05-21,1,catboost,0,0.4110163137,-0.01105386698
2015-05-21,1,logistic_regression,0,0.6366471088,-0.01105386698
2015-05-21,1,majority_baseline,0,0.5747460087,-0.01105386698
2015-05-21,1,random_forest,0,0.5060569486,-0.01105386698
2015-05-22,1,catboost,0,0.3297630431,-0.006666971047
2015-05-22,1,logistic_regression,0,0.613447017,-0.006666971047
2015-05-22,1,majority_baseline,0,0.5747460087,-0.006666971047
2015-05-22,1,random_forest,0,0.505550825,-0.006666971047
2015-05-26,1,catboost,1,0.4605863895,0.003132433364
2015-05-26,1,logistic_regression,1,0.6947237133,0.003132433364
2015-05-26,1,majority_baseline,1,0.5747460087,0.003132433364
2015-05-26,1,random_forest,1,0.455660413,0.003132433364
2015-05-27,1,catboost,0,0.2800777557,-0.003667130754
2015-05-27,1,logistic_regression,0,0.616692246,-0.003667130754
2015-05-27,1,majority_baseline,0,0.5747460087,-0.003667130754
2015-05-27,1,random_forest,0,0.4365740654,-0.003667130754
2015-05-28,1,catboost,0,0.3957692905,-0.01096677834
2015-05-28,1,logistic_regression,0,0.6042736298,-0.01096677834
2015-05-28,1,majority_baseline,0,0.5747460087,-0.01096677834
2015-05-28,1,random_forest,0,0.4967127053,-0.01096677834
2015-05-29,1,catboost,0,0.3457033768,-0.006488562584
2015-05-29,1,logistic_regression,0,0.6070035681,-0.006488562584
2015-05-29,1,majority_baseline,0,0.5747460087,-0.006488562584
2015-05-29,1,random_forest,0,0.4540802642,-0.006488562584
2015-06-01,1,catboost,0,0.2577168926,-0.01460514956
2015-06-01,1,logistic_regression,0,0.5822872357,-0.01460514956
2015-06-01,1,majority_baseline,0,0.5747460087,-0.01460514956
2015-06-01,1,random_forest,0,0.4202119901,-0.01460514956
2015-06-02,1,catboost,0,0.2307146344,-0.01376799627
2015-06-02,1,logistic_regression,0,0.5700480212,-0.01376799627
2015-06-02,1,majority_baseline,0,0.5747460087,-0.01376799627
2015-06-02,1,random_forest,0,0.3987468229,-0.01376799627
2015-06-03,1,catboost,0,0.4364303576,-0.004577205116
2015-06-03,1,logistic_regression,0,0.5916295832,-0.004577205116
2015-06-03,1,majority_baseline,0,0.5747460087,-0.004577205116
2015-06-03,1,random_forest,0,0.5395804809,-0.004577205116
2015-06-04,1,catboost,1,0.4904800999,0.007138437943
2015-06-04,1,logistic_regression,1,0.569628423,0.007138437943
2015-06-04,1,majority_baseline,1,0.5747460087,0.007138437943
2015-06-04,1,random_forest,1,0.480081447,0.007138437943
2015-06-05,1,catboost,1,0.3232643119,0.001144063475
2015-06-05,1,logistic_regression,1,0.5230491753,0.001144063475
2015-06-05,1,majority_baseline,1,0.5747460087,0.001144063475
2015-06-05,1,random_forest,1,0.3942804641,0.001144063475
2015-06-08,1,catboost,1,0.7737835143,0.003021896167
2015-06-08,1,logistic_regression,1,0.5902430019,0.003021896167
2015-06-08,1,majority_baseline,1,0.5747460087,0.003021896167
2015-06-08,1,random_forest,1,0.5374590679,0.003021896167
2015-06-09,1,catboost,1,0.8768142374,0.008635179308
2015-06-09,1,logistic_regression,1,0.6298340444,0.008635179308
2015-06-09,1,majority_baseline,1,0.5747460087,0.008635179308
2015-06-09,1,random_forest,1,0.5965164684,0.008635179308
2015-06-10,1,catboost,0,0.4455826655,-0.001706568406
2015-06-10,1,logistic_regression,0,0.5583252395,-0.001706568406
2015-06-10,1,majority_baseline,0,0.5747460087,-0.001706568406
2015-06-10,1,random_forest,0,0.4932018316,-0.001706568406
2015-06-11,1,catboost,1,0.6275597976,0.005433983241
2015-06-11,1,logistic_regression,1,0.538820577,0.005433983241
2015-06-11,1,majority_baseline,1,0.5747460087,0.005433983241
2015-06-11,1,random_forest,1,0.5063736989,0.005433983241
2015-06-12,1,catboost,1,0.8309836076,0.003809357273
2015-06-12,1,logistic_regression,1,0.5952806725,0.003809357273
2015-06-12,1,majority_baseline,1,0.5747460087,0.003809357273
2015-06-12,1,random_forest,1,0.6029054653,0.003809357273
2015-06-15,1,catboost,1,0.7369968795,0.01329443256
2015-06-15,1,logistic_regression,1,0.5265345545,0.01329443256
2015-06-15,1,majority_baseline,1,0.5747460087,0.01329443256
2015-06-15,1,random_forest,1,0.5720117713,0.01329443256
2015-06-16,1,catboost,1,0.5434131694,0.008513642331
2015-06-16,1,logistic_regression,1,0.5681221807,0.008513642331
2015-06-16,1,majority_baseline,1,0.5747460087,0.008513642331
2015-06-16,1,random_forest,1,0.5485071762,0.008513642331
2015-06-17,1,catboost,0,0.6081876796,-0.0004273531582
2015-06-17,1,logistic_regression,0,0.5942250947,-0.0004273531582
2015-06-17,1,majority_baseline,0,0.5747460087,-0.0004273531582
2015-06-17,1,random_forest,0,0.5238862784,-0.0004273531582
2015-06-18,1,catboost,0,0.227136937,-0.01372308589
2015-06-18,1,logistic_regression,0,0.5518627504,-0.01372308589
2015-06-18,1,majority_baseline,0,0.5747460087,-0.01372308589
2015-06-18,1,random_forest,0,0.4174249706,-0.01372308589
2015-06-19,1,catboost,0,0.4542126488,-0.004696125949
2015-06-19,1,logistic_regression,0,0.5159154713,-0.004696125949
2015-06-19,1,majority_baseline,0,0.5747460087,-0.004696125949
2015-06-19,1,random_forest,0,0.5043185037,-0.004696125949
2015-06-22,1,catboost,0,0.6459018655,-0.03053471716
2015-06-22,1,logistic_regression,0,0.6048392801,-0.03053471716
2015-06-22,1,majority_baseline,0,0.5747460087,-0.03053471716
2015-06-22,1,random_forest,0,0.5632951036,-0.03053471716
2015-06-23,1,catboost,0,0.5515533325,-0.02919254573
2015-06-23,1,logistic_regression,0,0.6408095259,-0.02919254573
2015-06-23,1,majority_baseline,0,0.5747460087,-0.02919254573
2015-06-23,1,random_forest,0,0.5378702408,-0.02919254573
2015-06-24,1,catboost,0,0.4579255198,-0.01425178147
2015-06-24,1,logistic_regression,0,0.6429551122,-0.01425178147
2015-06-24,1,majority_baseline,0,0.5747460087,-0.01425178147
2015-06-24,1,random_forest,0,0.4828486272,-0.01425178147
2015-06-25,1,catboost,0,0.4244865921,-0.01215097204
2015-06-25,1,logistic_regression,0,0.6413218283,-0.01215097204
2015-06-25,1,majority_baseline,0,0.5747460087,-0.01215097204
2015-06-25,1,random_forest,0,0.4769281155,-0.01215097204
2015-06-26,1,catboost,0,0.4404624396,-0.01477459724
2015-06-26,1,logistic_regression,0,0.6198749597,-0.01477459724
2015-06-26,1,majority_baseline,0,0.5747460087,-0.01477459724
2015-06-26,1,random_forest,0,0.4915195125,-0.01477459724
2015-06-29,1,catboost,1,0.4618012142,0.01265702523
2015-06-29,1,logistic_regression,1,0.6621332551,0.01265702523
2015-06-29,1,majority_baseline,1,0.5747460087,0.01265702523
2015-06-29,1,random_forest,1,0.4208480238,0.01265702523
2015-06-30,1,catboost,0,0.2713257961,-0.006412471513
2015-06-30,1,logistic_regression,0,0.5773688411,-0.006412471513
2015-06-30,1,majority_baseline,0,0.5747460087,-0.006412471513
2015-06-30,1,random_forest,0,0.3639928297,-0.006412471513
2015-07-01,1,catboost,0,0.2769040776,-0.01253014988
2015-07-01,1,logistic_regression,0,0.5606046882,-0.01253014988
2015-07-01,1,majority_baseline,0,0.5747460087,-0.01253014988
2015-07-01,1,random_forest,0,0.4001883205,-0.01253014988
2015-07-02,1,catboost,1,0.1740623226,0.0008200188219
2015-07-02,1,logistic_regression,1,0.5576564887,0.0008200188219
2015-07-02,1,majority_baseline,1,0.5747460087,0.0008200188219
2015-07-02,1,random_forest,1,0.3743116148,0.0008200188219
2015-07-06,1,catboost,1,0.2089738939,0.01475427188
2015-07-06,1,logistic_regression,1,0.6142249412,0.01475427188
2015-07-06,1,majority_baseline,1,0.5747460087,0.01475427188
2015-07-06,1,random_forest,1,0.3897429657,0.01475427188
2015-07-07,1,catboost,1,0.1595255303,0.01278717597
2015-07-07,1,logistic_regression,1,0.5356589379,0.01278717597
2015-07-07,1,majority_baseline,1,0.5747460087,0.01278717597
2015-07-07,1,random_forest,1,0.3732142275,0.01278717597
2015-07-08,1,catboost,1,0.1409692186,0.02972669944
2015-07-08,1,logistic_regression,1,0.4856242134,0.02972669944
2015-07-08,1,majority_baseline,1,0.5747460087,0.02972669944
2015-07-08,1,random_forest,1,0.3390259466,0.02972669944
2015-07-09,1,catboost,1,0.09849199103,0.03611522411
2015-07-09,1,logistic_regression,1,0.5766494331,0.03611522411
2015-07-09,1,majority_baseline,1,0.5747460087,0.03611522411
2015-07-09,1,random_forest,1,0.3273355196,0.03611522411
2015-07-10,1,catboost,1,0.3469490474,0.02409870881
2015-07-10,1,logistic_regression,1,0.5764232383,0.02409870881
2015-07-10,1,majority_baseline,1,0.5747460087,0.02409870881
2015-07-10,1,random_forest,1,0.4771532591,0.02409870881
2015-07-13,1,catboost,1,0.7568727161,0.01344325662
2015-07-13,1,logistic_regression,1,0.5152849986,0.01344325662
2015-07-13,1,majority_baseline,1,0.5747460087,0.01344325662
2015-07-13,1,random_forest,1,0.5543613765,0.01344325662
2015-07-14,1,catboost,1,0.5619938616,0.005078827307
2015-07-14,1,logistic_regression,1,0.600875337,0.005078827307
2015-07-14,1,majority_baseline,1,0.5747460087,0.005078827307
2015-07-14,1,random_forest,1,0.535653192,0.005078827307
2015-07-15,1,catboost,1,0.5241761386,0.00360853947
2015-07-15,1,logistic_regression,1,0.5684134302,0.00360853947
2015-07-15,1,majority_baseline,1,0.5747460087,0.00360853947
2015-07-15,1,random_forest,1,0.5326951169,0.00360853947
2015-07-16,1,catboost,0,0.6553950559,-0.009985917895
2015-07-16,1,logistic_regression,0,0.5133815568,-0.009985917895
2015-07-16,1,majority_baseline,0,0.5747460087,-0.009985917895
2015-07-16,1,random_forest,0,0.5465208798,-0.009985917895
2015-07-17,1,catboost,0,0.4750795395,-0.02108431754
2015-07-17,1,logistic_regression,0,0.5411845149,-0.02108431754
2015-07-17,1,majority_baseline,0,0.5747460087,-0.02108431754
2015-07-17,1,random_forest,0,0.5353330249,-0.02108431754
2015-07-20,1,catboost,0,0.5189292596,-0.02728257727
2015-07-20,1,logistic_regression,0,0.6008150633,-0.02728257727
2015-07-20,1,majority_baseline,0,0.5747460087,-0.02728257727
2015-07-20,1,random_forest,0,0.5759577823,-0.02728257727
2015-07-21,1,catboost,0,0.3792018814,-0.01142856293
2015-07-21,1,logistic_regression,0,0.6317320798,-0.01142856293
2015-07-21,1,majority_baseline,0,0.5747460087,-0.01142856293
2015-07-21,1,random_forest,0,0.5458138852,-0.01142856293
2015-07-22,1,catboost,0,0.5161402072,-0.002838580754
2015-07-22,1,logistic_regression,0,0.6615325951,-0.002838580754
2015-07-22,1,majority_baseline,0,0.5747460087,-0.002838580754
2015-07-22,1,random_forest,0,0.5733734982,-0.002838580754
2015-07-23,1,catboost,1,0.3396368251,0.00304507861
2015-07-23,1,logistic_regression,1,0.6875717073,0.00304507861
2015-07-23,1,majority_baseline,1,0.5747460087,0.00304507861
2015-07-23,1,random_forest,1,0.5187873765,0.00304507861
2015-07-24,1,catboost,1,0.5740973603,0.01201923077
2015-07-24,1,logistic_regression,1,0.6850568638,0.01201923077
2015-07-24,1,majority_baseline,1,0.5747460087,0.01201923077
2015-07-24,1,random_forest,1,0.5221864285,0.01201923077
2015-07-27,1,catboost,1,0.604794132,0.01450747182
2015-07-27,1,logistic_regression,1,0.6226510597,0.01450747182
2015-07-27,1,majority_baseline,1,0.5747460087,0.01450747182
2015-07-27,1,random_forest,1,0.5151821803,0.01450747182
2015-07-28,1,catboost,1,0.2256664649,0.0002388721137
2015-07-28,1,logistic_regression,1,0.6023442568,0.0002388721137
2015-07-28,1,majority_baseline,1,0.5747460087,0.0002388721137
2015-07-28,1,random_forest,1,0.4448346312,0.0002388721137
2015-07-29,1,catboost,0,0.1857903167,-0.003321141461
2015-07-29,1,logistic_regression,0,0.567545387,-0.003321141461
2015-07-29,1,majority_baseline,0,0.5747460087,-0.003321141461
2015-07-29,1,random_forest,0,0.4112053065,-0.003321141461
2015-07-30,1,catboost,0,0.1574920114,-0.01171616125
2015-07-30,1,logistic_regression,0,0.5547610986,-0.01171616125
2015-07-30,1,majority_baseline,0,0.5747460087,-0.01171616125
2015-07-30,1,random_forest,0,0.4223545192,-0.01171616125
2015-07-31,1,catboost,0,0.374699056,-0.01211402898
2015-07-31,1,logistic_regression,0,0.5278805669,-0.01211402898
2015-07-31,1,majority_baseline,0,0.5747460087,-0.01211402898
2015-07-31,1,random_forest,0,0.4855908151,-0.01211402898
2015-08-03,1,catboost,1,0.2825812258,0.00371807057
2015-08-03,1,logistic_regression,1,0.5058768299,0.00371807057
2015-08-03,1,majority_baseline,1,0.5747460087,0.00371807057
2015-08-03,1,random_forest,1,0.4552643556,0.00371807057
2015-08-04,1,catboost,0,0.323779926,-0.003390995718
2015-08-04,1,logistic_regression,0,0.5711642116,-0.003390995718
2015-08-04,1,majority_baseline,0,0.5747460087,-0.003390995718
2015-08-04,1,random_forest,0,0.4580336746,-0.003390995718
2015-08-05,1,catboost,0,0.289273508,-0.005474408816
2015-08-05,1,logistic_regression,0,0.6202418966,-0.005474408816
2015-08-05,1,majority_baseline,0,0.5747460087,-0.005474408816
2015-08-05,1,random_forest,0,0.4468975165,-0.005474408816
2015-08-06,1,catboost,1,0.4086705349,0.001487869407
2015-08-06,1,logistic_regression,1,0.6093976649,0.001487869407
2015-08-06,1,majority_baseline,1,0.5747460087,0.001487869407
2015-08-06,1,random_forest,1,0.4435121027,0.001487869407
2015-08-07,1,catboost,1,0.5651272559,0.00706901333
2015-08-07,1,logistic_regression,1,0.5915528603,0.00706901333
2015-08-07,1,majority_baseline,1,0.5747460087,0.00706901333
2015-08-07,1,random_forest,1,0.4588023948,0.00706901333
2015-08-10,1,catboost,1,0.5050701453,9.492804914e-05
2015-08-10,1,logistic_regression,1,0.6440965986,9.492804914e-05
2015-08-10,1,majority_baseline,1,0.5747460087,9.492804914e-05
2015-08-10,1,random_forest,1,0.4867289483,9.492804914e-05
2015-08-11,1,catboost,1,0.3455156407,0.00627784306
2015-08-11,1,logistic_regression,1,0.5761061369,0.00627784306
2015-08-11,1,majority_baseline,1,0.5747460087,0.00627784306
2015-08-11,1,random_forest,1,0.4394123485,0.00627784306
2015-08-12,1,catboost,0,0.4930901733,-0.002871869161
2015-08-12,1,logistic_regression,0,0.5379886413,-0.002871869161
2015-08-12,1,majority_baseline,0,0.5747460087,-0.002871869161
2015-08-12,1,random_forest,0,0.4583383445,-0.002871869161
2015-08-13,1,catboost,0,0.4627187609,-0.02247676803
2015-08-13,1,logistic_regression,0,0.5550341975,-0.02247676803
2015-08-13,1,majority_baseline,0,0.5747460087,-0.02247676803
2015-08-13,1,random_forest,0,0.4678868935,-0.02247676803
2015-08-14,1,catboost,0,0.4727520394,-0.05534331248
2015-08-14,1,logistic_regression,0,0.599801429,-0.05534331248
2015-08-14,1,majority_baseline,0,0.5747460087,-0.05534331248
2015-08-14,1,random_forest,0,0.4899890138,-0.05534331248
2015-08-17,1,catboost,0,0.1446136514,-0.1001471897
2015-08-17,1,logistic_regression,0,0.6613554251,-0.1001471897
2015-08-17,1,majority_baseline,0,0.5747460087,-0.1001471897
2015-08-17,1,random_forest,0,0.4036158526,-0.1001471897
2015-08-18,1,catboost,0,0.4998443179,-0.1081531187
2015-08-18,1,logistic_regression,0,0.6104288023,-0.1081531187
2015-08-18,1,majority_baseline,0,0.5747460087,-0.1081531187
2015-08-18,1,random_forest,0,0.5134114547,-0.1081531187
2015-08-19,1,catboost,0,0.3936367516,-0.06653225861
2015-08-19,1,logistic_regression,0,0.6236158223,-0.06653225861
2015-08-19,1,majority_baseline,0,0.5747460087,-0.06653225861
2015-08-19,1,random_forest,0,0.4726536506,-0.06653225861
2015-08-20,1,catboost,0,0.2440382759,-0.02304258897
2015-08-20,1,logistic_regression,0,0.571395247,-0.02304258897
2015-08-20,1,majority_baseline,0,0.5747460087,-0.02304258897
2015-08-20,1,random_forest,0,0.3945272446,-0.02304258897
2015-08-21,1,catboost,1,0.7845368851,0.007329510119
2015-08-21,1,logistic_regression,1,0.6662717926,0.007329510119
2015-08-21,1,majority_baseline,1,0.5747460087,0.007329510119
2015-08-21,1,random_forest,1,0.6295696972,0.007329510119
2015-08-24,1,catboost,1,0.6065984391,0.04311344697
2015-08-24,1,logistic_regression,1,0.8089967991,0.04311344697
2015-08-24,1,majority_baseline,1,0.5747460087,0.04311344697
2015-08-24,1,random_forest,1,0.6628131069,0.04311344697
2015-08-25,1,catboost,1,0.5721541452,0.02402947561
2015-08-25,1,logistic_regression,1,0.7723299757,0.02402947561
2015-08-25,1,majority_baseline,1,0.5747460087,0.02402947561
2015-08-25,1,random_forest,1,0.6542837239,0.02402947561
2015-08-26,1,catboost,1,0.6330047528,0.004885307864
2015-08-26,1,logistic_regression,1,0.6782518942,0.004885307864
2015-08-26,1,majority_baseline,1,0.5747460087,0.004885307864
2015-08-26,1,random_forest,1,0.6498779579,0.004885307864
2015-08-27,1,catboost,0,0.2657513204,-0.01866814433
2015-08-27,1,logistic_regression,0,0.4957048277,-0.01866814433
2015-08-27,1,majority_baseline,0,0.5747460087,-0.01866814433
2015-08-27,1,random_forest,0,0.4555751143,-0.01866814433
2015-08-28,1,catboost,0,0.3567521113,-0.03357086783
2015-08-28,1,logistic_regression,0,0.3683455208,-0.03357086783
2015-08-28,1,majority_baseline,0,0.5747460087,-0.03357086783
2015-08-28,1,random_forest,0,0.4550884199,-0.03357086783
2015-08-31,1,catboost,0,0.3072142011,-0.001214172622
2015-08-31,1,logistic_regression,0,0.3020448047,-0.001214172622
2015-08-31,1,majority_baseline,0,0.5747460087,-0.001214172622
2015-08-31,1,random_forest,0,0.4054850776,-0.001214172622
2015-09-01,1,catboost,1,0.6736896181,0.01574797378
2015-09-01,1,logistic_regression,1,0.3671826568,0.01574797378
2015-09-01,1,majority_baseline,1,0.5747460087,0.01574797378
2015-09-01,1,random_forest,1,0.5094877261,0.01574797378
2015-09-02,1,catboost,1,0.4627195374,0.002251688203
2015-09-02,1,logistic_regression,1,0.4226329209,0.002251688203
2015-09-02,1,majority_baseline,1,0.5747460087,0.002251688203
2015-09-02,1,random_forest,1,0.5174780928,0.002251688203
2015-09-03,1,catboost,1,0.5000285802,0.00608541233
2015-09-03,1,logistic_regression,1,0.5241715423,0.00608541233
2015-09-03,1,majority_baseline,1,0.5747460087,0.00608541233
2015-09-03,1,random_forest,1,0.4825683482,0.00608541233
2015-09-04,1,catboost,1,0.775906417,0.01775792235
2015-09-04,1,logistic_regression,1,0.6203972828,0.01775792235
2015-09-04,1,majority_baseline,1,0.5747460087,0.01775792235
2015-09-04,1,random_forest,1,0.5894905477,0.01775792235
2015-09-08,1,catboost,1,0.7063096664,0.005217110055
2015-09-08,1,logistic_regression,1,0.6483609036,0.005217110055
2015-09-08,1,majority_baseline,1,0.5747460087,0.005217110055
2015-09-08,1,random_forest,1,0.5579546733,0.005217110055
2015-09-09,1,catboost,1,0.6459771157,0.02767082286
2015-09-09,1,logistic_regression,1,0.6602766077,0.02767082286
2015-09-09,1,majority_baseline,1,0.5747460087,0.02767082286
2015-09-09,1,random_forest,1,0.5493593208,0.02767082286
2015-09-10,1,catboost,1,0.6381609225,0.01981102619
2015-09-10,1,logistic_regression,1,0.582135162,0.01981102619
2015-09-10,1,majority_baseline,1,0.5747460087,0.01981102619
2015-09-10,1,random_forest,1,0.5524674022,0.01981102619
2015-09-11,1,catboost,0,0.5125530412,-0.006556920626
2015-09-11,1,logistic_regression,0,0.4733732517,-0.006556920626
2015-09-11,1,majority_baseline,0,0.5747460087,-0.006556920626
2015-09-11,1,random_forest,0,0.5046421734,-0.006556920626
2015-09-14,1,catboost,1,0.3728592852,0.002295863541
2015-09-14,1,logistic_regression,1,0.4230227741,0.002295863541
2015-09-14,1,majority_baseline,1,0.5747460087,0.002295863541
2015-09-14,1,random_forest,1,0.4337918829,0.002295863541
2015-09-15,1,catboost,0,0.6414480605,-0.02292654866
2015-09-15,1,logistic_regression,0,0.5872109392,-0.02292654866
2015-09-15,1,majority_baseline,0,0.5747460087,-0.02292654866
2015-09-15,1,random_forest,0,0.5158969465,-0.02292654866
2015-09-16,1,catboost,0,0.3081311222,-0.03287035088
2015-09-16,1,logistic_regression,0,0.5202854922,-0.03287035088
2015-09-16,1,majority_baseline,0,0.5747460087,-0.03287035088
2015-09-16,1,random_forest,0,0.401972186,-0.03287035088
2015-09-17,2,catboost,0,0.4136292861,-0.03419617457
2015-09-17,2,logistic_regression,0,0.6872225144,-0.03419617457
2015-09-17,2,majority_baseline,0,0.5926193922,-0.03419617457
2015-09-17,2,random_forest,0,0.4063881334,-0.03419617457
2015-09-18,2,catboost,0,0.5835811528,-0.01330258809
2015-09-18,2,logistic_regression,0,0.6339650441,-0.01330258809
2015-09-18,2,majority_baseline,0,0.5926193922,-0.01330258809
2015-09-18,2,random_forest,0,0.4369836147,-0.01330258809
2015-09-21,2,catboost,0,0.5982328771,-0.04301136064
2015-09-21,2,logistic_regression,0,0.6676894278,-0.04301136064
2015-09-21,2,majority_baseline,0,0.5926193922,-0.04301136064
2015-09-21,2,random_forest,0,0.4557764354,-0.04301136064
2015-09-22,2,catboost,0,0.3663957351,-0.02985925682
2015-09-22,2,logistic_regression,0,0.6475641025,-0.02985925682
2015-09-22,2,majority_baseline,0,0.5926193922,-0.02985925682
2015-09-22,2,random_forest,0,0.4457873289,-0.02985925682
2015-09-23,2,catboost,0,0.3959286816,-0.01017562571
2015-09-23,2,logistic_regression,0,0.6847031308,-0.01017562571
2015-09-23,2,majority_baseline,0,0.5926193922,-0.01017562571
2015-09-23,2,random_forest,0,0.4671200336,-0.01017562571
2015-09-24,2,catboost,0,0.7556235552,-0.003991648649
2015-09-24,2,logistic_regression,0,0.7178083844,-0.003991648649
2015-09-24,2,majority_baseline,0,0.5926193922,-0.003991648649
2015-09-24,2,random_forest,0,0.5458927506,-0.003991648649
2015-09-25,2,catboost,1,0.6973847981,0.01114852907
2015-09-25,2,logistic_regression,1,0.6426889917,0.01114852907
2015-09-25,2,majority_baseline,1,0.5926193922,0.01114852907
2015-09-25,2,random_forest,1,0.5292426922,0.01114852907
2015-09-28,2,catboost,1,0.8888636132,0.05563537581
2015-09-28,2,logistic_regression,1,0.698094513,0.05563537581
2015-09-28,2,majority_baseline,1,0.5926193922,0.05563537581
2015-09-28,2,random_forest,1,0.6543846236,0.05563537581
2015-09-29,2,catboost,1,0.7640500102,0.05140335133
2015-09-29,2,logistic_regression,1,0.6621783238,0.05140335133
2015-09-29,2,majority_baseline,1,0.5926193922,0.05140335133
2015-09-29,2,random_forest,1,0.5652152742,0.05140335133
2015-09-30,2,catboost,1,0.6701564967,0.04059906383
2015-09-30,2,logistic_regression,1,0.5579825717,0.04059906383
2015-09-30,2,majority_baseline,1,0.5926193922,0.04059906383
2015-09-30,2,random_forest,1,0.559063333,0.04059906383
2015-10-01,2,catboost,1,0.6662285773,0.0472596761
2015-10-01,2,logistic_regression,1,0.5311826572,0.0472596761
2015-10-01,2,majority_baseline,1,0.5926193922,0.0472596761
2015-10-01,2,random_forest,1,0.5457087012,0.0472596761
2015-10-02,2,catboost,1,0.8239383447,0.03246154769
2015-10-02,2,logistic_regression,1,0.6366120276,0.03246154769
2015-10-02,2,majority_baseline,1,0.5926193922,0.03246154769
2015-10-02,2,random_forest,1,0.6077089188,0.03246154769
2015-10-05,2,catboost,1,0.4179984319,0.01536757737
2015-10-05,2,logistic_regression,1,0.4527303907,0.01536757737
2015-10-05,2,majority_baseline,1,0.5926193922,0.01536757737
2015-10-05,2,random_forest,1,0.4909416078,0.01536757737
2015-10-06,2,catboost,1,0.45926412,0.01243746794
2015-10-06,2,logistic_regression,1,0.5145179414,0.01243746794
2015-10-06,2,majority_baseline,1,0.5926193922,0.01243746794
2015-10-06,2,random_forest,1,0.5149397929,0.01243746794
2015-10-07,2,catboost,0,0.5734597781,-0.0006018273796
2015-10-07,2,logistic_regression,0,0.5899756861,-0.0006018273796
2015-10-07,2,majority_baseline,0,0.5926193922,-0.0006018273796
2015-10-07,2,random_forest,0,0.569722629,-0.0006018273796
2015-10-08,2,catboost,1,0.3760818549,0.005665719209
2015-10-08,2,logistic_regression,1,0.5666945977,0.005665719209
2015-10-08,2,majority_baseline,1,0.5926193922,0.005665719209
2015-10-08,2,random_forest,1,0.4828352959,0.005665719209
2015-10-09,2,catboost,1,0.6995784955,0.009635933456
2015-10-09,2,logistic_regression,1,0.561721013,0.009635933456
2015-10-09,2,majority_baseline,1,0.5926193922,0.009635933456
2015-10-09,2,random_forest,1,0.586360938,0.009635933456
2015-10-12,2,catboost,1,0.7765265298,0.009180184401
2015-10-12,2,logistic_regression,1,0.6721902904,0.009180184401
2015-10-12,2,majority_baseline,1,0.5926193922,0.009180184401
2015-10-12,2,random_forest,1,0.6021150163,0.009180184401
2015-10-13,2,catboost,1,0.6930005324,0.01428215031
2015-10-13,2,logistic_regression,1,0.7336159221,0.01428215031
2015-10-13,2,majority_baseline,1,0.5926193922,0.01428215031
2015-10-13,2,random_forest,1,0.6156986482,0.01428215031
2015-10-14,2,catboost,1,0.7189647332,0.01284566655
2015-10-14,2,logistic_regression,1,0.6959216595,0.01284566655
2015-10-14,2,majority_baseline,1,0.5926193922,0.01284566655
2015-10-14,2,random_forest,1,0.6369434994,0.01284566655
2015-10-15,2,catboost,1,0.8062235588,0.01438096522
2015-10-15,2,logistic_regression,1,0.6821502139,0.01438096522
2015-10-15,2,majority_baseline,1,0.5926193922,0.01438096522
2015-10-15,2,random_forest,1,0.6221756403,0.01438096522
2015-10-16,2,catboost,1,0.8419163027,0.02085890742
2015-10-16,2,logistic_regression,1,0.5705254654,0.02085890742
2015-10-16,2,majority_baseline,1,0.5926193922,0.02085890742
2015-10-16,2,random_forest,1,0.6599514508,0.02085890742
2015-10-19,2,catboost,1,0.8532367758,0.01784926483
2015-10-19,2,logistic_regression,1,0.5691006425,0.01784926483
2015-10-19,2,majority_baseline,1,0.5926193922,0.01784926483
2015-10-19,2,random_forest,1,0.6688830438,0.01784926483
2015-10-20,2,catboost,1,0.8425374473,0.01718283437
2015-10-20,2,logistic_regression,1,0.5955433879,0.01718283437
2015-10-20,2,majority_baseline,1,0.5926193922,0.01718283437
2015-10-20,2,random_forest,1,0.6534810583,0.01718283437
2015-10-21,2,catboost,1,0.7282363809,0.03517458799
2015-10-21,2,logistic_regression,1,0.5977233129,0.03517458799
2015-10-21,2,majority_baseline,1,0.5926193922,0.03517458799
2015-10-21,2,random_forest,1,0.5838641178,0.03517458799
2015-10-22,2,catboost,1,0.7945644707,0.0173926113
2015-10-22,2,logistic_regression,1,0.5822382329,0.0173926113
2015-10-22,2,majority_baseline,1,0.5926193922,0.0173926113
2015-10-22,2,random_forest,1,0.5672821175,0.0173926113
2015-10-23,2,catboost,1,0.8025268947,0.002023990223
2015-10-23,2,logistic_regression,1,0.4642976634,0.002023990223
2015-10-23,2,majority_baseline,1,0.5926193922,0.002023990223
2015-10-23,2,random_forest,1,0.5893798723,0.002023990223
2015-10-26,2,catboost,1,0.8390328973,0.0163768087
2015-10-26,2,logistic_regression,1,0.5045382289,0.0163768087
2015-10-26,2,majority_baseline,1,0.5926193922,0.0163768087
2015-10-26,2,random_forest,1,0.6026583471,0.0163768087
2015-10-27,2,catboost,1,0.9107766542,0.02129716249
2015-10-27,2,logistic_regression,1,0.5901084964,0.02129716249
2015-10-27,2,majority_baseline,1,0.5926193922,0.02129716249
2015-10-27,2,random_forest,1,0.6224669998,0.02129716249
2015-10-28,2,catboost,1,0.505344692,0.006748043651
2015-10-28,2,logistic_regression,1,0.5973152701,0.006748043651
2015-10-28,2,majority_baseline,1,0.5926193922,0.006748043651
2015-10-28,2,random_forest,1,0.4519024271,0.006748043651
2015-10-29,2,catboost,1,0.738861623,0.006320893016
2015-10-29,2,logistic_regression,1,0.5118241998,0.006320893016
2015-10-29,2,majority_baseline,1,0.5926193922,0.006320893016
2015-10-29,2,random_forest,1,0.5019046517,0.006320893016
2015-10-30,2,catboost,1,0.6834859613,0.01014764908
2015-10-30,2,logistic_regression,1,0.5808225647,0.01014764908
2015-10-30,2,majority_baseline,1,0.5926193922,0.01014764908
2015-10-30,2,random_forest,1,0.5284761648,0.01014764908
2015-11-02,2,catboost,0,0.459210467,-0.01097959792
2015-11-02,2,logistic_regression,0,0.5704571048,-0.01097959792
2015-11-02,2,majority_baseline,0,0.5926193922,-0.01097959792
2015-11-02,2,random_forest,0,0.4184778135,-0.01097959792
2015-11-03,2,catboost,0,0.3458430201,-0.01156399242
2015-11-03,2,logistic_regression,0,0.5540518269,-0.01156399242
2015-11-03,2,majority_baseline,0,0.5926193922,-0.01156399242
2015-11-03,2,random_forest,0,0.3922834092,-0.01156399242
2015-11-04,2,catboost,0,0.5215962342,-0.01245481599
2015-11-04,2,logistic_regression,0,0.6050902854,-0.01245481599
2015-11-04,2,majority_baseline,0,0.5926193922,-0.01245481599
2015-11-04,2,random_forest,0,0.4433944621,-0.01245481599
2015-11-05,2,catboost,0,0.5027241739,-0.02526765527
2015-11-05,2,logistic_regression,0,0.587732505,-0.02526765527
2015-11-05,2,majority_baseline,0,0.5926193922,-0.02526765527
2015-11-05,2,random_forest,0,0.4697865646,-0.02526765527
2015-11-06,2,catboost,0,0.6448710549,-0.03570748543
2015-11-06,2,logistic_regression,0,0.5629598161,-0.03570748543
2015-11-06,2,majority_baseline,0,0.5926193922,-0.03570748543
2015-11-06,2,random_forest,0,0.5196774563,-0.03570748543
2015-11-09,2,catboost,0,0.633246834,-0.01182240811
2015-11-09,2,logistic_regression,0,0.5823188627,-0.01182240811
2015-11-09,2,majority_baseline,0,0.5926193922,-0.01182240811
2015-11-09,2,random_forest,0,0.5487676956,-0.01182240811
2015-11-10,2,catboost,0,0.6485895014,-0.01481586323
2015-11-10,2,logistic_regression,0,0.6058968843,-0.01481586323
2015-11-10,2,majority_baseline,0,0.5926193922,-0.01481586323
2015-11-10,2,random_forest,0,0.5243181191,-0.01481586323
2015-11-11,2,catboost,1,0.6429050207,0.00476552505
2015-11-11,2,logistic_regression,1,0.5881961057,0.00476552505
2015-11-11,2,majority_baseline,1,0.5926193922,0.00476552505
2015-11-11,2,random_forest,1,0.5130621569,0.00476552505
2015-11-12,2,catboost,1,0.7090621882,0.01811173046
2015-11-12,2,logistic_regression,1,0.6429659367,0.01811173046
2015-11-12,2,majority_baseline,1,0.5926193922,0.01811173046
2015-11-12,2,random_forest,1,0.5811185102,0.01811173046
2015-11-13,2,catboost,1,0.8365855572,0.03342551853
2015-11-13,2,logistic_regression,1,0.6255901742,0.03342551853
2015-11-13,2,majority_baseline,1,0.5926193922,0.03342551853
2015-11-13,2,random_forest,1,0.5783014294,0.03342551853
2015-11-16,2,catboost,1,0.5553351864,0.01677858322
2015-11-16,2,logistic_regression,1,0.5768921529,0.01677858322
2015-11-16,2,majority_baseline,1,0.5926193922,0.01677858322
2015-11-16,2,random_forest,1,0.5041948105,0.01677858322
2015-11-17,2,catboost,1,0.5774372935,0.01888355905
2015-11-17,2,logistic_regression,1,0.523940997,0.01888355905
2015-11-17,2,majority_baseline,1,0.5926193922,0.01888355905
2015-11-17,2,random_forest,1,0.5046798005,0.01888355905
2015-11-18,2,catboost,1,0.5139325753,0.002826673752
2015-11-18,2,logistic_regression,1,0.5376279714,0.002826673752
2015-11-18,2,majority_baseline,1,0.5926193922,0.002826673752
2015-11-18,2,random_forest,1,0.5401085652,0.002826673752
2015-11-19,2,catboost,1,0.6132511761,0.004842936874
2015-11-19,2,logistic_regression,1,0.4743775835,0.004842936874
2015-11-19,2,majority_baseline,1,0.5926193922,0.004842936874
2015-11-19,2,random_forest,1,0.5310431886,0.004842936874
2015-11-20,2,catboost,0,0.6524805959,-0.002962090713
2015-11-20,2,logistic_regression,0,0.5043953272,-0.002962090713
2015-11-20,2,majority_baseline,0,0.5926193922,-0.002962090713
2015-11-20,2,random_forest,0,0.4968044134,-0.002962090713
2015-11-23,2,catboost,1,0.6394561213,0.007700699975
2015-11-23,2,logistic_regression,1,0.5599229696,0.007700699975
2015-11-23,2,majority_baseline,1,0.5926193922,0.007700699975
2015-11-23,2,random_forest,1,0.4892227748,0.007700699975
2015-11-24,2,catboost,0,0.6316419573,-0.003916920354
2015-11-24,2,logistic_regression,0,0.5916685804,-0.003916920354
2015-11-24,2,majority_baseline,0,0.5926193922,-0.003916920354
2015-11-24,2,random_forest,0,0.5172798426,-0.003916920354
2015-11-25,2,catboost,0,0.5993827199,-0.01772409025
2015-11-25,2,logistic_regression,0,0.585120704,-0.01772409025
2015-11-25,2,majority_baseline,0,0.5926193922,-0.01772409025
2015-11-25,2,random_forest,0,0.4413004371,-0.01772409025
2015-11-27,2,catboost,1,0.6251831248,0.0002863022556
2015-11-27,2,logistic_regression,1,0.636396236,0.0002863022556
2015-11-27,2,majority_baseline,1,0.5926193922,0.0002863022556
2015-11-27,2,random_forest,1,0.4704871345,0.0002863022556
2015-11-30,2,catboost,0,0.606819241,-0.001629193043
2015-11-30,2,logistic_regression,0,0.7385119745,-0.001629193043
2015-11-30,2,majority_baseline,0,0.5926193922,-0.001629193043
2015-11-30,2,random_forest,0,0.5148852916,-0.001629193043
2015-12-01,2,catboost,0,0.5758391566,-0.01770455634
2015-12-01,2,logistic_regression,0,0.5949482335,-0.01770455634
2015-12-01,2,majority_baseline,0,0.5926193922,-0.01770455634
2015-12-01,2,random_forest,0,0.4766743462,-0.01770455634
2015-12-02,2,catboost,0,0.5663972977,-0.01529757118
2015-12-02,2,logistic_regression,0,0.6119906386,-0.01529757118
2015-12-02,2,majority_baseline,0,0.5926193922,-0.01529757118
2015-12-02,2,random_forest,0,0.4889664352,-0.01529757118
2015-12-03,2,catboost,1,0.5999962515,0.001264503182
2015-12-03,2,logistic_regression,1,0.6364926935,0.001264503182
2015-12-03,2,majority_baseline,1,0.5926193922,0.001264503182
2015-12-03,2,random_forest,1,0.535517056,0.001264503182
2015-12-04,2,catboost,0,0.6744310052,-0.03692391175
2015-12-04,2,logistic_regression,0,0.5807328288,-0.03692391175
2015-12-04,2,majority_baseline,0,0.5926193922,-0.03692391175
2015-12-04,2,random_forest,0,0.5298509784,-0.03692391175
2015-12-07,2,catboost,0,0.5234138235,-0.02615796516
2015-12-07,2,logistic_regression,0,0.516917368,-0.02615796516
2015-12-07,2,majority_baseline,0,0.5926193922,-0.02615796516
2015-12-07,2,random_forest,0,0.5128314855,-0.02615796516
2015-12-08,2,catboost,0,0.5872707912,-0.009277594244
2015-12-08,2,logistic_regression,0,0.6229252281,-0.009277594244
2015-12-08,2,majority_baseline,0,0.5926193922,-0.009277594244
2015-12-08,2,random_forest,0,0.5544812687,-0.009277594244
2015-12-09,2,catboost,1,0.5305081643,0.01310023643
2015-12-09,2,logistic_regression,1,0.6400562987,0.01310023643
2015-12-09,2,majority_baseline,1,0.5926193922,0.01310023643
2015-12-09,2,random_forest,1,0.5377275962,0.01310023643
2015-12-10,2,catboost,0,0.6037774262,-0.004905982047
2015-12-10,2,logistic_regression,0,0.5619429572,-0.004905982047
2015-12-10,2,majority_baseline,0,0.5926193922,-0.004905982047
2015-12-10,2,random_forest,0,0.5418926388,-0.004905982047
2015-12-11,2,catboost,0,0.6486648579,-0.009213396844
2015-12-11,2,logistic_regression,0,0.618752165,-0.009213396844
2015-12-11,2,majority_baseline,0,0.5926193922,-0.009213396844
2015-12-11,2,random_forest,0,0.5105803634,-0.009213396844
2015-12-14,2,catboost,0,0.6129150517,-0.006062078546
2015-12-14,2,logistic_regression,0,0.6137212326,-0.006062078546
2015-12-14,2,majority_baseline,0,0.5926193922,-0.006062078546
2015-12-14,2,random_forest,0,0.5216909629,-0.006062078546
2015-12-15,2,catboost,0,0.6780550116,-0.007462316778
2015-12-15,2,logistic_regression,0,0.5437423788,-0.007462316778
2015-12-15,2,majority_baseline,0,0.5926193922,-0.007462316778
2015-12-15,2,random_forest,0,0.5245693465,-0.007462316778
2015-12-16,2,catboost,0,0.6756314922,-0.009662041588
2015-12-16,2,logistic_regression,0,0.5297714446,-0.009662041588
2015-12-16,2,majority_baseline,0,0.5926193922,-0.009662041588
2015-12-16,2,random_forest,0,0.5349670365,-0.009662041588
2015-12-17,2,catboost,1,0.5707949051,0.004002695
2015-12-17,2,logistic_regression,1,0.5786611879,0.004002695
2015-12-17,2,majority_baseline,1,0.5926193922,0.004002695
2015-12-17,2,random_forest,1,0.5047155398,0.004002695
2015-12-18,2,catboost,1,0.5486152376,0.0259474167
2015-12-18,2,logistic_regression,1,0.5880363613,0.0259474167
2015-12-18,2,majority_baseline,1,0.5926193922,0.0259474167
2015-12-18,2,random_forest,1,0.488482742,0.0259474167
2015-12-21,2,catboost,1,0.7933577203,0.02841273244
2015-12-21,2,logistic_regression,1,0.5976991382,0.02841273244
2015-12-21,2,majority_baseline,1,0.5926193922,0.02841273244
2015-12-21,2,random_forest,1,0.5566671397,0.02841273244
2015-12-22,2,catboost,1,0.7333413613,0.01194099607
2015-12-22,2,logistic_regression,1,0.6049066054,0.01194099607
2015-12-22,2,majority_baseline,1,0.5926193922,0.01194099607
2015-12-22,2,random_forest,1,0.5983707469,0.01194099607
2015-12-23,2,catboost,0,0.7948255087,-0.01043592445
2015-12-23,2,logistic_regression,0,0.6050714574,-0.01043592445
2015-12-23,2,majority_baseline,0,0.5926193922,-0.01043592445
2015-12-23,2,random_forest,0,0.5843058435,-0.01043592445
2015-12-24,2,catboost,0,0.8611569587,-0.02265649828
2015-12-24,2,logistic_regression,0,0.5583886677,-0.02265649828
2015-12-24,2,majority_baseline,0,0.5926193922,-0.02265649828
2015-12-24,2,random_forest,0,0.5807330773,-0.02265649828
2015-12-28,2,catboost,0,0.7969159012,-0.01876129806
2015-12-28,2,logistic_regression,0,0.6465448259,-0.01876129806
2015-12-28,2,majority_baseline,0,0.5926193922,-0.01876129806
2015-12-28,2,random_forest,0,0.6277478616,-0.01876129806
2015-12-29,2,catboost,0,0.8543573803,-0.04136927123
2015-12-29,2,logistic_regression,0,0.6204637958,-0.04136927123
2015-12-29,2,majority_baseline,0,0.5926193922,-0.04136927123
2015-12-29,2,random_forest,0,0.6636301231,-0.04136927123
2015-12-30,2,catboost,0,0.8885189112,-0.05768945769
2015-12-30,2,logistic_regression,0,0.5715271177,-0.05768945769
2015-12-30,2,majority_baseline,0,0.5926193922,-0.05768945769
2015-12-30,2,random_forest,0,0.6399478318,-0.05768945769
2015-12-31,2,catboost,0,0.8814525597,-0.05861577077
2015-12-31,2,logistic_regression,0,0.6598361552,-0.05861577077
2015-12-31,2,majority_baseline,0,0.5926193922,-0.05861577077
2015-12-31,2,random_forest,0,0.6514234416,-0.05861577077
2016-01-04,2,catboost,0,0.7938752734,-0.04432396532
2016-01-04,2,logistic_regression,0,0.6722172709,-0.04432396532
2016-01-04,2,majority_baseline,0,0.5926193922,-0.04432396532
2016-01-04,2,random_forest,0,0.5790394795,-0.04432396532
2016-01-05,2,catboost,0,0.8678138365,-0.03823995271
2016-01-05,2,logistic_regression,0,0.6772412022,-0.03823995271
2016-01-05,2,majority_baseline,0,0.5926193922,-0.03823995271
2016-01-05,2,random_forest,0,0.6500463152,-0.03823995271
2016-01-06,2,catboost,0,0.8741713552,-0.0502464799
2016-01-06,2,logistic_regression,0,0.7059445157,-0.0502464799
2016-01-06,2,majority_baseline,0,0.5926193922,-0.0502464799
2016-01-06,2,random_forest,0,0.635431212,-0.0502464799
2016-01-07,2,catboost,0,0.8991329889,-0.01092507274
2016-01-07,2,logistic_regression,0,0.7226964876,-0.01092507274
2016-01-07,2,majority_baseline,0,0.5926193922,-0.01092507274
2016-01-07,2,random_forest,0,0.7001383731,-0.01092507274
2016-01-08,2,catboost,0,0.9011943629,-0.02141517632
2016-01-08,2,logistic_regression,0,0.69897377,-0.02141517632
2016-01-08,2,majority_baseline,0,0.5926193922,-0.02141517632
2016-01-08,2,random_forest,0,0.7280215161,-0.02141517632
2016-01-11,2,catboost,0,0.8863638921,-0.02108168751
2016-01-11,2,logistic_regression,0,0.650072206,-0.02108168751
2016-01-11,2,majority_baseline,0,0.5926193922,-0.02108168751
2016-01-11,2,random_forest,0,0.6951064567,-0.02108168751
2016-01-12,2,catboost,0,0.7947086844,-0.04136119822
2016-01-12,2,logistic_regression,0,0.6231270883,-0.04136119822
2016-01-12,2,majority_baseline,0,0.5926193922,-0.04136119822
2016-01-12,2,random_forest,0,0.614208516,-0.04136119822
2016-01-13,2,catboost,0,0.9387643527,-0.01133294169
2016-01-13,2,logistic_regression,0,0.6538043147,-0.01133294169
2016-01-13,2,majority_baseline,0,0.5926193922,-0.01133294169
2016-01-13,2,random_forest,0,0.7654075699,-0.01133294169
2016-01-14,2,catboost,0,0.8644905264,-0.007346368226
2016-01-14,2,logistic_regression,0,0.6240611595,-0.007346368226
2016-01-14,2,majority_baseline,0,0.5926193922,-0.007346368226
2016-01-14,2,random_forest,0,0.6412689932,-0.007346368226
2016-01-15,2,catboost,0,0.8823631286,-0.0009051605461
2016-01-15,2,logistic_regression,0,0.5365358502,-0.0009051605461
2016-01-15,2,majority_baseline,0,0.5926193922,-0.0009051605461
2016-01-15,2,random_forest,0,0.6334255982,-0.0009051605461
2016-01-19,2,catboost,1,0.7800808481,0.01137934344
2016-01-19,2,logistic_regression,1,0.6373742638,0.01137934344
2016-01-19,2,majority_baseline,1,0.5926193922,0.01137934344
2016-01-19,2,random_forest,1,0.6406940414,0.01137934344
2016-01-20,2,catboost,1,0.9490709415,0.01335852993
2016-01-20,2,logistic_regression,1,0.6806930529,0.01335852993
2016-01-20,2,majority_baseline,1,0.5926193922,0.01335852993
2016-01-20,2,random_forest,1,0.755773182,0.01335852993
2016-01-21,2,catboost,1,0.8166304205,0.01296265557
2016-01-21,2,logistic_regression,1,0.6275511245,0.01296265557
2016-01-21,2,majority_baseline,1,0.5926193922,0.01296265557
2016-01-21,2,random_forest,1,0.6529438941,0.01296265557
2016-01-22,2,catboost,1,0.8078736389,0.01679612024
2016-01-22,2,logistic_regression,1,0.6193540444,0.01679612024
2016-01-22,2,majority_baseline,1,0.5926193922,0.01679612024
2016-01-22,2,random_forest,1,0.6072428722,0.01679612024
2016-01-25,2,catboost,1,0.6761170686,0.03202938883
2016-01-25,2,logistic_regression,1,0.624617924,0.03202938883
2016-01-25,2,majority_baseline,1,0.5926193922,0.03202938883
2016-01-25,2,random_forest,1,0.5616854328,0.03202938883
2016-01-26,2,catboost,0,0.7391124046,-0.0002102691938
2016-01-26,2,logistic_regression,0,0.6721940142,-0.0002102691938
2016-01-26,2,majority_baseline,0,0.5926193922,-0.0002102691938
2016-01-26,2,random_forest,0,0.5726737723,-0.0002102691938
2016-01-27,2,catboost,1,0.7094710596,0.01685004049
2016-01-27,2,logistic_regression,1,0.6258654587,0.01685004049
2016-01-27,2,majority_baseline,1,0.5926193922,0.01685004049
2016-01-27,2,random_forest,1,0.5428431134,0.01685004049
2016-01-28,2,catboost,1,0.8004552253,0.01316696892
2016-01-28,2,logistic_regression,1,0.679478878,0.01316696892
2016-01-28,2,majority_baseline,1,0.5926193922,0.01316696892
2016-01-28,2,random_forest,1,0.5572880685,0.01316696892
2016-01-29,2,catboost,0,0.8050872296,-0.02978527908
2016-01-29,2,logistic_regression,0,0.6357317325,-0.02978527908
2016-01-29,2,majority_baseline,0,0.5926193922,-0.02978527908
2016-01-29,2,random_forest,0,0.5285895714,-0.02978527908
2016-02-01,2,catboost,0,0.730829962,-0.04249933364
2016-02-01,2,logistic_regression,0,0.5889412895,-0.04249933364
2016-02-01,2,majority_baseline,0,0.5926193922,-0.04249933364
2016-02-01,2,random_forest,0,0.5131431208,-0.04249933364
2016-02-02,2,catboost,0,0.7911114136,-0.02487384785
2016-02-02,2,logistic_regression,0,0.6862060613,-0.02487384785
2016-02-02,2,majority_baseline,0,0.5926193922,-0.02487384785
2016-02-02,2,random_forest,0,0.5597388433,-0.02487384785
2016-02-03,2,catboost,0,0.8081541958,-0.03152116415
2016-02-03,2,logistic_regression,0,0.7189550286,-0.03152116415
2016-02-03,2,majority_baseline,0,0.5926193922,-0.03152116415
2016-02-03,2,random_forest,0,0.5434460005,-0.03152116415
2016-02-04,2,catboost,0,0.7807229257,-0.04561589364
2016-02-04,2,logistic_regression,0,0.6521791851,-0.04561589364
2016-02-04,2,majority_baseline,0,0.5926193922,-0.04561589364
2016-02-04,2,random_forest,0,0.5285215978,-0.04561589364
2016-02-05,2,catboost,0,0.8199560746,-0.007023102005
2016-02-05,2,logistic_regression,0,0.7161017158,-0.007023102005
2016-02-05,2,majority_baseline,0,0.5926193922,-0.007023102005
2016-02-05,2,random_forest,0,0.5725653665,-0.007023102005
2016-02-08,2,catboost,1,0.8752376685,0.02351418748
2016-02-08,2,logistic_regression,1,0.7505357735,0.02351418748
2016-02-08,2,majority_baseline,1,0.5926193922,0.02351418748
2016-02-08,2,random_forest,1,0.6249952999,0.02351418748
2016-02-09,2,catboost,1,0.761239162,0.04017695353
2016-02-09,2,logistic_regression,1,0.6935509641,0.04017695353
2016-02-09,2,majority_baseline,1,0.5926193922,0.04017695353
2016-02-09,2,random_forest,1,0.525229775,0.04017695353
2016-02-10,2,catboost,1,0.7440655999,0.03681109646
2016-02-10,2,logistic_regression,1,0.7011978741,0.03681109646
2016-02-10,2,majority_baseline,1,0.5926193922,0.03681109646
2016-02-10,2,random_forest,1,0.5428152923,0.03681109646
2016-02-11,2,catboost,1,0.8940328029,0.04998359056
2016-02-11,2,logistic_regression,1,0.7074275831,0.04998359056
2016-02-11,2,majority_baseline,1,0.5926193922,0.04998359056
2016-02-11,2,random_forest,1,0.6333499237,0.04998359056
2016-02-12,2,catboost,1,0.7638175352,0.04366925835
2016-02-12,2,logistic_regression,1,0.606445363,0.04366925835
2016-02-12,2,majority_baseline,1,0.5926193922,0.04366925835
2016-02-12,2,random_forest,1,0.5502876195,0.04366925835
2016-02-16,2,catboost,1,0.6476007536,0.01338396309
2016-02-16,2,logistic_regression,1,0.5109034254,0.01338396309
2016-02-16,2,majority_baseline,1,0.5926193922,0.01338396309
2016-02-16,2,random_forest,1,0.5074368049,0.01338396309
2016-02-17,2,catboost,1,0.2780779058,0.001659021111
2016-02-17,2,logistic_regression,1,0.5322596075,0.001659021111
2016-02-17,2,majority_baseline,1,0.5926193922,0.001659021111
2016-02-17,2,random_forest,1,0.4813201469,0.001659021111
2016-02-18,2,catboost,1,0.374438794,0.01796031582
2016-02-18,2,logistic_regression,1,0.5170651652,0.01796031582
2016-02-18,2,majority_baseline,1,0.5926193922,0.01796031582
2016-02-18,2,random_forest,1,0.4956440696,0.01796031582
2016-02-19,2,catboost,1,0.4190932396,0.01609373073
2016-02-19,2,logistic_regression,1,0.5426143987,0.01609373073
2016-02-19,2,majority_baseline,1,0.5926193922,0.01609373073
2016-02-19,2,random_forest,1,0.4910005412,0.01609373073
2016-02-22,2,catboost,0,0.6541438325,-0.006263482942
2016-02-22,2,logistic_regression,0,0.5769271343,-0.006263482942
2016-02-22,2,majority_baseline,0,0.5926193922,-0.006263482942
2016-02-22,2,random_forest,0,0.5311956716,-0.006263482942
2016-02-23,2,catboost,1,0.6475395558,0.03010603723
2016-02-23,2,logistic_regression,1,0.6476048917,0.03010603723
2016-02-23,2,majority_baseline,1,0.5926193922,0.03010603723
2016-02-23,2,random_forest,1,0.5862165444,0.03010603723
2016-02-24,2,catboost,1,0.5941242403,0.03002072046
2016-02-24,2,logistic_regression,1,0.7290731408,0.03002072046
2016-02-24,2,majority_baseline,1,0.5926193922,0.03002072046
2016-02-24,2,random_forest,1,0.5699902851,0.03002072046
2016-02-25,2,catboost,1,0.5177834286,0.02168357188
2016-02-25,2,logistic_regression,1,0.6485682955,0.02168357188
2016-02-25,2,majority_baseline,1,0.5926193922,0.02168357188
2016-02-25,2,random_forest,1,0.5653376726,0.02168357188
2016-02-26,2,catboost,1,0.5681915682,0.02737196423
2016-02-26,2,logistic_regression,1,0.6682629693,0.02737196423
2016-02-26,2,majority_baseline,1,0.5926193922,0.02737196423
2016-02-26,2,random_forest,1,0.5783594218,0.02737196423
2016-02-29,2,catboost,1,0.6315138822,0.03631948123
2016-02-29,2,logistic_regression,1,0.6927539036,0.03631948123
2016-02-29,2,majority_baseline,1,0.5926193922,0.03631948123
2016-02-29,2,random_forest,1,0.6060355168,0.03631948123
2016-03-01,2,catboost,1,0.7034549306,0.0014637994
2016-03-01,2,logistic_regression,1,0.6193663788,0.0014637994
2016-03-01,2,majority_baseline,1,0.5926193922,0.0014637994
2016-03-01,2,random_forest,1,0.5987519062,0.0014637994
2016-03-02,2,catboost,1,0.7285763793,0.001909572362
2016-03-02,2,logistic_regression,1,0.4997975715,0.001909572362
2016-03-02,2,majority_baseline,1,0.5926193922,0.001909572362
2016-03-02,2,random_forest,1,0.6388309932,0.001909572362
2016-03-03,2,catboost,0,0.7655258595,-0.001201348991
2016-03-03,2,logistic_regression,0,0.5801383395,-0.001201348991
2016-03-03,2,majority_baseline,0,0.5926193922,-0.001201348991
2016-03-03,2,random_forest,0,0.6507903099,-0.001201348991
2016-03-04,2,catboost,1,0.8201743261,0.01162501564
2016-03-04,2,logistic_regression,1,0.5838502518,0.01162501564
2016-03-04,2,majority_baseline,1,0.5926193922,0.01162501564
2016-03-04,2,random_forest,1,0.6505976766,0.01162501564
2016-03-07,2,catboost,1,0.8500256167,0.009521928986
2016-03-07,2,logistic_regression,1,0.515857186,0.009521928986
2016-03-07,2,majority_baseline,1,0.5926193922,0.009521928986
2016-03-07,2,random_forest,1,0.6582106272,0.009521928986
2016-03-08,2,catboost,1,0.9106032416,0.01900203839
2016-03-08,2,logistic_regression,1,0.6157555421,0.01900203839
2016-03-08,2,majority_baseline,1,0.5926193922,0.01900203839
2016-03-08,2,random_forest,1,0.6249421719,0.01900203839
2016-03-09,2,catboost,1,0.8747977498,0.01986152725
2016-03-09,2,logistic_regression,1,0.6199025182,0.01986152725
2016-03-09,2,majority_baseline,1,0.5926193922,0.01986152725
2016-03-09,2,random_forest,1,0.6239592867,0.01986152725
2016-03-10,2,catboost,1,0.7259139619,0.02550872893
2016-03-10,2,logistic_regression,1,0.6034504201,0.02550872893
2016-03-10,2,majority_baseline,1,0.5926193922,0.02550872893
2016-03-10,2,random_forest,1,0.5527477733,0.02550872893
2016-03-11,2,catboost,1,0.6802957848,0.007989793075
2016-03-11,2,logistic_regression,1,0.5476111654,0.007989793075
2016-03-11,2,majority_baseline,1,0.5926193922,0.007989793075
2016-03-11,2,random_forest,1,0.5717324614,0.007989793075
2016-03-14,2,catboost,1,0.8607282009,0.01071604049
2016-03-14,2,logistic_regression,1,0.5895414166,0.01071604049
2016-03-14,2,majority_baseline,1,0.5926193922,0.01071604049
2016-03-14,2,random_forest,1,0.6263035471,0.01071604049
2016-03-15,2,catboost,1,0.8325410825,0.01182173132
2016-03-15,2,logistic_regression,1,0.5813515699,0.01182173132
2016-03-15,2,majority_baseline,1,0.5926193922,0.01182173132
2016-03-15,2,random_forest,1,0.6032077821,0.01182173132
2016-03-16,2,catboost,0,0.662978489,-0.0006392721666
2016-03-16,2,logistic_regression,0,0.547453867,-0.0006392721666
2016-03-16,2,majority_baseline,0,0.5926193922,-0.0006392721666
2016-03-16,2,random_forest,0,0.534099935,-0.0006392721666
2016-03-17,2,catboost,0,0.4413833324,-0.007379219879
2016-03-17,2,logistic_regression,0,0.4935199361,-0.007379219879
2016-03-17,2,majority_baseline,0,0.5926193922,-0.007379219879
2016-03-17,2,random_forest,0,0.487402989,-0.007379219879
2016-03-18,2,catboost,0,0.6991263696,-0.005577842121
2016-03-18,2,logistic_regression,0,0.4941895936,-0.005577842121
2016-03-18,2,majority_baseline,0,0.5926193922,-0.005577842121
2016-03-18,2,random_forest,0,0.5274651875,-0.005577842121
2016-03-21,2,catboost,1,0.7982157251,0.002198646133
2016-03-21,2,logistic_regression,1,0.5603751533,0.002198646133
2016-03-21,2,majority_baseline,1,0.5926193922,0.002198646133
2016-03-21,2,random_forest,1,0.5562835838,0.002198646133
2016-03-22,2,catboost,1,0.6209577135,0.007137303076
2016-03-22,2,logistic_regression,1,0.611723353,0.007137303076
2016-03-22,2,majority_baseline,1,0.5926193922,0.007137303076
2016-03-22,2,random_forest,1,0.4536973241,0.007137303076
2016-03-23,2,catboost,1,0.8331117886,0.01136753862
2016-03-23,2,logistic_regression,1,0.6067196587,0.01136753862
2016-03-23,2,majority_baseline,1,0.5926193922,0.01136753862
2016-03-23,2,random_forest,1,0.575158748,0.01136753862
2016-03-24,2,catboost,1,0.7784753017,0.01870816853
2016-03-24,2,logistic_regression,1,0.6400250545,0.01870816853
2016-03-24,2,majority_baseline,1,0.5926193922,0.01870816853
2016-03-24,2,random_forest,1,0.5667758179,0.01870816853
2016-03-28,2,catboost,1,0.7904799932,0.01481004929
2016-03-28,2,logistic_regression,1,0.5888385516,0.01481004929
2016-03-28,2,majority_baseline,1,0.5926193922,0.01481004929
2016-03-28,2,random_forest,1,0.5680202487,0.01481004929
2016-03-29,2,catboost,0,0.5961787331,-0.004533895877
2016-03-29,2,logistic_regression,0,0.6195220412,-0.004533895877
2016-03-29,2,majority_baseline,0,0.5926193922,-0.004533895877
2016-03-29,2,random_forest,0,0.5068346727,-0.004533895877
2016-03-30,2,catboost,1,0.5631555207,0.001941529423
2016-03-30,2,logistic_regression,1,0.5556549131,0.001941529423
2016-03-30,2,majority_baseline,1,0.5926193922,0.001941529423
2016-03-30,2,random_forest,1,0.4741309285,0.001941529423
2016-03-31,2,catboost,0,0.7600434447,-0.007639195052
2016-03-31,2,logistic_regression,0,0.5467775132,-0.007639195052
2016-03-31,2,majority_baseline,0,0.5926193922,-0.007639195052
2016-03-31,2,random_forest,0,0.5380217893,-0.007639195052
2016-04-01,2,catboost,0,0.7017469245,-0.0116953326
2016-04-01,2,logistic_regression,0,0.5540624821,-0.0116953326
2016-04-01,2,majority_baseline,0,0.5926193922,-0.0116953326
2016-04-01,2,random_forest,0,0.4816138171,-0.0116953326
2016-04-04,2,catboost,0,0.8125531886,-0.01081210036
2016-04-04,2,logistic_regression,0,0.5296360146,-0.01081210036
2016-04-04,2,majority_baseline,0,0.5926193922,-0.01081210036
2016-04-04,2,random_forest,0,0.5324853033,-0.01081210036
2016-04-05,2,catboost,1,0.8654426782,0.008472480433
2016-04-05,2,logistic_regression,1,0.6238332057,0.008472480433
2016-04-05,2,majority_baseline,1,0.5926193922,0.008472480433
2016-04-05,2,random_forest,1,0.6209768766,0.008472480433
2016-04-06,2,catboost,1,0.7882897099,0.007654305851
2016-04-06,2,logistic_regression,1,0.5952706216,0.007654305851
2016-04-06,2,majority_baseline,1,0.5926193922,0.007654305851
2016-04-06,2,random_forest,1,0.5302331058,0.007654305851
2016-04-07,2,catboost,1,0.8072729572,0.01990682845
2016-04-07,2,logistic_regression,1,0.58670284,0.01990682845
2016-04-07,2,majority_baseline,1,0.5926193922,0.01990682845
2016-04-07,2,random_forest,1,0.5734350301,0.01990682845
2016-04-08,2,catboost,1,0.7459778678,0.01603911394
2016-04-08,2,logistic_regression,1,0.62176178,0.01603911394
2016-04-08,2,majority_baseline,1,0.5926193922,0.01603911394
2016-04-08,2,random_forest,1,0.5473764429,0.01603911394
2016-04-11,2,catboost,1,0.4289624483,0.02558573223
2016-04-11,2,logistic_regression,1,0.6156098016,0.02558573223
2016-04-11,2,majority_baseline,1,0.5926193922,0.02558573223
2016-04-11,2,random_forest,1,0.4522542492,0.02558573223
2016-04-12,2,catboost,1,0.4908484829,0.01932787361
2016-04-12,2,logistic_regression,1,0.5710693189,0.01932787361
2016-04-12,2,majority_baseline,1,0.5926193922,0.01932787361
2016-04-12,2,random_forest,1,0.4427706608,0.01932787361
2016-04-13,2,catboost,1,0.6183922247,0.01009618317
2016-04-13,2,logistic_regression,1,0.5149078445,0.01009618317
2016-04-13,2,majority_baseline,1,0.5926193922,0.01009618317
2016-04-13,2,random_forest,1,0.4631891515,0.01009618317
2016-04-14,2,catboost,1,0.675667012,0.004615195065
2016-04-14,2,logistic_regression,1,0.5276523235,0.004615195065
2016-04-14,2,majority_baseline,1,0.5926193922,0.004615195065
2016-04-14,2,random_forest,1,0.4653772828,0.004615195065
2016-04-15,2,catboost,1,0.5250035352,0.005727223057
2016-04-15,2,logistic_regression,1,0.5536673614,0.005727223057
2016-04-15,2,majority_baseline,1,0.5926193922,0.005727223057
2016-04-15,2,random_forest,1,0.4639743297,0.005727223057
2016-04-18,2,catboost,0,0.6758627549,-0.003010919917
2016-04-18,2,logistic_regression,0,0.5534778167,-0.003010919917
2016-04-18,2,majority_baseline,0,0.5926193922,-0.003010919917
2016-04-18,2,random_forest,0,0.4690380412,-0.003010919917
2016-04-19,2,catboost,0,0.5092749206,-0.004668869597
2016-04-19,2,logistic_regression,0,0.5500134377,-0.004668869597
2016-04-19,2,majority_baseline,0,0.5926193922,-0.004668869597
2016-04-19,2,random_forest,0,0.4173906334,-0.004668869597
2016-04-20,2,catboost,0,0.5361184748,-0.003569728597
2016-04-20,2,logistic_regression,0,0.5588833901,-0.003569728597
2016-04-20,2,majority_baseline,0,0.5926193922,-0.003569728597
2016-04-20,2,random_forest,0,0.4585321491,-0.003569728597
2016-04-21,2,catboost,0,0.6063484687,-0.00727379189
2016-04-21,2,logistic_regression,0,0.6029150014,-0.00727379189
2016-04-21,2,majority_baseline,0,0.5926193922,-0.00727379189
2016-04-21,2,random_forest,0,0.4965568664,-0.00727379189
2016-04-22,2,catboost,0,0.6387918937,-0.01263338941
2016-04-22,2,logistic_regression,0,0.5883976935,-0.01263338941
2016-04-22,2,majority_baseline,0,0.5926193922,-0.01263338941
2016-04-22,2,random_forest,0,0.5177600488,-0.01263338941
2016-04-25,2,catboost,0,0.6140378982,-0.00306792291
2016-04-25,2,logistic_regression,0,0.6292669024,-0.00306792291
2016-04-25,2,majority_baseline,0,0.5926193922,-0.00306792291
2016-04-25,2,random_forest,0,0.4970578231,-0.00306792291
2016-04-26,2,catboost,0,0.5527668067,-0.01321077218
2016-04-26,2,logistic_regression,0,0.6304596468,-0.01321077218
2016-04-26,2,majority_baseline,0,0.5926193922,-0.01321077218
2016-04-26,2,random_forest,0,0.4599733411,-0.01321077218
2016-04-27,2,catboost,0,0.4073700721,-0.02073088834
2016-04-27,2,logistic_regression,0,0.6010100901,-0.02073088834
2016-04-27,2,majority_baseline,0,0.5926193922,-0.02073088834
2016-04-27,2,random_forest,0,0.4069364969,-0.02073088834
2016-04-28,2,catboost,0,0.6889464371,-0.01195466733
2016-04-28,2,logistic_regression,0,0.5998641556,-0.01195466733
2016-04-28,2,majority_baseline,0,0.5926193922,-0.01195466733
2016-04-28,2,random_forest,0,0.5252391788,-0.01195466733
2016-04-29,2,catboost,0,0.7255816708,-0.002956431904
2016-04-29,2,logistic_regression,0,0.5708793933,-0.002956431904
2016-04-29,2,majority_baseline,0,0.5926193922,-0.002956431904
2016-04-29,2,random_forest,0,0.5599568014,-0.002956431904
2016-05-02,2,catboost,0,0.4619133449,-0.01000145111
2016-05-02,2,logistic_regression,0,0.5849696778,-0.01000145111
2016-05-02,2,majority_baseline,0,0.5926193922,-0.01000145111
2016-05-02,2,random_forest,0,0.419943858,-0.01000145111
2016-05-03,2,catboost,1,0.7994563994,0.01110784419
2016-05-03,2,logistic_regression,1,0.5839138119,0.01110784419
2016-05-03,2,majority_baseline,1,0.5926193922,0.01110784419
2016-05-03,2,random_forest,1,0.5549174161,0.01110784419
2016-05-04,2,catboost,1,0.6180646291,0.007267965172
2016-05-04,2,logistic_regression,1,0.5918734662,0.007267965172
2016-05-04,2,majority_baseline,1,0.5926193922,0.007267965172
2016-05-04,2,random_forest,1,0.5207305169,0.007267965172
2016-05-05,2,catboost,1,0.5360368451,0.007757215157
2016-05-05,2,logistic_regression,1,0.6089508042,0.007757215157
2016-05-05,2,majority_baseline,1,0.5926193922,0.007757215157
2016-05-05,2,random_forest,1,0.4817177704,0.007757215157
2016-05-06,2,catboost,0,0.4635018606,-0.004666569582
2016-05-06,2,logistic_regression,0,0.5955563851,-0.004666569582
2016-05-06,2,majority_baseline,0,0.5926193922,-0.004666569582
2016-05-06,2,random_forest,0,0.4073497121,-0.004666569582
2016-05-09,2,catboost,1,0.5266331946,0.004322693684
2016-05-09,2,logistic_regression,1,0.5830375357,0.004322693684
2016-05-09,2,majority_baseline,1,0.5926193922,0.004322693684
2016-05-09,2,random_forest,1,0.4294738751,0.004322693684
2016-05-10,2,catboost,0,0.23533783,-0.01727028474
2016-05-10,2,logistic_regression,0,0.5704711184,-0.01727028474
2016-05-10,2,majority_baseline,0,0.5926193922,-0.01727028474
2016-05-10,2,random_forest,0,0.3445275614,-0.01727028474
2016-05-11,2,catboost,0,0.3180239015,-0.007699739952
2016-05-11,2,logistic_regression,0,0.5494113356,-0.007699739952
2016-05-11,2,majority_baseline,0,0.5926193922,-0.007699739952
2016-05-11,2,random_forest,0,0.4047105673,-0.007699739952
2016-05-12,2,catboost,0,0.4665087554,-0.01142525526
2016-05-12,2,logistic_regression,0,0.6006059659,-0.01142525526
2016-05-12,2,majority_baseline,0,0.5926193922,-0.01142525526
2016-05-12,2,random_forest,0,0.4580349776,-0.01142525526
2016-05-13,2,catboost,1,0.5795149507,0.00356520326
2016-05-13,2,logistic_regression,1,0.6078721311,0.00356520326
2016-05-13,2,majority_baseline,1,0.5926193922,0.00356520326
2016-05-13,2,random_forest,1,0.493539521,0.00356520326
2016-05-16,2,catboost,0,0.3353468573,-0.007592572343
2016-05-16,2,logistic_regression,0,0.6055031934,-0.007592572343
2016-05-16,2,majority_baseline,0,0.5926193922,-0.007592572343
2016-05-16,2,random_forest,0,0.3783070341,-0.007592572343
2016-05-17,2,catboost,1,0.651442206,0.01474244037
2016-05-17,2,logistic_regression,1,0.6146070171,0.01474244037
2016-05-17,2,majority_baseline,1,0.5926193922,0.01474244037
2016-05-17,2,random_forest,1,0.4848313563,0.01474244037
2016-05-18,2,catboost,1,0.5515910362,0.0213264117
2016-05-18,2,logistic_regression,1,0.6144024001,0.0213264117
2016-05-18,2,majority_baseline,1,0.5926193922,0.0213264117
2016-05-18,2,random_forest,1,0.4776645447,0.0213264117
2016-05-19,2,catboost,1,0.6552319493,0.02517139803
2016-05-19,2,logistic_regression,1,0.5929895641,0.02517139803
2016-05-19,2,majority_baseline,1,0.5926193922,0.02517139803
2016-05-19,2,random_forest,1,0.4848044639,0.02517139803
2016-05-20,2,catboost,1,0.4909180011,0.02311547945
2016-05-20,2,logistic_regression,1,0.5696940967,0.02311547945
2016-05-20,2,majority_baseline,1,0.5926193922,0.02311547945
2016-05-20,2,random_forest,1,0.4174405273,0.02311547945
2016-05-23,2,catboost,1,0.6387678946,0.02256220189
2016-05-23,2,logistic_regression,1,0.6034060508,0.02256220189
2016-05-23,2,majority_baseline,1,0.5926193922,0.02256220189
2016-05-23,2,random_forest,1,0.4434525147,0.02256220189
2016-05-24,2,catboost,1,0.5538755329,0.01154572212
2016-05-24,2,logistic_regression,1,0.5919193926,0.01154572212
2016-05-24,2,majority_baseline,1,0.5926193922,0.01154572212
2016-05-24,2,random_forest,1,0.4611409998,0.01154572212
2016-05-25,2,catboost,1,0.4536940981,0.007788632021
2016-05-25,2,logistic_regression,1,0.545722994,0.007788632021
2016-05-25,2,majority_baseline,1,0.5926193922,0.007788632021
2016-05-25,2,random_forest,1,0.4309790341,0.007788632021
2016-05-26,2,catboost,1,0.5416827566,0.004490314878
2016-05-26,2,logistic_regression,1,0.5514736049,0.004490314878
2016-05-26,2,majority_baseline,1,0.5926193922,0.004490314878
2016-05-26,2,random_forest,1,0.4563977436,0.004490314878
2016-05-27,2,catboost,1,0.5997064961,0.005279683081
2016-05-27,2,logistic_regression,1,0.6050801645,0.005279683081
2016-05-27,2,majority_baseline,1,0.5926193922,0.005279683081
2016-05-27,2,random_forest,1,0.471450408,0.005279683081
2016-05-31,2,catboost,1,0.5135775731,0.008768568588
2016-05-31,2,logistic_regression,1,0.5607921774,0.008768568588
2016-05-31,2,majority_baseline,1,0.5926193922,0.008768568588
2016-05-31,2,random_forest,1,0.4776589056,0.008768568588
2016-06-01,2,catboost,1,0.5541351445,0.009987115409
2016-06-01,2,logistic_regression,1,0.6013589895,0.009987115409
2016-06-01,2,majority_baseline,1,0.5926193922,0.009987115409
2016-06-01,2,random_forest,1,0.4400221756,0.009987115409
2016-06-02,2,catboost,1,0.3414621801,0.005547380776
2016-06-02,2,logistic_regression,1,0.6274221931,0.005547380776
2016-06-02,2,majority_baseline,1,0.5926193922,0.005547380776
2016-06-02,2,random_forest,1,0.3971751166,0.005547380776
2016-06-03,2,catboost,0,0.484289422,-0.0009986280255
2016-06-03,2,logistic_regression,0,0.6347034908,-0.0009986280255
2016-06-03,2,majority_baseline,0,0.5926193922,-0.0009986280255
2016-06-03,2,random_forest,0,0.4636556273,-0.0009986280255
2016-06-06,2,catboost,0,0.5199547662,-0.01372135849
2016-06-06,2,logistic_regression,0,0.6136677595,-0.01372135849
2016-06-06,2,majority_baseline,0,0.5926193922,-0.01372135849
2016-06-06,2,random_forest,0,0.4319123911,-0.01372135849
2016-06-07,2,catboost,0,0.4359326996,-0.01719576495
2016-06-07,2,logistic_regression,0,0.6162380697,-0.01719576495
2016-06-07,2,majority_baseline,0,0.5926193922,-0.01719576495
2016-06-07,2,random_forest,0,0.3930405465,-0.01719576495
2016-06-08,2,catboost,0,0.3937970041,-0.02175446253
2016-06-08,2,logistic_regression,0,0.5984086508,-0.02175446253
2016-06-08,2,majority_baseline,0,0.5926193922,-0.02175446253
2016-06-08,2,random_forest,0,0.3915540958,-0.02175446253
2016-06-09,2,catboost,0,0.5157883545,-0.01749343016
2016-06-09,2,logistic_regression,0,0.5833817636,-0.01749343016
2016-06-09,2,majority_baseline,0,0.5926193922,-0.01749343016
2016-06-09,2,random_forest,0,0.4391019735,-0.01749343016
2016-06-10,2,catboost,0,0.719356089,-0.01689914256
2016-06-10,2,logistic_regression,0,0.584359332,-0.01689914256
2016-06-10,2,majority_baseline,0,0.5926193922,-0.01689914256
2016-06-10,2,random_forest,0,0.5493497405,-0.01689914256
2016-06-13,2,catboost,0,0.6056793731,-0.00287834401
2016-06-13,2,logistic_regression,0,0.5835018714,-0.00287834401
2016-06-13,2,majority_baseline,0,0.5926193922,-0.00287834401
2016-06-13,2,random_forest,0,0.5073014434,-0.00287834401
2016-06-14,2,catboost,1,0.7394892668,0.001922750975
2016-06-14,2,logistic_regression,1,0.5876476945,0.001922750975
2016-06-14,2,majority_baseline,1,0.5926193922,0.001922750975
2016-06-14,2,random_forest,1,0.529035426,0.001922750975
2016-06-15,2,catboost,1,0.7633441349,0.00168474657
2016-06-15,2,logistic_regression,1,0.586520143,0.00168474657
2016-06-15,2,majority_baseline,1,0.5926193922,0.00168474657
2016-06-15,2,random_forest,1,0.5197369878,0.00168474657
2016-06-16,2,catboost,1,0.6374994663,0.01170995132
2016-06-16,2,logistic_regression,1,0.5828381085,0.01170995132
2016-06-16,2,majority_baseline,1,0.5926193922,0.01170995132
2016-06-16,2,random_forest,1,0.4540892612,0.01170995132
2016-06-17,2,catboost,0,0.794945308,-0.01588223287
2016-06-17,2,logistic_regression,0,0.5531501638,-0.01588223287
2016-06-17,2,majority_baseline,0,0.5926193922,-0.01588223287
2016-06-17,2,random_forest,0,0.5498658422,-0.01588223287
2016-06-20,2,catboost,0,0.7137766971,-0.03969208447
2016-06-20,2,logistic_regression,0,0.5786118305,-0.03969208447
2016-06-20,2,majority_baseline,0,0.5926193922,-0.03969208447
2016-06-20,2,random_forest,0,0.4899429675,-0.03969208447
2016-06-21,2,catboost,0,0.4687546545,-0.02513915486
2016-06-21,2,logistic_regression,0,0.5527982603,-0.02513915486
2016-06-21,2,majority_baseline,0,0.5926193922,-0.02513915486
2016-06-21,2,random_forest,0,0.4097598251,-0.02513915486
2016-06-22,2,catboost,0,0.5575399824,-0.00691976145
2016-06-22,2,logistic_regression,0,0.5673198128,-0.00691976145
2016-06-22,2,majority_baseline,0,0.5926193922,-0.00691976145
2016-06-22,2,random_forest,0,0.4503838658,-0.00691976145
2016-06-23,2,catboost,0,0.5061448941,-0.006309007709
2016-06-23,2,logistic_regression,0,0.5395751978,-0.006309007709
2016-06-23,2,majority_baseline,0,0.5926193922,-0.006309007709
2016-06-23,2,random_forest,0,0.3859688884,-0.006309007709
2016-06-24,2,catboost,1,0.561875733,0.03286750895
2016-06-24,2,logistic_regression,1,0.7023312626,0.03286750895
2016-06-24,2,majority_baseline,1,0.5926193922,0.03286750895
2016-06-24,2,random_forest,1,0.5291518716,0.03286750895
2016-06-27,2,catboost,1,0.6724007875,0.04413826318
2016-06-27,2,logistic_regression,1,0.6591200689,0.04413826318
2016-06-27,2,majority_baseline,1,0.5926193922,0.04413826318
2016-06-27,2,random_forest,1,0.5706308341,0.04413826318
2016-06-28,2,catboost,1,0.6828760503,0.03179137253
2016-06-28,2,logistic_regression,1,0.6245310047,0.03179137253
2016-06-28,2,majority_baseline,1,0.5926193922,0.03179137253
2016-06-28,2,random_forest,1,0.5708382331,0.03179137253
2016-06-29,2,catboost,1,0.7148822325,0.0138875208
2016-06-29,2,logistic_regression,1,0.5534326801,0.0138875208
2016-06-29,2,majority_baseline,1,0.5926193922,0.0138875208
2016-06-29,2,random_forest,1,0.5451290098,0.0138875208
2016-06-30,2,catboost,1,0.7082352554,0.01513270128
2016-06-30,2,logistic_regression,1,0.5732564397,0.01513270128
2016-06-30,2,majority_baseline,1,0.5926193922,0.01513270128
2016-06-30,2,random_forest,1,0.5349231189,0.01513270128
2016-07-01,2,catboost,1,0.7946015689,0.01657772356
2016-07-01,2,logistic_regression,1,0.495838953,0.01657772356
2016-07-01,2,majority_baseline,1,0.5926193922,0.01657772356
2016-07-01,2,random_forest,1,0.5545330131,0.01657772356
2016-07-05,2,catboost,1,0.6828748624,0.03138041881
2016-07-05,2,logistic_regression,1,0.5114647856,0.03138041881
2016-07-05,2,majority_baseline,1,0.5926193922,0.03138041881
2016-07-05,2,random_forest,1,0.5246073091,0.03138041881
2016-07-06,2,catboost,1,0.6594898673,0.02508821142
2016-07-06,2,logistic_regression,1,0.5613268822,0.02508821142
2016-07-06,2,majority_baseline,1,0.5926193922,0.02508821142
2016-07-06,2,random_forest,1,0.5352028625,0.02508821142
2016-07-07,2,catboost,1,0.6393316346,0.031451326
2016-07-07,2,logistic_regression,1,0.5680754224,0.031451326
2016-07-07,2,majority_baseline,1,0.5926193922,0.031451326
2016-07-07,2,random_forest,1,0.5266411188,0.031451326
2016-07-08,2,catboost,1,0.7108764534,0.01495418759
2016-07-08,2,logistic_regression,1,0.5742601804,0.01495418759
2016-07-08,2,majority_baseline,1,0.5926193922,0.01495418759
2016-07-08,2,random_forest,1,0.5804013013,0.01495418759
2016-07-11,2,catboost,1,0.8670394921,0.01410501352
2016-07-11,2,logistic_regression,1,0.5734543631,0.01410501352
2016-07-11,2,majority_baseline,1,0.5926193922,0.01410501352
2016-07-11,2,random_forest,1,0.6278435337,0.01410501352
2016-07-12,2,catboost,1,0.8274574687,0.005768809109
2016-07-12,2,logistic_regression,1,0.6620740607,0.005768809109
2016-07-12,2,majority_baseline,1,0.5926193922,0.005768809109
2016-07-12,2,random_forest,1,0.6043082975,0.005768809109
2016-07-13,2,catboost,1,0.7517942693,0.01009677144
2016-07-13,2,logistic_regression,1,0.5912005615,0.01009677144
2016-07-13,2,majority_baseline,1,0.5926193922,0.01009677144
2016-07-13,2,random_forest,1,0.6142588542,0.01009677144
2016-07-14,2,catboost,1,0.8533824968,0.0006941014409
2016-07-14,2,logistic_regression,1,0.5672311638,0.0006941014409
2016-07-14,2,majority_baseline,1,0.5926193922,0.0006941014409
2016-07-14,2,random_forest,1,0.6244460908,0.0006941014409
2016-07-15,2,catboost,1,0.8227342551,0.006532936516
2016-07-15,2,logistic_regression,1,0.5678913874,0.006532936516
2016-07-15,2,majority_baseline,1,0.5926193922,0.006532936516
2016-07-15,2,random_forest,1,0.6232749625,0.006532936516
2016-07-18,2,catboost,1,0.7948589585,0.00110896075
2016-07-18,2,logistic_regression,1,0.5487940807,0.00110896075
2016-07-18,2,majority_baseline,1,0.5926193922,0.00110896075
2016-07-18,2,random_forest,1,0.6251909971,0.00110896075
2016-07-19,2,catboost,1,0.7526344599,0.002590302945
2016-07-19,2,logistic_regression,1,0.5976146106,0.002590302945
2016-07-19,2,majority_baseline,1,0.5926193922,0.002590302945
2016-07-19,2,random_forest,1,0.5572466655,0.002590302945
2016-07-20,2,catboost,0,0.7909590514,-0.00262560233
2016-07-20,2,logistic_regression,0,0.6028870721,-0.00262560233
2016-07-20,2,majority_baseline,0,0.5926193922,-0.00262560233
2016-07-20,2,random_forest,0,0.6252237974,-0.00262560233
2016-07-21,2,catboost,1,0.5945272641,0.002311924863
2016-07-21,2,logistic_regression,1,0.6181760418,0.002311924863
2016-07-21,2,majority_baseline,1,0.5926193922,0.002311924863
2016-07-21,2,random_forest,1,0.5920773028,0.002311924863
2016-07-22,2,catboost,0,0.6927238169,-0.0005524323189
2016-07-22,2,logistic_regression,0,0.5768945184,-0.0005524323189
2016-07-22,2,majority_baseline,0,0.5926193922,-0.0005524323189
2016-07-22,2,random_forest,0,0.6150183074,-0.0005524323189
2016-07-25,2,catboost,1,0.7544586963,0.001338603776
2016-07-25,2,logistic_regression,1,0.5722381202,0.001338603776
2016-07-25,2,majority_baseline,1,0.5926193922,0.001338603776
2016-07-25,2,random_forest,1,0.5719269554,0.001338603776
2016-07-26,2,catboost,0,0.7859684362,-0.005536317878
2016-07-26,2,logistic_regression,0,0.5917354898,-0.005536317878
2016-07-26,2,majority_baseline,0,0.5926193922,-0.005536317878
2016-07-26,2,random_forest,0,0.4847379382,-0.005536317878
2016-07-27,2,catboost,0,0.6022077054,-0.001570347281
2016-07-27,2,logistic_regression,0,0.5889450819,-0.001570347281
2016-07-27,2,majority_baseline,0,0.5926193922,-0.001570347281
2016-07-27,2,random_forest,0,0.4270160713,-0.001570347281
2016-07-28,2,catboost,0,0.5181553555,-0.001660749148
2016-07-28,2,logistic_regression,0,0.563392246,-0.001660749148
2016-07-28,2,majority_baseline,0,0.5926193922,-0.001660749148
2016-07-28,2,random_forest,0,0.4418439259,-0.001660749148
2016-07-29,2,catboost,1,0.4467430596,0.004882081908
2016-07-29,2,logistic_regression,1,0.5858324088,0.004882081908
2016-07-29,2,majority_baseline,1,0.5926193922,0.004882081908
2016-07-29,2,random_forest,1,0.4147273023,0.004882081908
2016-08-01,2,catboost,1,0.4563319377,0.005116625278
2016-08-01,2,logistic_regression,1,0.5631456577,0.005116625278
2016-08-01,2,majority_baseline,1,0.5926193922,0.005116625278
2016-08-01,2,random_forest,1,0.4218746822,0.005116625278
2016-08-02,2,catboost,1,0.5874450179,0.01220129697
2016-08-02,2,logistic_regression,1,0.590886229,0.01220129697
2016-08-02,2,majority_baseline,1,0.5926193922,0.01220129697
2016-08-02,2,random_forest,1,0.508642746,0.01220129697
2016-08-03,2,catboost,1,0.5992596861,0.006753662454
2016-08-03,2,logistic_regression,1,0.5804999195,0.006753662454
2016-08-03,2,majority_baseline,1,0.5926193922,0.006753662454
2016-08-03,2,random_forest,1,0.4782551039,0.006753662454
2016-08-04,2,catboost,1,0.3601971711,0.0103506777
2016-08-04,2,logistic_regression,1,0.6178036498,0.0103506777
2016-08-04,2,majority_baseline,1,0.5926193922,0.0103506777
2016-08-04,2,random_forest,1,0.4006548755,0.0103506777
2016-08-05,2,catboost,1,0.2796171158,0.001283408238
2016-08-05,2,logistic_regression,1,0.6037547249,0.001283408238
2016-08-05,2,majority_baseline,1,0.5926193922,0.001283408238
2016-08-05,2,random_forest,1,0.408349601,0.001283408238
2016-08-08,2,catboost,1,0.4174823097,0.004769517015
2016-08-08,2,logistic_regression,1,0.568533886,0.004769517015
2016-08-08,2,majority_baseline,1,0.5926193922,0.004769517015
2016-08-08,2,random_forest,1,0.3893336077,0.004769517015
2016-08-09,2,catboost,0,0.5371451459,-0.001008277603
2016-08-09,2,logistic_regression,0,0.6044290386,-0.001008277603
2016-08-09,2,majority_baseline,0,0.5926193922,-0.001008277603
2016-08-09,2,random_forest,0,0.4067519873,-0.001008277603
2016-08-10,2,catboost,1,0.5551338064,0.00335414309
2016-08-10,2,logistic_regression,1,0.5942181178,0.00335414309
2016-08-10,2,majority_baseline,1,0.5926193922,0.00335414309
2016-08-10,2,random_forest,1,0.4524832517,0.00335414309
2016-08-11,2,catboost,1,0.4207856919,0.0009604697272
2016-08-11,2,logistic_regression,1,0.5712772442,0.0009604697272
2016-08-11,2,majority_baseline,1,0.5926193922,0.0009604697272
2016-08-11,2,random_forest,1,0.3885202478,0.0009604697272
2016-08-12,2,catboost,1,0.5999531442,0.0003661384123
2016-08-12,2,logistic_regression,1,0.5584771237,0.0003661384123
2016-08-12,2,majority_baseline,1,0.5926193922,0.0003661384123
2016-08-12,2,random_forest,1,0.3802849405,0.0003661384123
2016-08-15,2,catboost,0,0.2823213316,-0.002556015836
2016-08-15,2,logistic_regression,0,0.5877179697,-0.002556015836
2016-08-15,2,majority_baseline,0,0.5926193922,-0.002556015836
2016-08-15,2,random_forest,0,0.3477598656,-0.002556015836
2016-08-16,2,catboost,1,0.5927799602,0.004633852399
2016-08-16,2,logistic_regression,1,0.6149278337,0.004633852399
2016-08-16,2,majority_baseline,1,0.5926193922,0.004633852399
2016-08-16,2,random_forest,1,0.4386794096,0.004633852399
2016-08-17,2,catboost,0,0.6714594953,-0.00238122916
2016-08-17,2,logistic_regression,0,0.6041711383,-0.00238122916
2016-08-17,2,majority_baseline,0,0.5926193922,-0.00238122916
2016-08-17,2,random_forest,0,0.4759404523,-0.00238122916
2016-08-18,2,catboost,0,0.3942988757,-0.005300208795
2016-08-18,2,logistic_regression,0,0.5830909898,-0.005300208795
2016-08-18,2,majority_baseline,0,0.5926193922,-0.005300208795
2016-08-18,2,random_forest,0,0.3684319364,-0.005300208795
2016-08-19,2,catboost,0,0.5378085271,-0.005719776875
2016-08-19,2,logistic_regression,0,0.5720989298,-0.005719776875
2016-08-19,2,majority_baseline,0,0.5926193922,-0.005719776875
2016-08-19,2,random_forest,0,0.4346540779,-0.005719776875
2016-08-22,2,catboost,0,0.6953190899,-0.0007779169951
2016-08-22,2,logistic_regression,0,0.5758430504,-0.0007779169951
2016-08-22,2,majority_baseline,0,0.5926193922,-0.0007779169951
2016-08-22,2,random_forest,0,0.4553137738,-0.0007779169951
2016-08-23,2,catboost,0,0.3411746655,-0.004429836026
2016-08-23,2,logistic_regression,0,0.5760909454,-0.004429836026
2016-08-23,2,majority_baseline,0,0.5926193922,-0.004429836026
2016-08-23,2,random_forest,0,0.3492319873,-0.004429836026
2016-08-24,2,catboost,0,0.5817933753,-0.002157453233
2016-08-24,2,logistic_regression,0,0.5914832121,-0.002157453233
2016-08-24,2,majority_baseline,0,0.5926193922,-0.002157453233
2016-08-24,2,random_forest,0,0.480121926,-0.002157453233
2016-08-25,2,catboost,0,0.6448925677,-0.001423966488
2016-08-25,2,logistic_regression,0,0.5732061002,-0.001423966488
2016-08-25,2,majority_baseline,0,0.5926193922,-0.001423966488
2016-08-25,2,random_forest,0,0.4923411369,-0.001423966488
2016-08-26,2,catboost,1,0.615307149,0.004970324604
2016-08-26,2,logistic_regression,1,0.5697407289,0.004970324604
2016-08-26,2,majority_baseline,1,0.5926193922,0.004970324604
2016-08-26,2,random_forest,1,0.5252979704,0.004970324604
2016-08-29,2,catboost,1,0.5825833292,0.003068319281
2016-08-29,2,logistic_regression,1,0.5394214981,0.003068319281
2016-08-29,2,majority_baseline,1,0.5926193922,0.003068319281
2016-08-29,2,random_forest,1,0.4169562092,0.003068319281
2016-08-30,2,catboost,1,0.5413153269,0.004633002294
2016-08-30,2,logistic_regression,1,0.5798277228,0.004633002294
2016-08-30,2,majority_baseline,1,0.5926193922,0.004633002294
2016-08-30,2,random_forest,1,0.397854122,0.004633002294
2016-08-31,2,catboost,1,0.6347878154,0.00519822235
2016-08-31,2,logistic_regression,1,0.5850651924,0.00519822235
2016-08-31,2,majority_baseline,1,0.5926193922,0.00519822235
2016-08-31,2,random_forest,1,0.4965643592,0.00519822235
2016-09-01,2,catboost,0,0.5865464667,-0.01890611625
2016-09-01,2,logistic_regression,0,0.552076594,-0.01890611625
2016-09-01,2,majority_baseline,0,0.5926193922,-0.01890611625
2016-09-01,2,random_forest,0,0.4839501556,-0.01890611625
2016-09-02,2,catboost,0,0.3883418643,-0.009296143452
2016-09-02,2,logistic_regression,0,0.542047435,-0.009296143452
2016-09-02,2,majority_baseline,0,0.5926193922,-0.009296143452
2016-09-02,2,random_forest,0,0.3954821935,-0.009296143452
2016-09-06,2,catboost,0,0.2932725334,-0.02648040511
2016-09-06,2,logistic_regression,0,0.5719896737,-0.02648040511
2016-09-06,2,majority_baseline,0,0.5926193922,-0.02648040511
2016-09-06,2,random_forest,0,0.3803471508,-0.02648040511
2016-09-07,2,catboost,0,0.4006204702,-0.02675677251
2016-09-07,2,logistic_regression,0,0.5756048495,-0.02675677251
2016-09-07,2,majority_baseline,0,0.5926193922,-0.02675677251
2016-09-07,2,random_forest,0,0.3932077448,-0.02675677251
2016-09-08,2,catboost,0,0.4414503968,-0.01478191287
2016-09-08,2,logistic_regression,0,0.5704880069,-0.01478191287
2016-09-08,2,majority_baseline,0,0.5926193922,-0.01478191287
2016-09-08,2,random_forest,0,0.4399607241,-0.01478191287
2016-09-09,2,catboost,1,0.5056222607,0.0004219631494
2016-09-09,2,logistic_regression,1,0.6739783202,0.0004219631494
2016-09-09,2,majority_baseline,1,0.5926193922,0.0004219631494
2016-09-09,2,random_forest,1,0.519937615,0.0004219631494
2016-09-12,2,catboost,0,0.5447481709,-0.01354346237
2016-09-12,2,logistic_regression,0,0.6183037511,-0.01354346237
2016-09-12,2,majority_baseline,0,0.5926193922,-0.01354346237
2016-09-12,2,random_forest,0,0.4791890967,-0.01354346237
2016-09-13,2,catboost,1,0.5671687921,0.0008910683479
2016-09-13,2,logistic_regression,1,0.5609404289,0.0008910683479
2016-09-13,2,majority_baseline,1,0.5926193922,0.0008910683479
2016-09-13,2,random_forest,1,0.4765791584,0.0008910683479
2016-09-14,2,catboost,1,0.534043259,0.01252645309
2016-09-14,2,logistic_regression,1,0.617800327,0.01252645309
2016-09-14,2,majority_baseline,1,0.5926193922,0.01252645309
2016-09-14,2,random_forest,1,0.479392847,0.01252645309
2016-09-15,2,catboost,1,0.51724849,0.008825687061
2016-09-15,2,logistic_regression,1,0.6078487675,0.008825687061
2016-09-15,2,majority_baseline,1,0.5926193922,0.008825687061
2016-09-15,2,random_forest,1,0.4494574269,0.008825687061
2016-09-16,2,catboost,1,0.6645233603,0.01227918855
2016-09-16,2,logistic_regression,1,0.5353121591,0.01227918855
2016-09-16,2,majority_baseline,1,0.5926193922,0.01227918855
2016-09-16,2,random_forest,1,0.4929682919,0.01227918855
2016-09-19,2,catboost,1,0.5307926484,0.003889235676
2016-09-19,2,logistic_regression,1,0.597317166,0.003889235676
2016-09-19,2,majority_baseline,1,0.5926193922,0.003889235676
2016-09-19,2,random_forest,1,0.484820326,0.003889235676
2016-09-20,2,catboost,1,0.5125386206,0.01007407515
2016-09-20,2,logistic_regression,1,0.5687475798,0.01007407515
2016-09-20,2,majority_baseline,1,0.5926193922,0.01007407515
2016-09-20,2,random_forest,1,0.4682227678,0.01007407515
2016-09-21,2,catboost,1,0.6664891808,0.003799425782
2016-09-21,2,logistic_regression,1,0.5916955003,0.003799425782
2016-09-21,2,majority_baseline,1,0.5926193922,0.003799425782
2016-09-21,2,random_forest,1,0.564372599,0.003799425782
2016-09-22,2,catboost,0,0.8173851383,-0.01151118926
2016-09-22,2,logistic_regression,0,0.5197310211,-0.01151118926
2016-09-22,2,majority_baseline,0,0.5926193922,-0.01151118926
2016-09-22,2,random_forest,0,0.5642459377,-0.01151118926
2016-09-23,2,catboost,1,0.6265567999,0.001435240484
2016-09-23,2,logistic_regression,1,0.5984836462,0.001435240484
2016-09-23,2,majority_baseline,1,0.5926193922,0.001435240484
2016-09-23,2,random_forest,1,0.5667582086,0.001435240484
2016-09-26,2,catboost,1,0.6955156565,0.007188168691
2016-09-26,2,logistic_regression,1,0.6092841173,0.007188168691
2016-09-26,2,majority_baseline,1,0.5926193922,0.007188168691
2016-09-26,2,random_forest,1,0.5754081322,0.007188168691
2016-09-27,2,catboost,0,0.685385832,-0.004128656909
2016-09-27,2,logistic_regression,0,0.6308757876,-0.004128656909
2016-09-27,2,majority_baseline,0,0.5926193922,-0.004128656909
2016-09-27,2,random_forest,0,0.5553326156,-0.004128656909
2016-09-28,2,catboost,0,0.7305914257,-0.004662086885
2016-09-28,2,logistic_regression,0,0.6282996508,-0.004662086885
2016-09-28,2,majority_baseline,0,0.5926193922,-0.004662086885
2016-09-28,2,random_forest,0,0.6264261594,-0.004662086885
2016-09-29,2,catboost,1,0.8486821161,0.005123933936
2016-09-29,2,logistic_regression,1,0.6405099844,0.005123933936
2016-09-29,2,majority_baseline,1,0.5926193922,0.005123933936
2016-09-29,2,random_forest,1,0.6380377836,0.005123933936
2016-09-30,2,catboost,0,0.767627354,-0.005825287942
2016-09-30,2,logistic_regression,0,0.6201460501,-0.005825287942
2016-09-30,2,majority_baseline,0,0.5926193922,-0.005825287942
2016-09-30,2,random_forest,0,0.6432294434,-0.005825287942
2016-10-03,2,catboost,1,0.8086243741,0.001761075642
2016-10-03,2,logistic_regression,1,0.5784539991,0.001761075642
2016-10-03,2,majority_baseline,1,0.5926193922,0.001761075642
2016-10-03,2,random_forest,1,0.6361654899,0.001761075642
2016-10-04,2,catboost,0,0.8290015902,-0.005822619911
2016-10-04,2,logistic_regression,0,0.6543988571,-0.005822619911
2016-10-04,2,majority_baseline,0,0.5926193922,-0.005822619911
2016-10-04,2,random_forest,0,0.6507210196,-0.005822619911
2016-10-05,2,catboost,0,0.8589644775,-0.008904132803
2016-10-05,2,logistic_regression,0,0.5952430277,-0.008904132803
2016-10-05,2,majority_baseline,0,0.5926193922,-0.008904132803
2016-10-05,2,random_forest,0,0.6322683061,-0.008904132803
2016-10-06,2,catboost,0,0.7179979452,-0.01283716895
2016-10-06,2,logistic_regression,0,0.5764165015,-0.01283716895
2016-10-06,2,majority_baseline,0,0.5926193922,-0.01283716895
2016-10-06,2,random_forest,0,0.6307879782,-0.01283716895
2016-10-07,2,catboost,0,0.6049960904,-0.008928563336
2016-10-07,2,logistic_regression,0,0.6409081548,-0.008928563336
2016-10-07,2,majority_baseline,0,0.5926193922,-0.008928563336
2016-10-07,2,random_forest,0,0.5401641019,-0.008928563336
2016-10-10,2,catboost,0,0.6592911421,-0.01748704078
2016-10-10,2,logistic_regression,0,0.610692226,-0.01748704078
2016-10-10,2,majority_baseline,0,0.5926193922,-0.01748704078
2016-10-10,2,random_forest,0,0.513650861,-0.01748704078
2016-10-11,2,catboost,1,0.8127840473,0.001311971183
2016-10-11,2,logistic_regression,1,0.6745257892,0.001311971183
2016-10-11,2,majority_baseline,1,0.5926193922,0.001311971183
2016-10-11,2,random_forest,1,0.6029108058,0.001311971183
2016-10-12,2,catboost,1,0.7683262817,0.002667128736
2016-10-12,2,logistic_regression,1,0.6056662492,0.002667128736
2016-10-12,2,majority_baseline,1,0.5926193922,0.002667128736
2016-10-12,2,random_forest,1,0.5662204085,0.002667128736
2016-10-13,2,catboost,1,0.6752691319,0.00408436422
2016-10-13,2,logistic_regression,1,0.6431313637,0.00408436422
2016-10-13,2,majority_baseline,1,0.5926193922,0.00408436422
2016-10-13,2,random_forest,1,0.5595600985,0.00408436422
2016-10-14,2,catboost,1,0.6959437598,0.004035288193
2016-10-14,2,logistic_regression,1,0.593503274,0.004035288193
2016-10-14,2,majority_baseline,1,0.5926193922,0.004035288193
2016-10-14,2,random_forest,1,0.5431854675,0.004035288193
2016-10-17,2,catboost,1,0.6651508604,0.01181841248
2016-10-17,2,logistic_regression,1,0.6231594122,0.01181841248
2016-10-17,2,majority_baseline,1,0.5926193922,0.01181841248
2016-10-17,2,random_forest,1,0.534064498,0.01181841248
2016-10-18,2,catboost,1,0.6102892102,0.00215240974
2016-10-18,2,logistic_regression,1,0.6285540862,0.00215240974
2016-10-18,2,majority_baseline,1,0.5926193922,0.00215240974
2016-10-18,2,random_forest,1,0.5156690933,0.00215240974
2016-10-19,2,catboost,0,0.4329491273,-0.002520035948
2016-10-19,2,logistic_regression,0,0.5832428119,-0.002520035948
2016-10-19,2,majority_baseline,0,0.5926193922,-0.002520035948
2016-10-19,2,random_forest,0,0.489354936,-0.002520035948
2016-10-20,2,catboost,0,0.5500577361,-0.003319649728
2016-10-20,2,logistic_regression,0,0.5981084162,-0.003319649728
2016-10-20,2,majority_baseline,0,0.5926193922,-0.003319649728
2016-10-20,2,random_forest,0,0.4947205185,-0.003319649728
2016-10-21,2,catboost,0,0.6473578937,-0.006729612249
2016-10-21,2,logistic_regression,0,0.5985579258,-0.006729612249
2016-10-21,2,majority_baseline,0,0.5926193922,-0.006729612249
2016-10-21,2,random_forest,0,0.5337070761,-0.006729612249
2016-10-24,2,catboost,0,0.7459070313,-0.01088927501
2016-10-24,2,logistic_regression,0,0.5619586258,-0.01088927501
2016-10-24,2,majority_baseline,0,0.5926193922,-0.01088927501
2016-10-24,2,random_forest,0,0.5076136034,-0.01088927501
2016-10-25,2,catboost,0,0.569070008,-0.01475465157
2016-10-25,2,logistic_regression,0,0.6210293976,-0.01475465157
2016-10-25,2,majority_baseline,0,0.5926193922,-0.01475465157
2016-10-25,2,random_forest,0,0.516165383,-0.01475465157
2016-10-26,2,catboost,0,0.6288335182,-0.01871432533
2016-10-26,2,logistic_regression,0,0.6359682262,-0.01871432533
2016-10-26,2,majority_baseline,0,0.5926193922,-0.01871432533
2016-10-26,2,random_forest,0,0.5318772683,-0.01871432533
2016-10-27,2,catboost,0,0.6404789509,-0.02059388956
2016-10-27,2,logistic_regression,0,0.6289722322,-0.02059388956
2016-10-27,2,majority_baseline,0,0.5926193922,-0.02059388956
2016-10-27,2,random_forest,0,0.5379115882,-0.02059388956
2016-10-28,2,catboost,0,0.771834274,-0.01877289134
2016-10-28,2,logistic_regression,0,0.6200600095,-0.01877289134
2016-10-28,2,majority_baseline,0,0.5926193922,-0.01877289134
2016-10-28,2,random_forest,0,0.5811095526,-0.01877289134
2016-10-31,2,catboost,1,0.7654363212,0.002822821883
2016-10-31,2,logistic_regression,1,0.6185359707,0.002822821883
2016-10-31,2,majority_baseline,1,0.5926193922,0.002822821883
2016-10-31,2,random_forest,1,0.5258096657,0.002822821883
2016-11-01,2,catboost,1,0.7700175436,0.01469127615
2016-11-01,2,logistic_regression,1,0.6664893225,0.01469127615
2016-11-01,2,majority_baseline,1,0.5926193922,0.01469127615
2016-11-01,2,random_forest,1,0.5736876448,0.01469127615
2016-11-02,2,catboost,1,0.6399252124,0.03165823985
2016-11-02,2,logistic_regression,1,0.6084525605,0.03165823985
2016-11-02,2,majority_baseline,1,0.5926193922,0.03165823985
2016-11-02,2,random_forest,1,0.5387411955,0.03165823985
2016-11-03,2,catboost,1,0.6009426015,0.0389884062
2016-11-03,2,logistic_regression,1,0.6279939114,0.0389884062
2016-11-03,2,majority_baseline,1,0.5926193922,0.0389884062
2016-11-03,2,random_forest,1,0.5022143984,0.0389884062
2016-11-04,2,catboost,1,0.7016976146,0.03773672972
2016-11-04,2,logistic_regression,1,0.6159245087,0.03773672972
2016-11-04,2,majority_baseline,1,0.5926193922,0.03773672972
2016-11-04,2,random_forest,1,0.5168668189,0.03773672972
2016-11-07,2,catboost,1,0.6356731733,0.01613888106
2016-11-07,2,logistic_regression,1,0.5919788194,0.01613888106
2016-11-07,2,majority_baseline,1,0.5926193922,0.01613888106
2016-11-07,2,random_forest,1,0.4925723077,0.01613888106
2016-11-08,2,catboost,1,0.584564785,0.01947596183
2016-11-08,2,logistic_regression,1,0.5017509167,0.01947596183
2016-11-08,2,majority_baseline,1,0.5926193922,0.01947596183
2016-11-08,2,random_forest,1,0.4697289823,0.01947596183
2016-11-09,2,catboost,1,0.4836676288,0.006885988383
2016-11-09,2,logistic_regression,1,0.5573472433,0.006885988383
2016-11-09,2,majority_baseline,1,0.5926193922,0.006885988383
2016-11-09,2,random_forest,1,0.479091491,0.006885988383
2016-11-10,2,catboost,1,0.4625968808,0.009542722281
2016-11-10,2,logistic_regression,1,0.4631361016,0.009542722281
2016-11-10,2,majority_baseline,1,0.5926193922,0.009542722281
2016-11-10,2,random_forest,1,0.4766353131,0.009542722281
2016-11-11,2,catboost,1,0.6594365257,0.009610950085
2016-11-11,2,logistic_regression,1,0.5047365879,0.009610950085
2016-11-11,2,majority_baseline,1,0.5926193922,0.009610950085
2016-11-11,2,random_forest,1,0.4846421974,0.009610950085
2016-11-14,2,catboost,1,0.5381879834,0.01643657445
2016-11-14,2,logistic_regression,1,0.5836936438,0.01643657445
2016-11-14,2,majority_baseline,1,0.5926193922,0.01643657445
2016-11-14,2,random_forest,1,0.4606096581,0.01643657445
2016-11-15,2,catboost,1,0.4502942223,0.01053693885
2016-11-15,2,logistic_regression,1,0.5947447527,0.01053693885
2016-11-15,2,majority_baseline,1,0.5926193922,0.01053693885
2016-11-15,2,random_forest,1,0.4168117686,0.01053693885
2016-11-16,2,catboost,1,0.5111985001,0.0129894059
2016-11-16,2,logistic_regression,1,0.6082528445,0.0129894059
2016-11-16,2,majority_baseline,1,0.5926193922,0.0129894059
2016-11-16,2,random_forest,1,0.4295767898,0.0129894059
2016-11-17,2,catboost,1,0.5102796226,0.01155303318
2016-11-17,2,logistic_regression,1,0.6573671864,0.01155303318
2016-11-17,2,majority_baseline,1,0.5926193922,0.01155303318
2016-11-17,2,random_forest,1,0.4328607824,0.01155303318
2016-11-18,2,catboost,1,0.4075816884,0.009061765217
2016-11-18,2,logistic_regression,1,0.647601226,0.009061765217
2016-11-18,2,majority_baseline,1,0.5926193922,0.009061765217
2016-11-18,2,random_forest,1,0.4297333754,0.009061765217
2016-11-21,2,catboost,1,0.5910096521,0.003452236298
2016-11-21,2,logistic_regression,1,0.5911107408,0.003452236298
2016-11-21,2,majority_baseline,1,0.5926193922,0.003452236298
2016-11-21,2,random_forest,1,0.4829532279,0.003452236298
2016-11-22,2,catboost,0,0.455751849,-0.0009066864556
2016-11-22,2,logistic_regression,0,0.5835449934,-0.0009066864556
2016-11-22,2,majority_baseline,0,0.5926193922,-0.0009066864556
2016-11-22,2,random_forest,0,0.4056838497,-0.0009066864556
2016-11-23,2,catboost,0,0.4538868696,-0.005120025446
2016-11-23,2,logistic_regression,0,0.5677476163,-0.005120025446
2016-11-23,2,majority_baseline,0,0.5926193922,-0.005120025446
2016-11-23,2,random_forest,0,0.4050565182,-0.005120025446
2016-11-25,2,catboost,0,0.3564188425,-0.008306299947
2016-11-25,2,logistic_regression,0,0.5615661699,-0.008306299947
2016-11-25,2,majority_baseline,0,0.5926193922,-0.008306299947
2016-11-25,2,random_forest,0,0.3453986546,-0.008306299947
2016-11-28,2,catboost,1,0.5697336789,0.002358510115
2016-11-28,2,logistic_regression,1,0.6375810662,0.002358510115
2016-11-28,2,majority_baseline,1,0.5926193922,0.002358510115
2016-11-28,2,random_forest,1,0.4598196216,0.002358510115
2016-11-29,2,catboost,1,0.5675550361,0.003576086129
2016-11-29,2,logistic_regression,1,0.5982519885,0.003576086129
2016-11-29,2,majority_baseline,1,0.5926193922,0.003576086129
2016-11-29,2,random_forest,1,0.4691197882,0.003576086129
2016-11-30,2,catboost,1,0.6848209911,0.0191487481
2016-11-30,2,logistic_regression,1,0.6011104665,0.0191487481
2016-11-30,2,majority_baseline,1,0.5926193922,0.0191487481
2016-11-30,2,random_forest,1,0.4823382659,0.0191487481
2016-12-01,2,catboost,1,0.481881793,0.02541324596
2016-12-01,2,logistic_regression,1,0.5832194522,0.02541324596
2016-12-01,2,majority_baseline,1,0.5926193922,0.02541324596
2016-12-01,2,random_forest,1,0.4620022761,0.02541324596
2016-12-02,2,catboost,1,0.5713540887,0.03109068658
2016-12-02,2,logistic_regression,1,0.5927117896,0.03109068658
2016-12-02,2,majority_baseline,1,0.5926193922,0.03109068658
2016-12-02,2,random_forest,1,0.4314756487,0.03109068658
2016-12-05,2,catboost,1,0.3880033248,0.02375565611
2016-12-05,2,logistic_regression,1,0.5757583598,0.02375565611
2016-12-05,2,majority_baseline,1,0.5926193922,0.02375565611
2016-12-05,2,random_forest,1,0.3747042025,0.02375565611
2016-12-06,2,catboost,1,0.3140739426,0.02733422501
2016-12-06,2,logistic_regression,1,0.5611459867,0.02733422501
2016-12-06,2,majority_baseline,1,0.5926193922,0.02733422501
2016-12-06,2,random_forest,1,0.3827307235,0.02733422501
2016-12-07,2,catboost,1,0.4258594136,0.005699014983
2016-12-07,2,logistic_regression,1,0.60195799,0.005699014983
2016-12-07,2,majority_baseline,1,0.5926193922,0.005699014983
2016-12-07,2,random_forest,1,0.4024153361,0.005699014983
2016-12-08,2,catboost,1,0.2665607242,0.007372879169
2016-12-08,2,logistic_regression,1,0.4836485055,0.007372879169
2016-12-08,2,majority_baseline,1,0.5926193922,0.007372879169
2016-12-08,2,random_forest,1,0.3818885342,0.007372879169
2016-12-09,2,catboost,0,0.2257409221,-0.006489785156
2016-12-09,2,logistic_regression,0,0.4882418753,-0.006489785156
2016-12-09,2,majority_baseline,0,0.5926193922,-0.006489785156
2016-12-09,2,random_forest,0,0.3532778738,-0.006489785156
2016-12-12,2,catboost,0,0.3026760389,-0.003182325746
2016-12-12,2,logistic_regression,0,0.5059706146,-0.003182325746
2016-12-12,2,majority_baseline,0,0.5926193922,-0.003182325746
2016-12-12,2,random_forest,0,0.3725351222,-0.003182325746
2016-12-13,2,catboost,0,0.2169395515,-0.005971200531
2016-12-13,2,logistic_regression,0,0.5000772276,-0.005971200531
2016-12-13,2,majority_baseline,0,0.5926193922,-0.005971200531
2016-12-13,2,random_forest,0,0.3442524042,-0.005971200531
2016-12-14,2,catboost,0,0.6123183567,-0.0004869868851
2016-12-14,2,logistic_regression,0,0.5386953546,-0.0004869868851
2016-12-14,2,majority_baseline,0,0.5926193922,-0.0004869868851
2016-12-14,2,random_forest,0,0.5094295834,-0.0004869868851
2016-12-15,2,catboost,0,0.5274884506,-0.006304804529
2016-12-15,2,logistic_regression,0,0.5622474164,-0.006304804529
2016-12-15,2,majority_baseline,0,0.5926193922,-0.006304804529
2016-12-15,2,random_forest,0,0.4655758522,-0.006304804529
2016-12-16,2,catboost,1,0.595284854,0.002977308123
2016-12-16,2,logistic_regression,1,0.5611339598,0.002977308123
2016-12-16,2,majority_baseline,1,0.5926193922,0.002977308123
2016-12-16,2,random_forest,1,0.5113727776,0.002977308123
2016-12-19,2,catboost,1,0.6572492332,0.003281184339
2016-12-19,2,logistic_regression,1,0.5809643913,0.003281184339
2016-12-19,2,majority_baseline,1,0.5926193922,0.003281184339
2016-12-19,2,random_forest,1,0.5199720108,0.003281184339
2016-12-20,2,catboost,0,0.4644563052,-0.0088339225
2016-12-20,2,logistic_regression,0,0.5901357699,-0.0088339225
2016-12-20,2,majority_baseline,0,0.5926193922,-0.0088339225
2016-12-20,2,random_forest,0,0.4044992437,-0.0088339225
2016-12-21,2,catboost,0,0.473217517,-0.006289578655
2016-12-21,2,logistic_regression,0,0.5572850174,-0.006289578655
2016-12-21,2,majority_baseline,0,0.5926193922,-0.006289578655
2016-12-21,2,random_forest,0,0.4085866668,-0.006289578655
2016-12-22,2,catboost,0,0.4796579841,-0.008208386102
2016-12-22,2,logistic_regression,0,0.5942997928,-0.008208386102
2016-12-22,2,majority_baseline,0,0.5926193922,-0.008208386102
2016-12-22,2,random_forest,0,0.4588935365,-0.008208386102
2016-12-23,2,catboost,0,0.346283743,-0.002082323273
2016-12-23,2,logistic_regression,0,0.5692338504,-0.002082323273
2016-12-23,2,majority_baseline,0,0.5926193922,-0.002082323273
2016-12-23,2,random_forest,0,0.3863780532,-0.002082323273
2016-12-27,2,catboost,1,0.2446028673,0.001370033562
2016-12-27,2,logistic_regression,1,0.5938601258,0.001370033562
2016-12-27,2,majority_baseline,1,0.5926193922,0.001370033562
2016-12-27,2,random_forest,1,0.375441087,0.001370033562
2016-12-28,2,catboost,1,0.6541446735,0.008912656214
2016-12-28,2,logistic_regression,1,0.6221845646,0.008912656214
2016-12-28,2,majority_baseline,1,0.5926193922,0.008912656214
2016-12-28,2,random_forest,1,0.5241432787,0.008912656214
2016-12-29,2,catboost,1,0.640953946,0.01274794082
2016-12-29,2,logistic_regression,1,0.6009789388,0.01274794082
2016-12-29,2,majority_baseline,1,0.5926193922,0.01274794082
2016-12-29,2,random_forest,1,0.4916362032,0.01274794082
2016-12-30,2,catboost,1,0.6710374303,0.01310789565
2016-12-30,2,logistic_regression,1,0.6383155041,0.01310789565
2016-12-30,2,majority_baseline,1,0.5926193922,0.01310789565
2016-12-30,2,random_forest,1,0.5487214068,0.01310789565
2017-01-03,2,catboost,1,0.3870014425,0.005416449877
2017-01-03,2,logistic_regression,1,0.576472265,0.005416449877
2017-01-03,2,majority_baseline,1,0.5926193922,0.005416449877
2017-01-03,2,random_forest,1,0.419476809,0.005416449877
2017-01-04,2,catboost,1,0.4087739189,0.002295014105
2017-01-04,2,logistic_regression,1,0.5514023446,0.002295014105
2017-01-04,2,majority_baseline,1,0.5926193922,0.002295014105
2017-01-04,2,random_forest,1,0.4066290528,0.002295014105
2017-01-05,2,catboost,1,0.3829102427,0.0005742266056
2017-01-05,2,logistic_regression,1,0.5457580713,0.0005742266056
2017-01-05,2,majority_baseline,1,0.5926193922,0.0005742266056
2017-01-05,2,random_forest,1,0.4173427923,0.0005742266056
2017-01-06,2,catboost,0,0.3608198791,-0.0007042101812
2017-01-06,2,logistic_regression,0,0.5725844352,-0.0007042101812
2017-01-06,2,majority_baseline,0,0.5926193922,-0.0007042101812
2017-01-06,2,random_forest,0,0.395966441,-0.0007042101812
2017-01-09,2,catboost,0,0.2553870779,-0.0009273456407
2017-01-09,2,logistic_regression,0,0.5552153118,-0.0009273456407
2017-01-09,2,majority_baseline,0,0.5926193922,-0.0009273456407
2017-01-09,2,random_forest,0,0.3580883245,-0.0009273456407
2017-01-10,2,catboost,1,0.4362196904,0.001280549728
2017-01-10,2,logistic_regression,1,0.6199764867,0.001280549728
2017-01-10,2,majority_baseline,1,0.5926193922,0.001280549728
2017-01-10,2,random_forest,1,0.4537958319,0.001280549728
2017-01-11,2,catboost,0,0.3753761098,-0.005239992814
2017-01-11,2,logistic_regression,0,0.592915402,-0.005239992814
2017-01-11,2,majority_baseline,0,0.5926193922,-0.005239992814
2017-01-11,2,random_forest,0,0.4045580097,-0.005239992814
2017-01-12,2,catboost,1,0.4916343953,0.0009270591141
2017-01-12,2,logistic_regression,1,0.6017412022,0.0009270591141
2017-01-12,2,majority_baseline,1,0.5926193922,0.0009270591141
2017-01-12,2,random_forest,1,0.4302907947,0.0009270591141
2017-01-13,2,catboost,0,0.4097168458,-0.003963925073
2017-01-13,2,logistic_regression,0,0.6005551351,-0.003963925073
2017-01-13,2,majority_baseline,0,0.5926193922,-0.003963925073
2017-01-13,2,random_forest,0,0.3809031981,-0.003963925073
2017-01-17,2,catboost,1,0.3984218619,0.00596687779
2017-01-17,2,logistic_regression,1,0.6111595713,0.00596687779
2017-01-17,2,majority_baseline,1,0.5926193922,0.00596687779
2017-01-17,2,random_forest,1,0.4338462596,0.00596687779
2017-01-18,2,catboost,1,0.4162694561,0.01243663638
2017-01-18,2,logistic_regression,1,0.6042282867,0.01243663638
2017-01-18,2,majority_baseline,1,0.5926193922,0.01243663638
2017-01-18,2,random_forest,1,0.4165621794,0.01243663638
2017-01-19,2,catboost,1,0.4395788484,0.01513876342
2017-01-19,2,logistic_regression,1,0.602485999,0.01513876342
2017-01-19,2,majority_baseline,1,0.5926193922,0.01513876342
2017-01-19,2,random_forest,1,0.4500622275,0.01513876342
2017-01-20,2,catboost,1,0.3469272153,0.009835034162
2017-01-20,2,logistic_regression,1,0.5681749794,0.009835034162
2017-01-20,2,majority_baseline,1,0.5926193922,0.009835034162
2017-01-20,2,random_forest,1,0.4378869305,0.009835034162
2017-01-23,2,catboost,1,0.5169298024,0.00619062232
2017-01-23,2,logistic_regression,1,0.5421342547,0.00619062232
2017-01-23,2,majority_baseline,1,0.5926193922,0.00619062232
2017-01-23,2,random_forest,1,0.4203074418,0.00619062232
2017-01-24,2,catboost,0,0.34175067,-0.0003075891833
2017-01-24,2,logistic_regression,0,0.5699794698,-0.0003075891833
2017-01-24,2,majority_baseline,0,0.5926193922,-0.0003075891833
2017-01-24,2,random_forest,0,0.3756927783,-0.0003075891833
2017-01-25,2,catboost,0,0.3539046115,-0.008494194093
2017-01-25,2,logistic_regression,0,0.524842002,-0.008494194093
2017-01-25,2,majority_baseline,0,0.5926193922,-0.008494194093
2017-01-25,2,random_forest,0,0.385151634,-0.008494194093
2017-01-26,2,catboost,0,0.3846846738,-0.006802413499
2017-01-26,2,logistic_regression,0,0.5332510725,-0.006802413499
2017-01-26,2,majority_baseline,0,0.5926193922,-0.006802413499
2017-01-26,2,random_forest,0,0.3375484097,-0.006802413499
2017-01-27,2,catboost,1,0.4953616056,0.00161591081
2017-01-27,2,logistic_regression,1,0.5883726089,0.00161591081
2017-01-27,2,majority_baseline,1,0.5926193922,0.00161591081
2017-01-27,2,random_forest,1,0.4221845748,0.00161591081
2017-01-30,2,catboost,1,0.5558412461,0.0060645554
2017-01-30,2,logistic_regression,1,0.5984235448,0.0060645554
2017-01-30,2,majority_baseline,1,0.5926193922,0.0060645554
2017-01-30,2,random_forest,1,0.4707148401,0.0060645554
2017-01-31,2,catboost,1,0.5614934102,0.006197000868
2017-01-31,2,logistic_regression,1,0.5975336683,0.006197000868
2017-01-31,2,majority_baseline,1,0.5926193922,0.006197000868
2017-01-31,2,random_forest,1,0.4776683711,0.006197000868
2017-02-01,2,catboost,1,0.5123640656,0.007117170876
2017-02-01,2,logistic_regression,1,0.6027065494,0.007117170876
2017-02-01,2,majority_baseline,1,0.5926193922,0.007117170876
2017-02-01,2,random_forest,1,0.4269640935,0.007117170876
2017-02-02,2,catboost,1,0.4531680746,0.01242482217
2017-02-02,2,logistic_regression,1,0.6090266441,0.01242482217
2017-02-02,2,majority_baseline,1,0.5926193922,0.01242482217
2017-02-02,2,random_forest,1,0.4120257875,0.01242482217
2017-02-03,2,catboost,1,0.3330711181,0.00946192655
2017-02-03,2,logistic_regression,1,0.5846760702,0.00946192655
2017-02-03,2,majority_baseline,1,0.5926193922,0.00946192655
2017-02-03,2,random_forest,1,0.3779909497,0.00946192655
2017-02-06,2,catboost,1,0.4899941492,0.01677373749
2017-02-06,2,logistic_regression,1,0.5776502194,0.01677373749
2017-02-06,2,majority_baseline,1,0.5926193922,0.01677373749
2017-02-06,2,random_forest,1,0.3804328357,0.01677373749
2017-02-07,2,catboost,1,0.4870867435,0.02079144951
2017-02-07,2,logistic_regression,1,0.6024865823,0.02079144951
2017-02-07,2,majority_baseline,1,0.5926193922,0.02079144951
2017-02-07,2,random_forest,1,0.4257041219,0.02079144951
2017-02-08,2,catboost,1,0.4458627172,0.0247774933
2017-02-08,2,logistic_regression,1,0.5834603448,0.0247774933
2017-02-08,2,majority_baseline,1,0.5926193922,0.0247774933
2017-02-08,2,random_forest,1,0.3885739741,0.0247774933
2017-02-09,2,catboost,1,0.372330125,0.01786641366
2017-02-09,2,logistic_regression,1,0.585276554,0.01786641366
2017-02-09,2,majority_baseline,1,0.5926193922,0.01786641366
2017-02-09,2,random_forest,1,0.3682855538,0.01786641366
2017-02-10,2,catboost,1,0.4834768895,0.01546370302
2017-02-10,2,logistic_regression,1,0.5611007311,0.01546370302
2017-02-10,2,majority_baseline,1,0.5926193922,0.01546370302
2017-02-10,2,random_forest,1,0.3835609307,0.01546370302
2017-02-13,2,catboost,1,0.4096137996,0.01598144577
2017-02-13,2,logistic_regression,1,0.5739034586,0.01598144577
2017-02-13,2,majority_baseline,1,0.5926193922,0.01598144577
2017-02-13,2,random_forest,1,0.3991396728,0.01598144577
2017-02-14,2,catboost,1,0.2468049315,0.01103980288
2017-02-14,2,logistic_regression,1,0.5790336673,0.01103980288
2017-02-14,2,majority_baseline,1,0.5926193922,0.01103980288
2017-02-14,2,random_forest,1,0.3566097832,0.01103980288
2017-02-15,2,catboost,1,0.1903020218,0.006470305686
2017-02-15,2,logistic_regression,1,0.5521655229,0.006470305686
2017-02-15,2,majority_baseline,1,0.5926193922,0.006470305686
2017-02-15,2,random_forest,1,0.3458440166,0.006470305686
2017-02-16,2,catboost,1,0.2203264631,0.008606016912
2017-02-16,2,logistic_regression,1,0.5468208239,0.008606016912
2017-02-16,2,majority_baseline,1,0.5926193922,0.008606016912
2017-02-16,2,random_forest,1,0.357564254,0.008606016912
2017-02-17,2,catboost,1,0.3106810802,0.00859247238
2017-02-17,2,logistic_regression,1,0.5484066919,0.00859247238
2017-02-17,2,majority_baseline,1,0.5926193922,0.00859247238
2017-02-17,2,random_forest,1,0.3896892311,0.00859247238
2017-02-21,2,catboost,0,0.1586386493,-8.458835272e-05
2017-02-21,2,logistic_regression,0,0.5416727749,-8.458835272e-05
2017-02-21,2,majority_baseline,0,0.5926193922,-8.458835272e-05
2017-02-21,2,random_forest,0,0.3316247825,-8.458835272e-05
2017-02-22,2,catboost,1,0.2700579208,0.01481293388
2017-02-22,2,logistic_regression,1,0.5715742073,0.01481293388
2017-02-22,2,majority_baseline,1,0.5926193922,0.01481293388
2017-02-22,2,random_forest,1,0.3351720339,0.01481293388
2017-02-23,2,catboost,1,0.2965555783,0.007739815097
2017-02-23,2,logistic_regression,1,0.6015341552,0.007739815097
2017-02-23,2,majority_baseline,1,0.5926193922,0.007739815097
2017-02-23,2,random_forest,1,0.4229431134,0.007739815097
2017-02-24,2,catboost,1,0.2474950166,0.007096361667
2017-02-24,2,logistic_regression,1,0.5610267636,0.007096361667
2017-02-24,2,majority_baseline,1,0.5926193922,0.007096361667
2017-02-24,2,random_forest,1,0.3932295345,0.007096361667
2017-02-27,2,catboost,1,0.3246553439,0.002530496809
2017-02-27,2,logistic_regression,1,0.5880220914,0.002530496809
2017-02-27,2,majority_baseline,1,0.5926193922,0.002530496809
2017-02-27,2,random_forest,1,0.4062073176,0.002530496809
2017-02-28,2,catboost,1,0.426838024,0.002241294022
2017-02-28,2,logistic_regression,1,0.5645906712,0.002241294022
2017-02-28,2,majority_baseline,1,0.5926193922,0.002241294022
2017-02-28,2,random_forest,1,0.4980205414,0.002241294022
2017-03-01,2,catboost,0,0.2523911872,-0.01342898163
2017-03-01,2,logistic_regression,0,0.4968711474,-0.01342898163
2017-03-01,2,majority_baseline,0,0.5926193922,-0.01342898163
2017-03-01,2,random_forest,0,0.3704593797,-0.01342898163
2017-03-02,2,catboost,0,0.3982389933,-0.005917671862
2017-03-02,2,logistic_regression,0,0.5008530115,-0.005917671862
2017-03-02,2,majority_baseline,0,0.5926193922,-0.005917671862
2017-03-02,2,random_forest,0,0.4541901778,-0.005917671862
2017-03-03,2,catboost,0,0.7029319617,-0.00306180608
2017-03-03,2,logistic_regression,0,0.5703177838,-0.00306180608
2017-03-03,2,majority_baseline,0,0.5926193922,-0.00306180608
2017-03-03,2,random_forest,0,0.495446271,-0.00306180608
2017-03-06,2,catboost,1,0.6468594222,0.0004206423675
2017-03-06,2,logistic_regression,1,0.5705567366,0.0004206423675
2017-03-06,2,majority_baseline,1,0.5926193922,0.0004206423675
2017-03-06,2,random_forest,1,0.4843576135,0.0004206423675
2017-03-07,2,catboost,0,0.5798587954,-0.0004219666667
2017-03-07,2,logistic_regression,0,0.5857234472,-0.0004219666667
2017-03-07,2,majority_baseline,0,0.5926193922,-0.0004219666667
2017-03-07,2,random_forest,0,0.464935592,-0.0004219666667
2017-03-08,2,catboost,1,0.5947915679,0.01010314222
2017-03-08,2,logistic_regression,1,0.6046510981,0.01010314222
2017-03-08,2,majority_baseline,1,0.5926193922,0.01010314222
2017-03-08,2,random_forest,1,0.5124176452,0.01010314222
2017-03-09,2,catboost,1,0.5119320937,0.006839462534
2017-03-09,2,logistic_regression,1,0.5764349653,0.006839462534
2017-03-09,2,majority_baseline,1,0.5926193922,0.006839462534
2017-03-09,2,random_forest,1,0.4551188174,0.006839462534
2017-03-10,2,catboost,0,0.4887458277,-0.002776741105
2017-03-10,2,logistic_regression,0,0.5625083311,-0.002776741105
2017-03-10,2,majority_baseline,0,0.5926193922,-0.002776741105
2017-03-10,2,random_forest,0,0.4168714173,-0.002776741105
2017-03-13,2,catboost,0,0.3001660109,-0.004373211011
2017-03-13,2,logistic_regression,0,0.5629200768,-0.004373211011
2017-03-13,2,majority_baseline,0,0.5926193922,-0.004373211011
2017-03-13,2,random_forest,0,0.3731974152,-0.004373211011
2017-03-14,2,catboost,0,0.48616437,-0.01338116624
2017-03-14,2,logistic_regression,0,0.6034998131,-0.01338116624
2017-03-14,2,majority_baseline,0,0.5926193922,-0.01338116624
2017-03-14,2,random_forest,0,0.4606772197,-0.01338116624
2017-03-15,2,catboost,0,0.4027784708,-0.01954382993
2017-03-15,2,logistic_regression,0,0.5668414612,-0.01954382993
2017-03-15,2,majority_baseline,0,0.5926193922,-0.01954382993
2017-03-15,2,random_forest,0,0.4214959156,-0.01954382993
2017-03-16,2,catboost,0,0.380566035,-0.01865983303
2017-03-16,2,logistic_regression,0,0.5245171156,-0.01865983303
2017-03-16,2,majority_baseline,0,0.5926193922,-0.01865983303
2017-03-16,2,random_forest,0,0.3850652738,-0.01865983303
2017-03-17,2,catboost,0,0.5614266178,-0.01337382701
2017-03-17,2,logistic_regression,0,0.564408677,-0.01337382701
2017-03-17,2,majority_baseline,0,0.5926193922,-0.01337382701
2017-03-17,2,random_forest,0,0.5005208707,-0.01337382701
2017-03-20,2,catboost,0,0.5628414917,-0.01330408896
2017-03-20,2,logistic_regression,0,0.5955007946,-0.01330408896
2017-03-20,2,majority_baseline,0,0.5926193922,-0.01330408896
2017-03-20,2,random_forest,0,0.4742870932,-0.01330408896
2017-03-21,2,catboost,1,0.6343654478,0.006802770844
2017-03-21,2,logistic_regression,1,0.671812105,0.006802770844
2017-03-21,2,majority_baseline,1,0.5926193922,0.006802770844
2017-03-21,2,random_forest,1,0.563150736,0.006802770844
2017-03-22,2,catboost,1,0.7969517137,0.005378156507
2017-03-22,2,logistic_regression,1,0.604578364,0.005378156507
2017-03-22,2,majority_baseline,1,0.5926193922,0.005378156507
2017-03-22,2,random_forest,1,0.5456523852,0.005378156507
2017-03-23,2,catboost,1,0.6646401021,0.009656858145
2017-03-23,2,logistic_regression,1,0.5920199757,0.009656858145
2017-03-23,2,majority_baseline,1,0.5926193922,0.009656858145
2017-03-23,2,random_forest,1,0.4692723273,0.009656858145
2017-03-24,2,catboost,1,0.5368668478,0.008039018623
2017-03-24,2,logistic_regression,1,0.5803955824,0.008039018623
2017-03-24,2,majority_baseline,1,0.5926193922,0.008039018623
2017-03-24,2,random_forest,1,0.4916863151,0.008039018623
2017-03-27,2,catboost,1,0.4563976793,0.007319607636
2017-03-27,2,logistic_regression,1,0.5891468911,0.007319607636
2017-03-27,2,majority_baseline,1,0.5926193922,0.007319607636
2017-03-27,2,random_forest,1,0.447669007,0.007319607636
2017-03-28,2,catboost,1,0.3035977007,0.0006798758926
2017-03-28,2,logistic_regression,1,0.5793100512,0.0006798758926
2017-03-28,2,majority_baseline,1,0.5926193922,0.0006798758926
2017-03-28,2,random_forest,1,0.3890461736,0.0006798758926
2017-03-29,2,catboost,0,0.3942444471,-0.003226604915
2017-03-29,2,logistic_regression,0,0.5419883468,-0.003226604915
2017-03-29,2,majority_baseline,0,0.5926193922,-0.003226604915
2017-03-29,2,random_forest,0,0.3976855056,-0.003226604915
2017-03-30,2,catboost,0,0.2804294264,-0.003597236126
2017-03-30,2,logistic_regression,0,0.5750193799,-0.003597236126
2017-03-30,2,majority_baseline,0,0.5926193922,-0.003597236126
2017-03-30,2,random_forest,0,0.3638861177,-0.003597236126
2017-03-31,2,catboost,0,0.3152604947,-0.002290695628
2017-03-31,2,logistic_regression,0,0.58234032,-0.002290695628
2017-03-31,2,majority_baseline,0,0.5926193922,-0.002290695628
2017-03-31,2,random_forest,0,0.3713851375,-0.002290695628
2017-04-03,2,catboost,1,0.5072097718,4.247014798e-05
2017-04-03,2,logistic_regression,1,0.5881403423,4.247014798e-05
2017-04-03,2,majority_baseline,1,0.5926193922,4.247014798e-05
2017-04-03,2,random_forest,1,0.4450755304,4.247014798e-05
2017-04-04,2,catboost,0,0.4495830062,-0.001783582927
2017-04-04,2,logistic_regression,0,0.619359025,-0.001783582927
2017-04-04,2,majority_baseline,0,0.5926193922,-0.001783582927
2017-04-04,2,random_forest,0,0.4380733805,-0.001783582927
2017-04-05,2,catboost,0,0.6777106634,-0.003194479955
2017-04-05,2,logistic_regression,0,0.6506790792,-0.003194479955
2017-04-05,2,majority_baseline,0,0.5926193922,-0.003194479955
2017-04-05,2,random_forest,0,0.5291516569,-0.003194479955
2017-04-06,2,catboost,0,0.5480115932,-0.01244481766
2017-04-06,2,logistic_regression,0,0.6135392082,-0.01244481766
2017-04-06,2,majority_baseline,0,0.5926193922,-0.01244481766
2017-04-06,2,random_forest,0,0.4480179175,-0.01244481766
2017-04-07,2,catboost,0,0.4097598333,-0.002678527246
2017-04-07,2,logistic_regression,0,0.62063146,-0.002678527246
2017-04-07,2,majority_baseline,0,0.5926193922,-0.002678527246
2017-04-07,2,random_forest,0,0.4204919784,-0.002678527246
2017-04-10,2,catboost,0,0.4165814913,-0.006246287172
2017-04-10,2,logistic_regression,0,0.6270200104,-0.006246287172
2017-04-10,2,majority_baseline,0,0.5926193922,-0.006246287172
2017-04-10,2,random_forest,0,0.4248621917,-0.006246287172
2017-04-11,2,catboost,0,0.465511734,-0.006891837048
2017-04-11,2,logistic_regression,0,0.6145555537,-0.006891837048
2017-04-11,2,majority_baseline,0,0.5926193922,-0.006891837048
2017-04-11,2,random_forest,0,0.4526728488,-0.006891837048
2017-04-12,2,catboost,1,0.6227357402,0.005597562307
2017-04-12,2,logistic_regression,1,0.5943261289,0.005597562307
2017-04-12,2,majority_baseline,1,0.5926193922,0.005597562307
2017-04-12,2,random_forest,1,0.4770103767,0.005597562307
2017-04-13,2,catboost,1,0.7009716147,0.008945859745
2017-04-13,2,logistic_regression,1,0.6150953192,0.008945859745
2017-04-13,2,majority_baseline,1,0.5926193922,0.008945859745
2017-04-13,2,random_forest,1,0.5199607007,0.008945859745
2017-04-17,2,catboost,1,0.5621792641,0.01108407221
2017-04-17,2,logistic_regression,1,0.6088814473,0.01108407221
2017-04-17,2,majority_baseline,1,0.5926193922,0.01108407221
2017-04-17,2,random_forest,1,0.4402870239,0.01108407221
2017-04-18,2,catboost,1,0.5239999652,0.02001115191
2017-04-18,2,logistic_regression,1,0.5995423301,0.02001115191
2017-04-18,2,majority_baseline,1,0.5926193922,0.02001115191
2017-04-18,2,random_forest,1,0.4576872716,0.02001115191
2017-04-19,2,catboost,1,0.7449225816,0.02124739312
2017-04-19,2,logistic_regression,1,0.6203131571,0.02124739312
2017-04-19,2,majority_baseline,1,0.5926193922,0.02124739312
2017-04-19,2,random_forest,1,0.5012276074,0.02124739312
2017-04-20,2,catboost,1,0.5340209076,0.01385234066
2017-04-20,2,logistic_regression,1,0.598588145,0.01385234066
2017-04-20,2,majority_baseline,1,0.5926193922,0.01385234066
2017-04-20,2,random_forest,1,0.4405688015,0.01385234066
2017-04-21,2,catboost,1,0.577755155,0.01487704316
2017-04-21,2,logistic_regression,1,0.5166426383,0.01487704316
2017-04-21,2,majority_baseline,1,0.5926193922,0.01487704316
2017-04-21,2,random_forest,1,0.4552050085,0.01487704316
2017-04-24,2,catboost,1,0.4182315527,0.006366718014
2017-04-24,2,logistic_regression,1,0.5388916382,0.006366718014
2017-04-24,2,majority_baseline,1,0.5926193922,0.006366718014
2017-04-24,2,random_forest,1,0.4151909834,0.006366718014
2017-04-25,2,catboost,1,0.549505731,0.0009222435428
2017-04-25,2,logistic_regression,1,0.5179036363,0.0009222435428
2017-04-25,2,majority_baseline,1,0.5926193922,0.0009222435428
2017-04-25,2,random_forest,1,0.4471493185,0.0009222435428
2017-04-26,2,catboost,1,0.4704163106,0.0003355780287
2017-04-26,2,logistic_regression,1,0.5487384523,0.0003355780287
2017-04-26,2,majority_baseline,1,0.5926193922,0.0003355780287
2017-04-26,2,random_forest,1,0.4370872068,0.0003355780287
2017-04-27,2,catboost,1,0.4181776857,0.0006705297398
2017-04-27,2,logistic_regression,1,0.5993083137,0.0006705297398
2017-04-27,2,majority_baseline,1,0.5926193922,0.0006705297398
2017-04-27,2,random_forest,1,0.4320270599,0.0006705297398
2017-04-28,2,catboost,1,0.4939075425,0.006804414851
2017-04-28,2,logistic_regression,1,0.6292068116,0.006804414851
2017-04-28,2,majority_baseline,1,0.5926193922,0.006804414851
2017-04-28,2,random_forest,1,0.446365082,0.006804414851
2017-05-01,2,catboost,1,0.4655392605,0.004105962083
2017-05-01,2,logistic_regression,1,0.6203566594,0.004105962083
2017-05-01,2,majority_baseline,1,0.5926193922,0.004105962083
2017-05-01,2,random_forest,1,0.4293709224,0.004105962083
2017-05-02,2,catboost,1,0.2975423348,0.002806039653
2017-05-02,2,logistic_regression,1,0.624353148,0.002806039653
2017-05-02,2,majority_baseline,1,0.5926193922,0.002806039653
2017-05-02,2,random_forest,1,0.3783952373,0.002806039653
2017-05-03,2,catboost,1,0.5058020373,0.005828578602
2017-05-03,2,logistic_regression,1,0.6434315908,0.005828578602
2017-05-03,2,majority_baseline,1,0.5926193922,0.005828578602
2017-05-03,2,random_forest,1,0.4545803799,0.005828578602
2017-05-04,2,catboost,1,0.5459492489,0.002596793493
2017-05-04,2,logistic_regression,1,0.6179306345,0.002596793493
2017-05-04,2,majority_baseline,1,0.5926193922,0.002596793493
2017-05-04,2,random_forest,1,0.4518390225,0.002596793493
2017-05-05,2,catboost,0,0.4528094929,-0.003003759738
2017-05-05,2,logistic_regression,0,0.619897348,-0.003003759738
2017-05-05,2,majority_baseline,0,0.5926193922,-0.003003759738
2017-05-05,2,random_forest,0,0.4140755031,-0.003003759738
2017-05-08,2,catboost,1,0.2857524985,0.002670447259
2017-05-08,2,logistic_regression,1,0.5968851129,0.002670447259
2017-05-08,2,majority_baseline,1,0.5926193922,0.002670447259
2017-05-08,2,random_forest,1,0.3588056461,0.002670447259
2017-05-09,2,catboost,1,0.4432753151,0.002672900909
2017-05-09,2,logistic_regression,1,0.6107898045,0.002672900909
2017-05-09,2,majority_baseline,1,0.5926193922,0.002672900909
2017-05-09,2,random_forest,1,0.431337519,0.002672900909
2017-05-10,2,catboost,0,0.3350948604,-0.01688409506
2017-05-10,2,logistic_regression,0,0.5963358617,-0.01688409506
2017-05-10,2,majority_baseline,0,0.5926193922,-0.01688409506
2017-05-10,2,random_forest,0,0.3512746384,-0.01688409506
2017-05-11,2,catboost,0,0.4972216227,-0.0109031688
2017-05-11,2,logistic_regression,0,0.5970584554,-0.0109031688
2017-05-11,2,majority_baseline,0,0.5926193922,-0.0109031688
2017-05-11,2,random_forest,0,0.4280723893,-0.0109031688
2017-05-12,2,catboost,0,0.4289963699,-0.00280357399
2017-05-12,2,logistic_regression,0,0.6023152723,-0.00280357399
2017-05-12,2,majority_baseline,0,0.5926193922,-0.00280357399
2017-05-12,2,random_forest,0,0.4061812917,-0.00280357399
2017-05-15,2,catboost,0,0.4984354715,-0.003245937536
2017-05-15,2,logistic_regression,0,0.5988564899,-0.003245937536
2017-05-15,2,majority_baseline,0,0.5926193922,-0.003245937536
2017-05-15,2,random_forest,0,0.3968800109,-0.003245937536
2017-05-16,2,catboost,0,0.5502837089,-0.0001249529314
2017-05-16,2,logistic_regression,0,0.5798457256,-0.0001249529314
2017-05-16,2,majority_baseline,0,0.5926193922,-0.0001249529314
2017-05-16,2,random_forest,0,0.4061495385,-0.0001249529314
2017-05-17,2,catboost,1,0.5403396811,0.02031207341
2017-05-17,2,logistic_regression,1,0.7011834505,0.02031207341
2017-05-17,2,majority_baseline,1,0.5926193922,0.02031207341
2017-05-17,2,random_forest,1,0.5395377762,0.02031207341
2017-05-18,2,catboost,1,0.7347729304,0.02107526338
2017-05-18,2,logistic_regression,1,0.58682177,0.02107526338
2017-05-18,2,majority_baseline,1,0.5926193922,0.02107526338
2017-05-18,2,random_forest,1,0.5237523237,0.02107526338
2017-05-19,2,catboost,1,0.4427217134,0.01426716938
2017-05-19,2,logistic_regression,1,0.540586056,0.01426716938
2017-05-19,2,majority_baseline,1,0.5926193922,0.01426716938
2017-05-19,2,random_forest,1,0.3790415076,0.01426716938
2017-05-22,2,catboost,1,0.570676313,0.008266514965
2017-05-22,2,logistic_regression,1,0.5433161601,0.008266514965
2017-05-22,2,majority_baseline,1,0.5926193922,0.008266514965
2017-05-22,2,random_forest,1,0.3954645592,0.008266514965
2017-05-23,2,catboost,1,0.3504249805,0.00579045733
2017-05-23,2,logistic_regression,1,0.5717247428,0.00579045733
2017-05-23,2,majority_baseline,1,0.5926193922,0.00579045733
2017-05-23,2,random_forest,1,0.3394950514,0.00579045733
2017-05-24,2,catboost,1,0.3912551392,0.01142928387
2017-05-24,2,logistic_regression,1,0.5506684159,0.01142928387
2017-05-24,2,majority_baseline,1,0.5926193922,0.01142928387
2017-05-24,2,random_forest,1,0.3489094254,0.01142928387
2017-05-25,2,catboost,1,0.4071582344,0.009968579396
2017-05-25,2,logistic_regression,1,0.5689106108,0.009968579396
2017-05-25,2,majority_baseline,1,0.5926193922,0.009968579396
2017-05-25,2,random_forest,1,0.3747486868,0.009968579396
2017-05-26,2,catboost,1,0.3472774826,0.009432786135
2017-05-26,2,logistic_regression,1,0.5463608972,0.009432786135
2017-05-26,2,majority_baseline,1,0.5926193922,0.009432786135
2017-05-26,2,random_forest,1,0.3441820641,0.009432786135
2017-05-30,2,catboost,1,0.2795035787,0.007080773085
2017-05-30,2,logistic_regression,1,0.5682784779,0.007080773085
2017-05-30,2,majority_baseline,1,0.5926193922,0.007080773085
2017-05-30,2,random_forest,1,0.3493353964,0.007080773085
2017-05-31,2,catboost,1,0.4856758625,0.009194836307
2017-05-31,2,logistic_regression,1,0.6527434408,0.009194836307
2017-05-31,2,majority_baseline,1,0.5926193922,0.009194836307
2017-05-31,2,random_forest,1,0.4585728398,0.009194836307
2017-06-01,2,catboost,1,0.423168346,0.001725830864
2017-06-01,2,logistic_regression,1,0.5904954294,0.001725830864
2017-06-01,2,majority_baseline,1,0.5926193922,0.001725830864
2017-06-01,2,random_forest,1,0.3837454431,0.001725830864
2017-06-02,2,catboost,0,0.3931317342,-0.003112562991
2017-06-02,2,logistic_regression,0,0.5843183065,-0.003112562991
2017-06-02,2,majority_baseline,0,0.5926193922,-0.003112562991
2017-06-02,2,random_forest,0,0.3743163827,-0.003112562991
2017-06-05,2,catboost,0,0.3106257868,-0.00258209306
2017-06-05,2,logistic_regression,0,0.560814152,-0.00258209306
2017-06-05,2,majority_baseline,0,0.5926193922,-0.00258209306
2017-06-05,2,random_forest,0,0.3459781391,-0.00258209306
2017-06-06,2,catboost,1,0.5209542703,0.005509626919
2017-06-06,2,logistic_regression,1,0.6020338028,0.005509626919
2017-06-06,2,majority_baseline,1,0.5926193922,0.005509626919
2017-06-06,2,random_forest,1,0.4216955994,0.005509626919
2017-06-07,2,catboost,1,0.5334295507,0.002380373435
2017-06-07,2,logistic_regression,1,0.5956189931,0.002380373435
2017-06-07,2,majority_baseline,1,0.5926193922,0.002380373435
2017-06-07,2,random_forest,1,0.4318655958,0.002380373435
2017-06-08,2,catboost,0,0.469740227,-4.099803121e-05
2017-06-08,2,logistic_regression,0,0.5959518668,-4.099803121e-05
2017-06-08,2,majority_baseline,0,0.5926193922,-4.099803121e-05
2017-06-08,2,random_forest,0,0.4057965953,-4.099803121e-05
2017-06-09,2,catboost,0,0.446349849,-0.003163404496
2017-06-09,2,logistic_regression,0,0.6190850103,-0.003163404496
2017-06-09,2,majority_baseline,0,0.5926193922,-0.003163404496
2017-06-09,2,random_forest,0,0.4625670519,-0.003163404496
2017-06-12,2,catboost,1,0.4933884211,0.005341893067
2017-06-12,2,logistic_regression,1,0.5494076952,0.005341893067
2017-06-12,2,majority_baseline,1,0.5926193922,0.005341893067
2017-06-12,2,random_forest,1,0.4651725616,0.005341893067
2017-06-13,2,catboost,0,0.4722875694,-0.006297315806
2017-06-13,2,logistic_regression,0,0.5631097798,-0.006297315806
2017-06-13,2,majority_baseline,0,0.5926193922,-0.006297315806
2017-06-13,2,random_forest,0,0.4116557677,-0.006297315806
2017-06-14,2,catboost,0,0.4428165696,-0.005281725233
2017-06-14,2,logistic_regression,0,0.5939360319,-0.005281725233
2017-06-14,2,majority_baseline,0,0.5926193922,-0.005281725233
2017-06-14,2,random_forest,0,0.3980346161,-0.005281725233
2017-06-15,2,catboost,0,0.5796319814,-0.003815104334
2017-06-15,2,logistic_regression,0,0.5720727528,-0.003815104334
2017-06-15,2,majority_baseline,0,0.5926193922,-0.003815104334
2017-06-15,2,random_forest,0,0.447126788,-0.003815104334
2017-06-16,2,catboost,1,0.5910921497,0.002019475359
2017-06-16,2,logistic_regression,1,0.5738400411,0.002019475359
2017-06-16,2,majority_baseline,1,0.5926193922,0.002019475359
2017-06-16,2,random_forest,1,0.482127331,0.002019475359
2017-06-19,2,catboost,0,0.5076882595,-0.005599650042
2017-06-19,2,logistic_regression,0,0.5567133744,-0.005599650042
2017-06-19,2,majority_baseline,0,0.5926193922,-0.005599650042
2017-06-19,2,random_forest,0,0.4067989669,-0.005599650042
2017-06-20,2,catboost,0,0.4222932018,-0.006913265866
2017-06-20,2,logistic_regression,0,0.5794534425,-0.006913265866
2017-06-20,2,majority_baseline,0,0.5926193922,-0.006913265866
2017-06-20,2,random_forest,0,0.414711882,-0.006913265866
2017-06-21,2,catboost,1,0.5325591409,0.00222271499
2017-06-21,2,logistic_regression,1,0.6101399601,0.00222271499
2017-06-21,2,majority_baseline,1,0.5926193922,0.00222271499
2017-06-21,2,random_forest,1,0.4525228244,0.00222271499
2017-06-22,2,catboost,0,0.4913481848,-0.006135686966
2017-06-22,2,logistic_regression,0,0.5950491547,-0.006135686966
2017-06-22,2,majority_baseline,0,0.5926193922,-0.006135686966
2017-06-22,2,random_forest,0,0.4081616099,-0.006135686966
2017-06-23,2,catboost,0,0.4563875221,-0.005470331811
2017-06-23,2,logistic_regression,0,0.6099185774,-0.005470331811
2017-06-23,2,majority_baseline,0,0.5926193922,-0.005470331811
2017-06-23,2,random_forest,0,0.4276655227,-0.005470331811
2017-06-26,2,catboost,0,0.4587728269,-0.004439091741
2017-06-26,2,logistic_regression,0,0.5958199761,-0.004439091741
2017-06-26,2,majority_baseline,0,0.5926193922,-0.004439091741
2017-06-26,2,random_forest,0,0.4081828007,-0.004439091741
2017-06-27,2,catboost,1,0.6060417735,0.00596694356
2017-06-27,2,logistic_regression,1,0.6037722404,0.00596694356
2017-06-27,2,majority_baseline,1,0.5926193922,0.00596694356
2017-06-27,2,random_forest,1,0.5136491923,0.00596694356
2017-06-28,2,catboost,0,0.4393663109,-0.01207442742
2017-06-28,2,logistic_regression,0,0.5761450453,-0.01207442742
2017-06-28,2,majority_baseline,0,0.5926193922,-0.01207442742
2017-06-28,2,random_forest,0,0.4000928152,-0.01207442742
2017-06-29,2,catboost,1,0.5889662413,0.003148930933
2017-06-29,2,logistic_regression,1,0.5898245579,0.003148930933
2017-06-29,2,majority_baseline,1,0.5926193922,0.003148930933
2017-06-29,2,random_forest,1,0.5020940097,0.003148930933
2017-06-30,2,catboost,1,0.632001665,0.002357286984
2017-06-30,2,logistic_regression,1,0.5781436683,0.002357286984
2017-06-30,2,majority_baseline,1,0.5926193922,0.002357286984
2017-06-30,2,random_forest,1,0.4816484565,0.002357286984
2017-07-03,2,catboost,0,0.5089074598,-8.259072477e-05
2017-07-03,2,logistic_regression,0,0.5798212115,-8.259072477e-05
2017-07-03,2,majority_baseline,0,0.5926193922,-8.259072477e-05
2017-07-03,2,random_forest,0,0.4329906117,-8.259072477e-05
2017-07-05,2,catboost,1,0.4514182411,0.005107674663
2017-07-05,2,logistic_regression,1,0.6199204569,0.005107674663
2017-07-05,2,majority_baseline,1,0.5926193922,0.005107674663
2017-07-05,2,random_forest,1,0.4038768671,0.005107674663
2017-07-06,2,catboost,1,0.686936667,0.01608811079
2017-07-06,2,logistic_regression,1,0.6268056007,0.01608811079
2017-07-06,2,majority_baseline,1,0.5926193922,0.01608811079
2017-07-06,2,random_forest,1,0.5149078107,0.01608811079
2017-07-07,2,catboost,1,0.5580155477,0.01424970877
2017-07-07,2,logistic_regression,1,0.611445162,0.01424970877
2017-07-07,2,majority_baseline,1,0.5926193922,0.01424970877
2017-07-07,2,random_forest,1,0.4554576424,0.01424970877
2017-07-10,2,catboost,1,0.5252447905,0.01303793276
2017-07-10,2,logistic_regression,1,0.5885213509,0.01303793276
2017-07-10,2,majority_baseline,1,0.5926193922,0.01303793276
2017-07-10,2,random_forest,1,0.4184433435,0.01303793276
2017-07-11,2,catboost,1,0.4513412241,0.01432759926
2017-07-11,2,logistic_regression,1,0.6318400154,0.01432759926
2017-07-11,2,majority_baseline,1,0.5926193922,0.01432759926
2017-07-11,2,random_forest,1,0.4478978558,0.01432759926
2017-07-12,2,catboost,1,0.389847309,0.01221265959
2017-07-12,2,logistic_regression,1,0.6073543287,0.01221265959
2017-07-12,2,majority_baseline,1,0.5926193922,0.01221265959
2017-07-12,2,random_forest,1,0.3785407672,0.01221265959
2017-07-13,2,catboost,1,0.3147357613,0.01096476524
2017-07-13,2,logistic_regression,1,0.5488086025,0.01096476524
2017-07-13,2,majority_baseline,1,0.5926193922,0.01096476524
2017-07-13,2,random_forest,1,0.3523010613,0.01096476524
2017-07-14,2,catboost,1,0.4350024225,0.005375498098
2017-07-14,2,logistic_regression,1,0.6157325127,0.005375498098
2017-07-14,2,majority_baseline,1,0.5926193922,0.005375498098
2017-07-14,2,random_forest,1,0.4195745767,0.005375498098
2017-07-17,2,catboost,1,0.3148690871,0.0052539751
2017-07-17,2,logistic_regression,1,0.5720126729,0.0052539751
2017-07-17,2,majority_baseline,1,0.5926193922,0.0052539751
2017-07-17,2,random_forest,1,0.3509103469,0.0052539751
2017-07-18,2,catboost,1,0.4135790851,0.007164351028
2017-07-18,2,logistic_regression,1,0.612956204,0.007164351028
2017-07-18,2,majority_baseline,1,0.5926193922,0.007164351028
2017-07-18,2,random_forest,1,0.4116975277,0.007164351028
2017-07-19,2,catboost,1,0.3948951385,0.001781396778
2017-07-19,2,logistic_regression,1,0.5917409231,0.001781396778
2017-07-19,2,majority_baseline,1,0.5926193922,0.001781396778
2017-07-19,2,random_forest,1,0.4031190642,0.001781396778
2017-07-20,2,catboost,1,0.3793769312,0.0004046572138
2017-07-20,2,logistic_regression,1,0.5943325749,0.0004046572138
2017-07-20,2,majority_baseline,1,0.5926193922,0.0004046572138
2017-07-20,2,random_forest,1,0.3961488558,0.0004046572138
2017-07-21,2,catboost,1,0.3197554068,0.0001215116632
2017-07-21,2,logistic_regression,1,0.5992190391,0.0001215116632
2017-07-21,2,majority_baseline,1,0.5926193922,0.0001215116632
2017-07-21,2,random_forest,1,0.4134414807,0.0001215116632
2017-07-24,2,catboost,0,0.3475988148,-0.0002025889252
2017-07-24,2,logistic_regression,0,0.5766907886,-0.0002025889252
2017-07-24,2,majority_baseline,0,0.5926193922,-0.0002025889252
2017-07-24,2,random_forest,0,0.3903546967,-0.0002025889252
2017-07-25,2,catboost,0,0.3019864491,-0.0004041342686
2017-07-25,2,logistic_regression,0,0.6021515154,-0.0004041342686
2017-07-25,2,majority_baseline,0,0.5926193922,-0.0004041342686
2017-07-25,2,random_forest,0,0.3489916728,-0.0004041342686
2017-07-26,2,catboost,1,0.291208576,4.045467524e-05
2017-07-26,2,logistic_regression,1,0.5806865285,4.045467524e-05
2017-07-26,2,majority_baseline,1,0.5926193922,4.045467524e-05
2017-07-26,2,random_forest,1,0.3580426545,4.045467524e-05
2017-07-27,2,catboost,0,0.5157319477,-0.0009708341546
2017-07-27,2,logistic_regression,0,0.6111506943,-0.0009708341546
2017-07-27,2,majority_baseline,0,0.5926193922,-0.0009708341546
2017-07-27,2,random_forest,0,0.4486829508,-0.0009708341546
2017-07-28,2,catboost,1,0.4951853964,0.002025029333
2017-07-28,2,logistic_regression,1,0.5668816206,0.002025029333
2017-07-28,2,majority_baseline,1,0.5926193922,0.002025029333
2017-07-28,2,random_forest,1,0.4574513046,0.002025029333
2017-07-31,2,catboost,1,0.4774200819,0.00445755473
2017-07-31,2,logistic_regression,1,0.5709850376,0.00445755473
2017-07-31,2,majority_baseline,1,0.5926193922,0.00445755473
2017-07-31,2,random_forest,1,0.4619485902,0.00445755473
2017-08-01,2,catboost,0,0.3707379904,-0.0002426524269
2017-08-01,2,logistic_regression,0,0.5652890377,-0.0002426524269
2017-08-01,2,majority_baseline,0,0.5926193922,-0.0002426524269
2017-08-01,2,random_forest,0,0.370567491,-0.0002426524269
2017-08-02,2,catboost,0,0.5197824634,-0.0007678726081
2017-08-02,2,logistic_regression,0,0.5753862317,-0.0007678726081
2017-08-02,2,majority_baseline,0,0.5926193922,-0.0007678726081
2017-08-02,2,random_forest,0,0.4174307971,-0.0007678726081
2017-08-03,2,catboost,0,0.4437145824,-0.01295761303
2017-08-03,2,logistic_regression,0,0.5882497797,-0.01295761303
2017-08-03,2,majority_baseline,0,0.5926193922,-0.01295761303
2017-08-03,2,random_forest,0,0.3973165232,-0.01295761303
2017-08-04,2,catboost,0,0.5316657263,-0.01329779941
2017-08-04,2,logistic_regression,0,0.5865341813,-0.01329779941
2017-08-04,2,majority_baseline,0,0.5926193922,-0.01329779941
2017-08-04,2,random_forest,0,0.410645302,-0.01329779941
2017-08-07,2,catboost,0,0.4059919925,-0.005365723267
2017-08-07,2,logistic_regression,0,0.5798613279,-0.005365723267
2017-08-07,2,majority_baseline,0,0.5926193922,-0.005365723267
2017-08-07,2,random_forest,0,0.349627447,-0.005365723267
2017-08-08,2,catboost,0,0.5875519812,-0.003033244426
2017-08-08,2,logistic_regression,0,0.6249279484,-0.003033244426
2017-08-08,2,majority_baseline,0,0.5926193922,-0.003033244426
2017-08-08,2,random_forest,0,0.4684443809,-0.003033244426
2017-08-09,2,catboost,0,0.6015796249,-0.001253782002
2017-08-09,2,logistic_regression,0,0.5652635023,-0.001253782002
2017-08-09,2,majority_baseline,0,0.5926193922,-0.001253782002
2017-08-09,2,random_forest,0,0.4640278329,-0.001253782002
2017-08-10,2,catboost,0,0.6320227901,-0.002748597863
2017-08-10,2,logistic_regression,0,0.5836458473,-0.002748597863
2017-08-10,2,majority_baseline,0,0.5926193922,-0.002748597863
2017-08-10,2,random_forest,0,0.5557792302,-0.002748597863
2017-08-11,2,catboost,0,0.8435977503,-0.005775800542
2017-08-11,2,logistic_regression,0,0.5768095387,-0.005775800542
2017-08-11,2,majority_baseline,0,0.5926193922,-0.005775800542
2017-08-11,2,random_forest,0,0.522037014,-0.005775800542
2017-08-14,2,catboost,0,0.4196602687,-0.01476433641
2017-08-14,2,logistic_regression,0,0.5659748855,-0.01476433641
2017-08-14,2,majority_baseline,0,0.5926193922,-0.01476433641
2017-08-14,2,random_forest,0,0.3890739118,-0.01476433641
2017-08-15,2,catboost,0,0.4444160739,-0.004340562752
2017-08-15,2,logistic_regression,0,0.5517949362,-0.004340562752
2017-08-15,2,majority_baseline,0,0.5926193922,-0.004340562752
2017-08-15,2,random_forest,0,0.3722896609,-0.004340562752
2017-08-16,2,catboost,0,0.4469630074,-0.009637988082
2017-08-16,2,logistic_regression,0,0.5877421813,-0.009637988082
2017-08-16,2,majority_baseline,0,0.5926193922,-0.009637988082
2017-08-16,2,random_forest,0,0.4011423331,-0.009637988082
2017-08-17,2,catboost,1,0.5357119302,0.003702370372
2017-08-17,2,logistic_regression,1,0.6125968791,0.003702370372
2017-08-17,2,majority_baseline,1,0.5926193922,0.003702370372
2017-08-17,2,random_forest,1,0.5046576074,0.003702370372
2017-08-18,2,catboost,1,0.6004939629,0.007622227551
2017-08-18,2,logistic_regression,1,0.5523640195,0.007622227551
2017-08-18,2,majority_baseline,1,0.5926193922,0.007622227551
2017-08-18,2,random_forest,1,0.4854104566,0.007622227551
2017-08-21,2,catboost,1,0.7463875652,0.006875312647
2017-08-21,2,logistic_regression,1,0.5652978595,0.006875312647
2017-08-21,2,majority_baseline,1,0.5926193922,0.006875312647
2017-08-21,2,random_forest,1,0.4747884015,0.006875312647
2017-08-22,2,catboost,0,0.317901035,-0.002403831055
2017-08-22,2,logistic_regression,0,0.5917505253,-0.002403831055
2017-08-22,2,majority_baseline,0,0.5926193922,-0.002403831055
2017-08-22,2,random_forest,0,0.3802615045,-0.002403831055
2017-08-23,2,catboost,1,0.523191658,0.005929002757
2017-08-23,2,logistic_regression,1,0.571059752,0.005929002757
2017-08-23,2,majority_baseline,1,0.5926193922,0.005929002757
2017-08-23,2,random_forest,1,0.402244785,0.005929002757
2017-08-24,2,catboost,1,0.5427142617,0.01434484988
2017-08-24,2,logistic_regression,1,0.6219028236,0.01434484988
2017-08-24,2,majority_baseline,1,0.5926193922,0.01434484988
2017-08-24,2,random_forest,1,0.4568387071,0.01434484988
2017-08-25,2,catboost,1,0.4835700801,0.01341183649
2017-08-25,2,logistic_regression,1,0.6100921418,0.01341183649
2017-08-25,2,majority_baseline,1,0.5926193922,0.01341183649
2017-08-25,2,random_forest,1,0.4430198237,0.01341183649
2017-08-28,2,catboost,1,0.5249532907,0.006092285462
2017-08-28,2,logistic_regression,1,0.560763313,0.006092285462
2017-08-28,2,majority_baseline,1,0.5926193922,0.006092285462
2017-08-28,2,random_forest,1,0.4270307826,0.006092285462
2017-08-29,2,catboost,1,0.3869055281,0.008372422908
2017-08-29,2,logistic_regression,1,0.624950173,0.008372422908
2017-08-29,2,majority_baseline,1,0.5926193922,0.008372422908
2017-08-29,2,random_forest,1,0.4087724748,0.008372422908
2017-08-30,2,catboost,1,0.4054899899,0.003495795371
2017-08-30,2,logistic_regression,1,0.585556639,0.003495795371
2017-08-30,2,majority_baseline,1,0.5926193922,0.003495795371
2017-08-30,2,random_forest,1,0.3937326659,0.003495795371
2017-08-31,2,catboost,0,0.4989508514,-0.003676931107
2017-08-31,2,logistic_regression,0,0.5903083884,-0.003676931107
2017-08-31,2,majority_baseline,0,0.5926193922,-0.003676931107
2017-08-31,2,random_forest,0,0.4226180845,-0.003676931107
2017-09-01,2,catboost,1,0.4131505138,0.00552780189
2017-09-01,2,logistic_regression,1,0.5532707777,0.00552780189
2017-09-01,2,majority_baseline,1,0.5926193922,0.00552780189
2017-09-01,2,random_forest,1,0.3430621084,0.00552780189
2017-09-05,2,catboost,1,0.5857327884,0.01621557969
2017-09-05,2,logistic_regression,1,0.6247199242,0.01621557969
2017-09-05,2,majority_baseline,1,0.5926193922,0.01621557969
2017-09-05,2,random_forest,1,0.4914522347,0.01621557969
2017-09-06,2,catboost,1,0.5493910222,0.01324424618
2017-09-06,2,logistic_regression,1,0.5752737925,0.01324424618
2017-09-06,2,majority_baseline,1,0.5926193922,0.01324424618
2017-09-06,2,random_forest,1,0.4528912964,0.01324424618
2017-09-07,2,catboost,1,0.4490203278,0.01304330726
2017-09-07,2,logistic_regression,1,0.593975001,0.01304330726
2017-09-07,2,majority_baseline,1,0.5926193922,0.01304330726
2017-09-07,2,random_forest,1,0.3970903204,0.01304330726
2017-09-08,2,catboost,1,0.4632250498,0.01058480242
2017-09-08,2,logistic_regression,1,0.6150814455,0.01058480242
2017-09-08,2,majority_baseline,1,0.5926193922,0.01058480242
2017-09-08,2,random_forest,1,0.4244913661,0.01058480242
2017-09-11,2,catboost,1,0.3744953347,0.00204644471
2017-09-11,2,logistic_regression,1,0.5963963433,0.00204644471
2017-09-11,2,majority_baseline,1,0.5926193922,0.00204644471
2017-09-11,2,random_forest,1,0.384884987,0.00204644471
2017-09-12,2,catboost,0,0.345642586,-0.0003199436073
2017-09-12,2,logistic_regression,0,0.5476246388,-0.0003199436073
2017-09-12,2,majority_baseline,0,0.5926193922,-0.0003199436073
2017-09-12,2,random_forest,0,0.3493250885,-0.0003199436073
2017-09-13,2,catboost,0,0.3042662125,-0.0004397034049
2017-09-13,2,logistic_regression,0,0.5789426754,-0.0004397034049
2017-09-13,2,majority_baseline,0,0.5926193922,-0.0004397034049
2017-09-13,2,random_forest,0,0.3492151559,-0.0004397034049
2017-09-14,2,catboost,0,0.2965068622,-0.002798980009
2017-09-14,2,logistic_regression,0,0.5752386967,-0.002798980009
2017-09-14,2,majority_baseline,0,0.5926193922,-0.002798980009
2017-09-14,2,random_forest,0,0.4012964053,-0.002798980009
2017-09-15,2,catboost,1,0.4110314916,0.001003250522
2017-09-15,2,logistic_regression,1,0.5226558866,0.001003250522
2017-09-15,2,majority_baseline,1,0.5926193922,0.001003250522
2017-09-15,2,random_forest,1,0.4030447848,0.001003250522
2017-09-18,2,catboost,0,0.4805160768,-0.003163577191
2017-09-18,2,logistic_regression,0,0.5756176554,-0.003163577191
2017-09-18,2,majority_baseline,0,0.5926193922,-0.003163577191
2017-09-18,2,random_forest,0,0.4207651622,-0.003163577191
2017-09-19,2,catboost,0,0.3370742245,-0.003560424834
2017-09-19,2,logistic_regression,0,0.6140892609,-0.003560424834
2017-09-19,2,majority_baseline,0,0.5926193922,-0.003560424834
2017-09-19,2,random_forest,0,0.3576708158,-0.003560424834
2017-09-20,2,catboost,0,0.4360088328,-3.996840797e-05
2017-09-20,2,logistic_regression,0,0.6184311773,-3.996840797e-05
2017-09-20,2,majority_baseline,0,0.5926193922,-3.996840797e-05
2017-09-20,2,random_forest,0,0.4300014012,-3.996840797e-05
2017-09-21,2,catboost,1,0.4711338784,0.003849419393
2017-09-21,2,logistic_regression,1,0.6074038322,0.003849419393
2017-09-21,2,majority_baseline,1,0.5926193922,0.003849419393
2017-09-21,2,random_forest,1,0.4192453784,0.003849419393
2017-09-22,2,catboost,1,0.4542728447,0.007176047477
2017-09-22,2,logistic_regression,1,0.6195316361,0.007176047477
2017-09-22,2,majority_baseline,1,0.5926193922,0.007176047477
2017-09-22,2,random_forest,1,0.417606413,0.007176047477
2017-09-25,2,catboost,1,0.630955594,0.01361834532
2017-09-25,2,logistic_regression,1,0.6036169865,0.01361834532
2017-09-25,2,majority_baseline,1,0.5926193922,0.01361834532
2017-09-25,2,random_forest,1,0.4739422316,0.01361834532
2017-09-26,2,catboost,1,0.5849443296,0.01517584219
2017-09-26,2,logistic_regression,1,0.5909461498,0.01517584219
2017-09-26,2,majority_baseline,1,0.5926193922,0.01517584219
2017-09-26,2,random_forest,1,0.4445150432,0.01517584219
2017-09-27,2,catboost,1,0.5903837669,0.01243751474
2017-09-27,2,logistic_regression,1,0.5831544347,0.01243751474
2017-09-27,2,majority_baseline,1,0.5926193922,0.01243751474
2017-09-27,2,random_forest,1,0.4335579606,0.01243751474
2017-09-28,2,catboost,1,0.4449961237,0.01721588774
2017-09-28,2,logistic_regression,1,0.5596627491,0.01721588774
2017-09-28,2,majority_baseline,1,0.5926193922,0.01721588774
2017-09-28,2,random_forest,1,0.3537818195,0.01721588774
2017-09-29,2,catboost,1,0.4514856348,0.01249850517
2017-09-29,2,logistic_regression,1,0.5927445555,0.01249850517
2017-09-29,2,majority_baseline,1,0.5926193922,0.01249850517
2017-09-29,2,random_forest,1,0.4282172228,0.01249850517
2017-10-02,2,catboost,1,0.4500820564,0.006460009325
2017-10-02,2,logistic_regression,1,0.538916996,0.006460009325
2017-10-02,2,majority_baseline,1,0.5926193922,0.006460009325
2017-10-02,2,random_forest,1,0.3938064127,0.006460009325
2017-10-03,2,catboost,1,0.2948692132,0.006960351561
2017-10-03,2,logistic_regression,1,0.5431705808,0.006960351561
2017-10-03,2,majority_baseline,1,0.5926193922,0.006960351561
2017-10-03,2,random_forest,1,0.3453863806,0.006960351561
2017-10-04,2,catboost,1,0.5112000025,0.007347134511
2017-10-04,2,logistic_regression,1,0.558189084,0.007347134511
2017-10-04,2,majority_baseline,1,0.5926193922,0.007347134511
2017-10-04,2,random_forest,1,0.3800995146,0.007347134511
2017-10-05,2,catboost,0,0.2911834896,-7.855297145e-05
2017-10-05,2,logistic_regression,0,0.5732135004,-7.855297145e-05
2017-10-05,2,majority_baseline,0,0.5926193922,-7.855297145e-05
2017-10-05,2,random_forest,0,0.3863102465,-7.855297145e-05
2017-10-06,2,catboost,1,0.2668213061,0.002280150219
2017-10-06,2,logistic_regression,1,0.5451704045,0.002280150219
2017-10-06,2,majority_baseline,1,0.5926193922,0.002280150219
2017-10-06,2,random_forest,1,0.3646563464,0.002280150219
2017-10-09,2,catboost,1,0.4125819453,0.005276615146
2017-10-09,2,logistic_regression,1,0.6033002147,0.005276615146
2017-10-09,2,majority_baseline,1,0.5926193922,0.005276615146
2017-10-09,2,random_forest,1,0.4465964117,0.005276615146
2017-10-10,2,catboost,1,0.3328931217,0.003338332088
2017-10-10,2,logistic_regression,1,0.6385990271,0.003338332088
2017-10-10,2,majority_baseline,1,0.5926193922,0.003338332088
2017-10-10,2,random_forest,1,0.3999627923,0.003338332088
2017-10-11,2,catboost,1,0.2194159386,0.002744870552
2017-10-11,2,logistic_regression,1,0.6046306718,0.002744870552
2017-10-11,2,majority_baseline,1,0.5926193922,0.002744870552
2017-10-11,2,random_forest,1,0.3420495005,0.002744870552
2017-10-12,2,catboost,1,0.2895186346,0.00451615576
2017-10-12,2,logistic_regression,1,0.6090291219,0.00451615576
2017-10-12,2,majority_baseline,1,0.5926193922,0.00451615576
2017-10-12,2,random_forest,1,0.365783449,0.00451615576
2017-10-13,2,catboost,1,0.2719455997,0.008472204457
2017-10-13,2,logistic_regression,1,0.5981356652,0.008472204457
2017-10-13,2,majority_baseline,1,0.5926193922,0.008472204457
2017-10-13,2,random_forest,1,0.3703589707,0.008472204457
2017-10-16,2,catboost,1,0.1939689249,0.003212002513
2017-10-16,2,logistic_regression,1,0.5853083861,0.003212002513
2017-10-16,2,majority_baseline,1,0.5926193922,0.003212002513
2017-10-16,2,random_forest,1,0.3480823408,0.003212002513
2017-10-17,2,catboost,1,0.2133624746,0.004266631678
2017-10-17,2,logistic_regression,1,0.6017502581,0.004266631678
2017-10-17,2,majority_baseline,1,0.5926193922,0.004266631678
2017-10-17,2,random_forest,1,0.3539803711,0.004266631678
2017-10-18,2,catboost,0,0.2500557824,-0.001681557555
2017-10-18,2,logistic_regression,0,0.6119355542,-0.001681557555
2017-10-18,2,majority_baseline,0,0.5926193922,-0.001681557555
2017-10-18,2,random_forest,0,0.3593651779,-0.001681557555
2017-10-19,2,catboost,0,0.4234703235,-0.0006646006664
2017-10-19,2,logistic_regression,0,0.584423857,-0.0006646006664
2017-10-19,2,majority_baseline,0,0.5926193922,-0.0006646006664
2017-10-19,2,random_forest,0,0.4332379106,-0.0006646006664
2017-10-20,2,catboost,1,0.2781985731,0.002333655377
2017-10-20,2,logistic_regression,1,0.5339793501,0.002333655377
2017-10-20,2,majority_baseline,1,0.5926193922,0.002333655377
2017-10-20,2,random_forest,1,0.4014084893,0.002333655377
2017-10-23,2,catboost,1,0.4626953656,0.002498983392
2017-10-23,2,logistic_regression,1,0.5383042243,0.002498983392
2017-10-23,2,majority_baseline,1,0.5926193922,0.002498983392
2017-10-23,2,random_forest,1,0.4229767279,0.002498983392
2017-10-24,2,catboost,1,0.349055826,0.0022996426
2017-10-24,2,logistic_regression,1,0.5581284674,0.0022996426
2017-10-24,2,majority_baseline,1,0.5926193922,0.0022996426
2017-10-24,2,random_forest,1,0.4140570784,0.0022996426
2017-10-25,2,catboost,1,0.5822450561,0.008617638598
2017-10-25,2,logistic_regression,1,0.5554146599,0.008617638598
2017-10-25,2,majority_baseline,1,0.5926193922,0.008617638598
2017-10-25,2,random_forest,1,0.5122509699,0.008617638598
2017-10-26,2,catboost,1,0.5517239474,0.007706757053
2017-10-26,2,logistic_regression,1,0.5490824474,0.007706757053
2017-10-26,2,majority_baseline,1,0.5926193922,0.007706757053
2017-10-26,2,random_forest,1,0.4405340615,0.007706757053
2017-10-27,2,catboost,1,0.2271748481,0.002871525065
2017-10-27,2,logistic_regression,1,0.5617569519,0.002871525065
2017-10-27,2,majority_baseline,1,0.5926193922,0.002871525065
2017-10-27,2,random_forest,1,0.3867876118,0.002871525065
2017-10-30,2,catboost,1,0.6476888479,0.008179186368
2017-10-30,2,logistic_regression,1,0.5447668495,0.008179186368
2017-10-30,2,majority_baseline,1,0.5926193922,0.008179186368
2017-10-30,2,random_forest,1,0.4253087764,0.008179186368
2017-10-31,2,catboost,1,0.3962478077,0.00591102289
2017-10-31,2,logistic_regression,1,0.5828764665,0.00591102289
2017-10-31,2,majority_baseline,1,0.5926193922,0.00591102289
2017-10-31,2,random_forest,1,0.4212231237,0.00591102289
2017-11-01,2,catboost,1,0.5103056742,0.006291488064
2017-11-01,2,logistic_regression,1,0.565982932,0.006291488064
2017-11-01,2,majority_baseline,1,0.5926193922,0.006291488064
2017-11-01,2,random_forest,1,0.4004139071,0.006291488064
2017-11-02,2,catboost,1,0.546883881,0.00225170662
2017-11-02,2,logistic_regression,1,0.5781641039,0.00225170662
2017-11-02,2,majority_baseline,1,0.5926193922,0.00225170662
2017-11-02,2,random_forest,1,0.3982352172,0.00225170662
2017-11-03,2,catboost,0,0.4101311679,-0.001392980782
2017-11-03,2,logistic_regression,0,0.5687348111,-0.001392980782
2017-11-03,2,majority_baseline,0,0.5926193922,-0.001392980782
2017-11-03,2,random_forest,0,0.3983333927,-0.001392980782
2017-11-06,2,catboost,0,0.2903022404,-0.002008960741
2017-11-06,2,logistic_regression,0,0.5627509311,-0.002008960741
2017-11-06,2,majority_baseline,0,0.5926193922,-0.002008960741
2017-11-06,2,random_forest,0,0.3469142833,-0.002008960741
2017-11-07,2,catboost,0,0.5110285804,-0.003633982879
2017-11-07,2,logistic_regression,0,0.583765721,-0.003633982879
2017-11-07,2,majority_baseline,0,0.5926193922,-0.003633982879
2017-11-07,2,random_forest,0,0.4112065913,-0.003633982879
2017-11-08,2,catboost,0,0.4095280093,-0.01030443885
2017-11-08,2,logistic_regression,0,0.5917359231,-0.01030443885
2017-11-08,2,majority_baseline,0,0.5926193922,-0.01030443885
2017-11-08,2,random_forest,0,0.3991873186,-0.01030443885
2017-11-09,2,catboost,1,0.5728938005,0.001742966559
2017-11-09,2,logistic_regression,1,0.6017523506,0.001742966559
2017-11-09,2,majority_baseline,1,0.5926193922,0.001742966559
2017-11-09,2,random_forest,1,0.4842550855,0.001742966559
2017-11-10,2,catboost,0,0.5915204692,-0.0008912042439
2017-11-10,2,logistic_regression,0,0.5613197542,-0.0008912042439
2017-11-10,2,majority_baseline,0,0.5926193922,-0.0008912042439
2017-11-10,2,random_forest,0,0.4338489556,-0.0008912042439
2017-11-13,2,catboost,0,0.5206873547,-0.0001161258915
2017-11-13,2,logistic_regression,0,0.6014456435,-0.0001161258915
2017-11-13,2,majority_baseline,0,0.5926193922,-0.0001161258915
2017-11-13,2,random_forest,0,0.4183922589,-0.0001161258915
2017-11-14,2,catboost,1,0.4626023998,0.008768785565
2017-11-14,2,logistic_regression,1,0.6095010514,0.008768785565
2017-11-14,2,majority_baseline,1,0.5926193922,0.008768785565
2017-11-14,2,random_forest,1,0.4381064291,0.008768785565
2017-11-15,2,catboost,1,0.5978277295,0.01294652694
2017-11-15,2,logistic_regression,1,0.6009162551,0.01294652694
2017-11-15,2,majority_baseline,1,0.5926193922,0.01294652694
2017-11-15,2,random_forest,1,0.4971899233,0.01294652694
2017-11-16,2,catboost,1,0.438043857,0.006727980562
2017-11-16,2,logistic_regression,1,0.5780284626,0.006727980562
2017-11-16,2,majority_baseline,1,0.5926193922,0.006727980562
2017-11-16,2,random_forest,1,0.3868549701,0.006727980562
2017-11-17,2,catboost,1,0.3956893582,0.009191133693
2017-11-17,2,logistic_regression,1,0.5445494825,0.009191133693
2017-11-17,2,majority_baseline,1,0.5926193922,0.009191133693
2017-11-17,2,random_forest,1,0.3585140456,0.009191133693
2017-11-20,2,catboost,1,0.3433762767,0.01769263459
2017-11-20,2,logistic_regression,1,0.5799012571,0.01769263459
2017-11-20,2,majority_baseline,1,0.5926193922,0.01769263459
2017-11-20,2,random_forest,1,0.3834543475,0.01769263459
2017-11-21,2,catboost,1,0.2548361584,0.01046194624
2017-11-21,2,logistic_regression,1,0.5874233089,0.01046194624
2017-11-21,2,majority_baseline,1,0.5926193922,0.01046194624
2017-11-21,2,random_forest,1,0.3583751798,0.01046194624
2017-11-22,2,catboost,1,0.305628525,0.0202109632
2017-11-22,2,logistic_regression,1,0.5466721431,0.0202109632
2017-11-22,2,majority_baseline,1,0.5926193922,0.0202109632
2017-11-22,2,random_forest,1,0.3323925202,0.0202109632
2017-11-24,2,catboost,1,0.2635320508,0.01574745095
2017-11-24,2,logistic_regression,1,0.6003748367,0.01574745095
2017-11-24,2,majority_baseline,1,0.5926193922,0.01574745095
2017-11-24,2,random_forest,1,0.343969639,0.01574745095
2017-11-27,2,catboost,1,0.3985704426,0.01502518324
2017-11-27,2,logistic_regression,1,0.6321102467,0.01502518324
2017-11-27,2,majority_baseline,1,0.5926193922,0.01502518324
2017-11-27,2,random_forest,1,0.3613849937,0.01502518324
2017-11-28,2,catboost,1,0.2481108605,0.001217359554
2017-11-28,2,logistic_regression,1,0.5607539577,0.001217359554
2017-11-28,2,majority_baseline,1,0.5926193922,0.001217359554
2017-11-28,2,random_forest,1,0.4085796437,0.001217359554
2017-11-29,2,catboost,1,0.3297390559,0.002017428789
2017-11-29,2,logistic_regression,1,0.518098292,0.002017428789
2017-11-29,2,majority_baseline,1,0.5926193922,0.002017428789
2017-11-29,2,random_forest,1,0.3920455023,0.002017428789
2017-11-30,2,catboost,0,0.1609792631,-0.003547045263
2017-11-30,2,logistic_regression,0,0.54900136,-0.003547045263
2017-11-30,2,majority_baseline,0,0.5926193922,-0.003547045263
2017-11-30,2,random_forest,0,0.3756462499,-0.003547045263
2017-12-01,2,catboost,1,0.2668530082,0.00397042401
2017-12-01,2,logistic_regression,1,0.5174124544,0.00397042401
2017-12-01,2,majority_baseline,1,0.5926193922,0.00397042401
2017-12-01,2,random_forest,1,0.3888379438,0.00397042401
2017-12-04,2,catboost,1,0.5391277734,0.008215275536
2017-12-04,2,logistic_regression,1,0.5483820528,0.008215275536
2017-12-04,2,majority_baseline,1,0.5926193922,0.008215275536
2017-12-04,2,random_forest,1,0.4437778991,0.008215275536
2017-12-05,2,catboost,1,0.5629091866,0.01364032208
2017-12-05,2,logistic_regression,1,0.594587373,0.01364032208
2017-12-05,2,majority_baseline,1,0.5926193922,0.01364032208
2017-12-05,2,random_forest,1,0.4591494159,0.01364032208
2017-12-06,2,catboost,1,0.5483601672,0.01333387757
2017-12-06,2,logistic_regression,1,0.5843165018,0.01333387757
2017-12-06,2,majority_baseline,1,0.5926193922,0.01333387757
2017-12-06,2,random_forest,1,0.443125119,0.01333387757
2017-12-07,2,catboost,1,0.4341223342,0.006021116962
2017-12-07,2,logistic_regression,1,0.5994681852,0.006021116962
2017-12-07,2,majority_baseline,1,0.5926193922,0.006021116962
2017-12-07,2,random_forest,1,0.4024516991,0.006021116962
2017-12-08,2,catboost,1,0.3005556177,0.003766336345
2017-12-08,2,logistic_regression,1,0.5766829504,0.003766336345
2017-12-08,2,majority_baseline,1,0.5926193922,0.003766336345
2017-12-08,2,random_forest,1,0.3802045448,0.003766336345
2017-12-11,2,catboost,1,0.2271112764,0.007097047114
2017-12-11,2,logistic_regression,1,0.5636362593,0.007097047114
2017-12-11,2,majority_baseline,1,0.5926193922,0.007097047114
2017-12-11,2,random_forest,1,0.3415361694,0.007097047114
2017-12-12,2,catboost,1,0.3324874951,0.001461933435
2017-12-12,2,logistic_regression,1,0.5356130088,0.001461933435
2017-12-12,2,majority_baseline,1,0.5926193922,0.001461933435
2017-12-12,2,random_forest,1,0.3830959282,0.001461933435
2017-12-13,2,catboost,1,0.4271456718,0.001049667479
2017-12-13,2,logistic_regression,1,0.5382914727,0.001049667479
2017-12-13,2,majority_baseline,1,0.5926193922,0.001049667479
2017-12-13,2,random_forest,1,0.3710980939,0.001049667479
2017-12-14,2,catboost,1,0.5299845458,0.007227218525
2017-12-14,2,logistic_regression,1,0.5333284072,0.007227218525
2017-12-14,2,majority_baseline,1,0.5926193922,0.007227218525
2017-12-14,2,random_forest,1,0.4524653507,0.007227218525
2017-12-15,2,catboost,1,0.5108331329,0.003752204282
2017-12-15,2,logistic_regression,1,0.549760419,0.003752204282
2017-12-15,2,majority_baseline,1,0.5926193922,0.003752204282
2017-12-15,2,random_forest,1,0.4369896446,0.003752204282
2017-12-18,2,catboost,0,0.1937647429,-0.003765882752
2017-12-18,2,logistic_regression,0,0.5229445634,-0.003765882752
2017-12-18,2,majority_baseline,0,0.5926193922,-0.003765882752
2017-12-18,2,random_forest,0,0.3543332051,-0.003765882752
2017-12-19,2,catboost,1,0.530214835,0.0005614174214
2017-12-19,2,logistic_regression,1,0.5776583639,0.0005614174214
2017-12-19,2,majority_baseline,1,0.5926193922,0.0005614174214
2017-12-19,2,random_forest,1,0.4129122586,0.0005614174214
2017-12-20,2,catboost,1,0.6255763674,0.003145700123
2017-12-20,2,logistic_regression,1,0.6042773728,0.003145700123
2017-12-20,2,majority_baseline,1,0.5926193922,0.003145700123
2017-12-20,2,random_forest,1,0.4529539834,0.003145700123
2017-12-21,2,catboost,0,0.4672202082,-0.002690788684
2017-12-21,2,logistic_regression,0,0.5840685275,-0.002690788684
2017-12-21,2,majority_baseline,0,0.5926193922,-0.002690788684
2017-12-21,2,random_forest,0,0.4036983566,-0.002690788684
2017-12-22,2,catboost,1,0.4280289732,0.004710026369
2017-12-22,2,logistic_regression,1,0.5845911156,0.004710026369
2017-12-22,2,majority_baseline,1,0.5926193922,0.004710026369
2017-12-22,2,random_forest,1,0.361533968,0.004710026369
2017-12-26,2,catboost,1,0.3250446188,0.01227590393
2017-12-26,2,logistic_regression,1,0.5911583414,0.01227590393
2017-12-26,2,majority_baseline,1,0.5926193922,0.01227590393
2017-12-26,2,random_forest,1,0.4120021933,0.01227590393
2017-12-27,2,catboost,1,0.2977192323,0.01604809959
2017-12-27,2,logistic_regression,1,0.6168306275,0.01604809959
2017-12-27,2,majority_baseline,1,0.5926193922,0.01604809959
2017-12-27,2,random_forest,1,0.3848845866,0.01604809959
2017-12-28,2,catboost,1,0.3079744475,0.02071907418
2017-12-28,2,logistic_regression,1,0.585526717,0.02071907418
2017-12-28,2,majority_baseline,1,0.5926193922,0.02071907418
2017-12-28,2,random_forest,1,0.3476293191,0.02071907418
2017-12-29,2,catboost,1,0.6060605476,0.0264559259
2017-12-29,2,logistic_regression,1,0.6547982985,0.0264559259
2017-12-29,2,majority_baseline,1,0.5926193922,0.0264559259
2017-12-29,2,random_forest,1,0.4995145593,0.0264559259
2018-01-02,2,catboost,1,0.4427922371,0.02146824324
2018-01-02,2,logistic_regression,1,0.5665467131,0.02146824324
2018-01-02,2,majority_baseline,1,0.5926193922,0.02146824324
2018-01-02,2,random_forest,1,0.4125810162,0.02146824324
2018-01-03,2,catboost,1,0.2544504654,0.01349500456
2018-01-03,2,logistic_regression,1,0.5282218926,0.01349500456
2018-01-03,2,majority_baseline,1,0.5926193922,0.01349500456
2018-01-03,2,random_forest,1,0.384438206,0.01349500456
2018-01-04,2,catboost,1,0.29384496,0.01660472715
2018-01-04,2,logistic_regression,1,0.5383989654,0.01660472715
2018-01-04,2,majority_baseline,1,0.5926193922,0.01660472715
2018-01-04,2,random_forest,1,0.4212507984,0.01660472715
2018-01-05,2,catboost,1,0.2512889309,0.01645819538
2018-01-05,2,logistic_regression,1,0.5450452506,0.01645819538
2018-01-05,2,majority_baseline,1,0.5926193922,0.01645819538
2018-01-05,2,random_forest,1,0.3804258364,0.01645819538
2018-01-08,2,catboost,1,0.3685313096,0.01113459277
2018-01-08,2,logistic_regression,1,0.5359213175,0.01113459277
2018-01-08,2,majority_baseline,1,0.5926193922,0.01113459277
2018-01-08,2,random_forest,1,0.4196888656,0.01113459277
2018-01-09,2,catboost,1,0.4007264077,0.0184671696
2018-01-09,2,logistic_regression,1,0.5783046003,0.0184671696
2018-01-09,2,majority_baseline,1,0.5926193922,0.0184671696
2018-01-09,2,random_forest,1,0.402140375,0.0184671696
2018-01-10,2,catboost,1,0.5911984554,0.01831321899
2018-01-10,2,logistic_regression,1,0.597728596,0.01831321899
2018-01-10,2,majority_baseline,1,0.5926193922,0.01831321899
2018-01-10,2,random_forest,1,0.4482812854,0.01831321899
2018-01-11,2,catboost,1,0.396225232,0.01553675459
2018-01-11,2,logistic_regression,1,0.5891190148,0.01553675459
2018-01-11,2,majority_baseline,1,0.5926193922,0.01553675459
2018-01-11,2,random_forest,1,0.3880593031,0.01553675459
2018-01-12,2,catboost,1,0.1661141828,0.01716317203
2018-01-12,2,logistic_regression,1,0.5771609339,0.01716317203
2018-01-12,2,majority_baseline,1,0.5926193922,0.01716317203
2018-01-12,2,random_forest,1,0.3300317028,0.01716317203
2018-01-16,2,catboost,1,0.4194461581,0.02281838204
2018-01-16,2,logistic_regression,1,0.5819152085,0.02281838204
2018-01-16,2,majority_baseline,1,0.5926193922,0.02281838204
2018-01-16,2,random_forest,1,0.3676930037,0.02281838204
2018-01-17,2,catboost,1,0.1682709154,0.01276781047
2018-01-17,2,logistic_regression,1,0.5378174595,0.01276781047
2018-01-17,2,majority_baseline,1,0.5926193922,0.01276781047
2018-01-17,2,random_forest,1,0.3074271581,0.01276781047
2018-01-18,2,catboost,1,0.1755111552,0.01490281931
2018-01-18,2,logistic_regression,1,0.4966181136,0.01490281931
2018-01-18,2,majority_baseline,1,0.5926193922,0.01490281931
2018-01-18,2,random_forest,1,0.324167659,0.01490281931
2018-01-19,2,catboost,1,0.1906678539,0.02200343361
2018-01-19,2,logistic_regression,1,0.5106259917,0.02200343361
2018-01-19,2,majority_baseline,1,0.5926193922,0.02200343361
2018-01-19,2,random_forest,1,0.3201362369,0.02200343361
2018-01-22,2,catboost,1,0.118576298,0.007039478875
2018-01-22,2,logistic_regression,1,0.5134313284,0.007039478875
2018-01-22,2,majority_baseline,1,0.5926193922,0.007039478875
2018-01-22,2,random_forest,1,0.2975590248,0.007039478875
2018-01-23,2,catboost,0,0.07286865547,-0.005400821258
2018-01-23,2,logistic_regression,0,0.5066738184,-0.005400821258
2018-01-23,2,majority_baseline,0,0.5926193922,-0.005400821258
2018-01-23,2,random_forest,0,0.2979267809,-0.005400821258
2018-01-24,2,catboost,0,0.2767633028,-0.004520089106
2018-01-24,2,logistic_regression,0,0.5377637613,-0.004520089106
2018-01-24,2,majority_baseline,0,0.5926193922,-0.004520089106
2018-01-24,2,random_forest,0,0.3381470189,-0.004520089106
2018-01-25,2,catboost,0,0.2763633945,-0.006071307003
2018-01-25,2,logistic_regression,0,0.544042357,-0.006071307003
2018-01-25,2,majority_baseline,0,0.5926193922,-0.006071307003
2018-01-25,2,random_forest,0,0.3631152609,-0.006071307003
2018-01-26,2,catboost,0,0.04782738507,-0.0388372354
2018-01-26,2,logistic_regression,0,0.5461453019,-0.0388372354
2018-01-26,2,majority_baseline,0,0.5926193922,-0.0388372354
2018-01-26,2,random_forest,0,0.2825539215,-0.0388372354
2018-01-29,2,catboost,0,0.3142287038,-0.07288885953
2018-01-29,2,logistic_regression,0,0.5289239226,-0.07288885953
2018-01-29,2,majority_baseline,0,0.5926193922,-0.07288885953
2018-01-29,2,random_forest,0,0.3719130425,-0.07288885953
2018-01-30,2,catboost,0,0.8311934355,-0.04482539914
2018-01-30,2,logistic_regression,0,0.6020569541,-0.04482539914
2018-01-30,2,majority_baseline,0,0.5926193922,-0.04482539914
2018-01-30,2,random_forest,0,0.5776983895,-0.04482539914
2018-01-31,2,catboost,0,0.7156086156,-0.05047882514
2018-01-31,2,logistic_regression,0,0.5694487915,-0.05047882514
2018-01-31,2,majority_baseline,0,0.5926193922,-0.05047882514
2018-01-31,2,random_forest,0,0.5278633448,-0.05047882514
2018-02-01,2,catboost,0,0.5809924152,-0.08505569586
2018-02-01,2,logistic_regression,0,0.5810653619,-0.08505569586
2018-02-01,2,majority_baseline,0,0.5926193922,-0.08505569586
2018-02-01,2,random_forest,0,0.477660453,-0.08505569586
2018-02-02,2,catboost,0,0.6112428383,-0.05064444212
2018-02-02,2,logistic_regression,0,0.6443860882,-0.05064444212
2018-02-02,2,majority_baseline,0,0.5926193922,-0.05064444212
2018-02-02,2,random_forest,0,0.5695860849,-0.05064444212
2018-02-05,2,catboost,1,0.8783189693,0.005342339404
2018-02-05,2,logistic_regression,1,0.740304879,0.005342339404
2018-02-05,2,majority_baseline,1,0.5926193922,0.005342339404
2018-02-05,2,random_forest,1,0.6563797651,0.005342339404
2018-02-06,2,catboost,0,0.7892918697,-0.01163008525
2018-02-06,2,logistic_regression,0,0.6919427528,-0.01163008525
2018-02-06,2,majority_baseline,0,0.5926193922,-0.01163008525
2018-02-06,2,random_forest,0,0.5944396337,-0.01163008525
2018-02-07,2,catboost,1,0.6831938971,0.0071729473
2018-02-07,2,logistic_regression,1,0.5521594387,0.0071729473
2018-02-07,2,majority_baseline,1,0.5926193922,0.0071729473
2018-02-07,2,random_forest,1,0.5501329605,0.0071729473
2018-02-08,2,catboost,1,0.8808696843,0.05977562243
2018-02-08,2,logistic_regression,1,0.7405606496,0.05977562243
2018-02-08,2,majority_baseline,1,0.5926193922,0.05977562243
2018-02-08,2,random_forest,1,0.7057319883,0.05977562243
2018-02-09,2,catboost,1,0.807304009,0.04439764971
2018-02-09,2,logistic_regression,1,0.693538506,0.04439764971
2018-02-09,2,majority_baseline,1,0.5926193922,0.04439764971
2018-02-09,2,random_forest,1,0.6499873028,0.04439764971
2018-02-12,2,catboost,1,0.715421336,0.02283861342
2018-02-12,2,logistic_regression,1,0.4620551319,0.02283861342
2018-02-12,2,majority_baseline,1,0.5926193922,0.02283861342
2018-02-12,2,random_forest,1,0.5173047363,0.02283861342
2018-02-13,2,catboost,1,0.416114074,0.01522551805
2018-02-13,2,logistic_regression,1,0.516546299,0.01522551805
2018-02-13,2,majority_baseline,1,0.5926193922,0.01522551805
2018-02-13,2,random_forest,1,0.5219799263,0.01522551805
2018-02-14,2,catboost,1,0.4933592446,0.003004553623
2018-02-14,2,logistic_regression,1,0.5798087315,0.003004553623
2018-02-14,2,majority_baseline,1,0.5926193922,0.003004553623
2018-02-14,2,random_forest,1,0.4982613399,0.003004553623
2018-02-15,2,catboost,1,0.2924652217,0.006153143271
2018-02-15,2,logistic_regression,1,0.4174894459,0.006153143271
2018-02-15,2,majority_baseline,1,0.5926193922,0.006153143271
2018-02-15,2,random_forest,1,0.4231297587,0.006153143271
2018-02-16,2,catboost,1,0.4039755106,0.01753875272
2018-02-16,2,logistic_regression,1,0.4978832654,0.01753875272
2018-02-16,2,majority_baseline,1,0.5926193922,0.01753875272
2018-02-16,2,random_forest,1,0.4569989454,0.01753875272
2018-02-20,2,catboost,1,0.702732277,0.01116432892
2018-02-20,2,logistic_regression,1,0.6210852468,0.01116432892
2018-02-20,2,majority_baseline,1,0.5926193922,0.01116432892
2018-02-20,2,random_forest,1,0.5223901572,0.01116432892
2018-02-21,2,catboost,1,0.6723200618,0.005924851591
2018-02-21,2,logistic_regression,1,0.6517395056,0.005924851591
2018-02-21,2,majority_baseline,1,0.5926193922,0.005924851591
2018-02-21,2,random_forest,1,0.5086375578,0.005924851591
2018-02-22,2,catboost,0,0.7328696256,-0.009985139648
2018-02-22,2,logistic_regression,0,0.656861219,-0.009985139648
2018-02-22,2,majority_baseline,0,0.5926193922,-0.009985139648
2018-02-22,2,random_forest,0,0.5351283987,-0.009985139648
2018-02-23,2,catboost,0,0.8123568931,-0.02049435796
2018-02-23,2,logistic_regression,0,0.7087837655,-0.02049435796
2018-02-23,2,majority_baseline,0,0.5926193922,-0.02049435796
2018-02-23,2,random_forest,0,0.5460570163,-0.02049435796
2018-02-26,2,catboost,0,0.7863577577,-0.0205469292
2018-02-26,2,logistic_regression,0,0.6388703178,-0.0205469292
2018-02-26,2,majority_baseline,0,0.5926193922,-0.0205469292
2018-02-26,2,random_forest,0,0.5427233537,-0.0205469292
2018-02-27,2,catboost,0,0.6544713675,-0.005648026241
2018-02-27,2,logistic_regression,0,0.650251037,-0.005648026241
2018-02-27,2,majority_baseline,0,0.5926193922,-0.005648026241
2018-02-27,2,random_forest,0,0.5294626237,-0.005648026241
2018-02-28,2,catboost,1,0.7041244873,0.004159782534
2018-02-28,2,logistic_regression,1,0.6889027047,0.004159782534
2018-02-28,2,majority_baseline,1,0.5926193922,0.004159782534
2018-02-28,2,random_forest,1,0.5299554896,0.004159782534
2018-03-01,2,catboost,1,0.6914954098,0.02390733511
2018-03-01,2,logistic_regression,1,0.69699532,0.02390733511
2018-03-01,2,majority_baseline,1,0.5926193922,0.02390733511
2018-03-01,2,random_forest,1,0.5634305896,0.02390733511
2018-03-02,2,catboost,1,0.6431473302,0.03638326515
2018-03-02,2,logistic_regression,1,0.6429895587,0.03638326515
2018-03-02,2,majority_baseline,1,0.5926193922,0.03638326515
2018-03-02,2,random_forest,1,0.5063578201,0.03638326515
2018-03-05,2,catboost,1,0.6670174394,0.02325576452
2018-03-05,2,logistic_regression,1,0.6171339089,0.02325576452
2018-03-05,2,majority_baseline,1,0.5926193922,0.02325576452
2018-03-05,2,random_forest,1,0.5257759002,0.02325576452
2018-03-06,2,catboost,1,0.7228662538,0.0140721058
2018-03-06,2,logistic_regression,1,0.5744707697,0.0140721058
2018-03-06,2,majority_baseline,1,0.5926193922,0.0140721058
2018-03-06,2,random_forest,1,0.6098814037,0.0140721058
2018-03-07,2,catboost,1,0.7680203315,0.00923817366
2018-03-07,2,logistic_regression,1,0.6153791859,0.00923817366
2018-03-07,2,majority_baseline,1,0.5926193922,0.00923817366
2018-03-07,2,random_forest,1,0.6233238594,0.00923817366
2018-03-08,2,catboost,1,0.8128096733,0.003283450857
2018-03-08,2,logistic_regression,1,0.5582675636,0.003283450857
2018-03-08,2,majority_baseline,1,0.5926193922,0.003283450857
2018-03-08,2,random_forest,1,0.6196004531,0.003283450857
2018-03-09,2,catboost,0,0.5527874512,-0.0167460931
2018-03-09,2,logistic_regression,0,0.5513485651,-0.0167460931
2018-03-09,2,majority_baseline,0,0.5926193922,-0.0167460931
2018-03-09,2,random_forest,0,0.5905758478,-0.0167460931
2018-03-12,2,catboost,0,0.5357515799,-0.0288309605
2018-03-12,2,logistic_regression,0,0.4768860577,-0.0288309605
2018-03-12,2,majority_baseline,0,0.5926193922,-0.0288309605
2018-03-12,2,random_forest,0,0.6028851808,-0.0288309605
2018-03-13,2,catboost,0,0.6418416023,-0.0208513623
2018-03-13,2,logistic_regression,0,0.6104307513,-0.0208513623
2018-03-13,2,majority_baseline,0,0.5926193922,-0.0208513623
2018-03-13,2,random_forest,0,0.586286102,-0.0208513623
2018-03-14,2,catboost,0,0.7389138526,-0.01768977594
2018-03-14,2,logistic_regression,0,0.6191026195,-0.01768977594
2018-03-14,2,majority_baseline,0,0.5926193922,-0.01768977594
2018-03-14,2,random_forest,0,0.5861445858,-0.01768977594
2018-03-15,2,catboost,0,0.7082269394,-0.04119995127
2018-03-15,2,logistic_regression,0,0.6468549674,-0.04119995127
2018-03-15,2,majority_baseline,0,0.5926193922,-0.04119995127
2018-03-15,2,random_forest,0,0.5808587788,-0.04119995127
2018-03-16,2,catboost,0,0.7042336107,-0.05889870052
2018-03-16,2,logistic_regression,0,0.6626423877,-0.05889870052
2018-03-16,2,majority_baseline,0,0.5926193922,-0.05889870052
2018-03-16,2,random_forest,0,0.5738983942,-0.05889870052
2018-03-19,2,catboost,0,0.6999562598,-0.01988984803
2018-03-19,2,logistic_regression,0,0.6858701138,-0.01988984803
2018-03-19,2,majority_baseline,0,0.5926193922,-0.01988984803
2018-03-19,2,random_forest,0,0.5781066702,-0.01988984803
2018-03-20,2,catboost,0,0.7986388096,-0.03819895049
2018-03-20,2,logistic_regression,0,0.6581713545,-0.03819895049
2018-03-20,2,majority_baseline,0,0.5926193922,-0.03819895049
2018-03-20,2,random_forest,0,0.5855793522,-0.03819895049
2018-03-21,2,catboost,0,0.7289633457,-0.03919685829
2018-03-21,2,logistic_regression,0,0.669211854,-0.03919685829
2018-03-21,2,majority_baseline,0,0.5926193922,-0.03919685829
2018-03-21,2,random_forest,0,0.5901089464,-0.03919685829
2018-03-22,2,catboost,0,0.7563959298,-0.001972236028
2018-03-22,2,logistic_regression,0,0.6907594232,-0.001972236028
2018-03-22,2,majority_baseline,0,0.5926193922,-0.001972236028
2018-03-22,2,random_forest,0,0.5683432037,-0.001972236028
2018-03-23,2,catboost,0,0.9140484355,-0.002247574607
2018-03-23,2,logistic_regression,0,0.6772817503,-0.002247574607
2018-03-23,2,majority_baseline,0,0.5926193922,-0.002247574607
2018-03-23,2,random_forest,0,0.7329520835,-0.002247574607
2018-03-26,2,catboost,0,0.7222422019,-0.01637055048
2018-03-26,2,logistic_regression,0,0.6053380278,-0.01637055048
2018-03-26,2,majority_baseline,0,0.5926193922,-0.01637055048
2018-03-26,2,random_forest,0,0.5576796648,-0.01637055048
2018-03-27,2,catboost,1,0.730119928,0.0113583708
2018-03-27,2,logistic_regression,1,0.599991063,0.0113583708
2018-03-27,2,majority_baseline,1,0.5926193922,0.0113583708
2018-03-27,2,random_forest,1,0.606195999,0.0113583708
2018-03-28,2,catboost,1,0.8076063401,0.02236088327
2018-03-28,2,logistic_regression,1,0.6424870377,0.02236088327
2018-03-28,2,majority_baseline,1,0.5926193922,0.02236088327
2018-03-28,2,random_forest,1,0.6129177839,0.02236088327
2018-03-29,2,catboost,0,0.7254896321,-0.01303436359
2018-03-29,2,logistic_regression,0,0.569240987,-0.01303436359
2018-03-29,2,majority_baseline,0,0.5926193922,-0.01303436359
2018-03-29,2,random_forest,0,0.5594495855,-0.01303436359
2018-04-02,2,catboost,1,0.8432685791,0.01371033046
2018-04-02,2,logistic_regression,1,0.5813212811,0.01371033046
2018-04-02,2,majority_baseline,1,0.5926193922,0.01371033046
2018-04-02,2,random_forest,1,0.6433451694,0.01371033046
2018-04-03,2,catboost,1,0.6985864514,0.01679643013
2018-04-03,2,logistic_regression,1,0.6333178137,0.01679643013
2018-04-03,2,majority_baseline,1,0.5926193922,0.01679643013
2018-04-03,2,random_forest,1,0.5464413989,0.01679643013
2018-04-04,2,catboost,1,0.815331243,0.0007588867879
2018-04-04,2,logistic_regression,1,0.5792039399,0.0007588867879
2018-04-04,2,majority_baseline,1,0.5926193922,0.0007588867879
2018-04-04,2,random_forest,1,0.5981949373,0.0007588867879
2018-04-05,2,catboost,1,0.8286743979,0.001091620554
2018-04-05,2,logistic_regression,1,0.512992536,0.001091620554
2018-04-05,2,majority_baseline,1,0.5926193922,0.001091620554
2018-04-05,2,random_forest,1,0.6327329344,0.001091620554
2018-04-06,2,catboost,1,0.7663721123,0.02090710255
2018-04-06,2,logistic_regression,1,0.7026285402,0.02090710255
2018-04-06,2,majority_baseline,1,0.5926193922,0.02090710255
2018-04-06,2,random_forest,1,0.5679055664,0.02090710255
2018-04-09,2,catboost,1,0.8260729737,0.02425282222
2018-04-09,2,logistic_regression,1,0.6872860935,0.02425282222
2018-04-09,2,majority_baseline,1,0.5926193922,0.02425282222
2018-04-09,2,random_forest,1,0.5788658816,0.02425282222
2018-04-10,2,catboost,1,0.834225763,0.01900814111
2018-04-10,2,logistic_regression,1,0.5824449072,0.01900814111
2018-04-10,2,majority_baseline,1,0.5926193922,0.01900814111
2018-04-10,2,random_forest,1,0.6525833189,0.01900814111
2018-04-11,2,catboost,1,0.7893068173,0.02513650498
2018-04-11,2,logistic_regression,1,0.6175407359,0.02513650498
2018-04-11,2,majority_baseline,1,0.5926193922,0.02513650498
2018-04-11,2,random_forest,1,0.6313506613,0.02513650498
2018-04-12,2,catboost,1,0.9020583411,0.01113083135
2018-04-12,2,logistic_regression,1,0.6603528153,0.01113083135
2018-04-12,2,majority_baseline,1,0.5926193922,0.01113083135
2018-04-12,2,random_forest,1,0.6667206076,0.01113083135
2018-04-13,2,catboost,1,0.7777459703,0.005506285248
2018-04-13,2,logistic_regression,1,0.6100652382,0.005506285248
2018-04-13,2,majority_baseline,1,0.5926193922,0.005506285248
2018-04-13,2,random_forest,1,0.6178410509,0.005506285248
2018-04-16,2,catboost,0,0.8805641312,-0.002842850926
2018-04-16,2,logistic_regression,0,0.6358670412,-0.002842850926
2018-04-16,2,majority_baseline,0,0.5926193922,-0.002842850926
2018-04-16,2,random_forest,0,0.6545934123,-0.002842850926
2018-04-17,2,catboost,0,0.8065312234,-0.02668489336
2018-04-17,2,logistic_regression,0,0.6100259499,-0.02668489336
2018-04-17,2,majority_baseline,0,0.5926193922,-0.02668489336
2018-04-17,2,random_forest,0,0.6381713935,-0.02668489336
2018-04-18,2,catboost,0,0.6984425679,-0.02500095911
2018-04-18,2,logistic_regression,0,0.5613275599,-0.02500095911
2018-04-18,2,majority_baseline,0,0.5926193922,-0.02500095911
2018-04-18,2,random_forest,0,0.6088138308,-0.02500095911
2018-04-19,2,catboost,0,0.658337006,-0.009595064375
2018-04-19,2,logistic_regression,0,0.6096280239,-0.009595064375
2018-04-19,2,majority_baseline,0,0.5926193922,-0.009595064375
2018-04-19,2,random_forest,0,0.6078171602,-0.009595064375
2018-04-20,2,catboost,0,0.8091165045,-0.0001874941028
2018-04-20,2,logistic_regression,0,0.6674603432,-0.0001874941028
2018-04-20,2,majority_baseline,0,0.5926193922,-0.0001874941028
2018-04-20,2,random_forest,0,0.6329667339,-0.0001874941028
2018-04-23,2,catboost,0,0.7945902758,-0.007727791738
2018-04-23,2,logistic_regression,0,0.6489481676,-0.007727791738
2018-04-23,2,majority_baseline,0,0.5926193922,-0.007727791738
2018-04-23,2,random_forest,0,0.624582492,-0.007727791738
2018-04-24,2,catboost,1,0.9104082986,0.007605140757
2018-04-24,2,logistic_regression,1,0.7164414701,0.007605140757
2018-04-24,2,majority_baseline,1,0.5926193922,0.007605140757
2018-04-24,2,random_forest,1,0.6856350105,0.007605140757
2018-04-25,2,catboost,0,0.8666437103,-0.001631046133
2018-04-25,2,logistic_regression,0,0.6683023366,-0.001631046133
2018-04-25,2,majority_baseline,0,0.5926193922,-0.001631046133
2018-04-25,2,random_forest,0,0.6481021616,-0.001631046133
2018-04-26,2,catboost,0,0.8293549603,-0.01385604196
2018-04-26,2,logistic_regression,0,0.604797833,-0.01385604196
2018-04-26,2,majority_baseline,0,0.5926193922,-0.01385604196
2018-04-26,2,random_forest,0,0.6469650755,-0.01385604196
2018-04-27,2,catboost,0,0.8171190237,-0.002025842605
2018-04-27,2,logistic_regression,0,0.5908440498,-0.002025842605
2018-04-27,2,majority_baseline,0,0.5926193922,-0.002025842605
2018-04-27,2,random_forest,0,0.6454956657,-0.002025842605
2018-04-30,2,catboost,1,0.7828050241,0.009111199995
2018-04-30,2,logistic_regression,1,0.6364875537,0.009111199995
2018-04-30,2,majority_baseline,1,0.5926193922,0.009111199995
2018-04-30,2,random_forest,1,0.6319939238,0.009111199995
2018-05-01,2,catboost,1,0.8061526081,0.007321316022
2018-05-01,2,logistic_regression,1,0.5723062018,0.007321316022
2018-05-01,2,majority_baseline,1,0.5926193922,0.007321316022
2018-05-01,2,random_forest,1,0.6359986772,0.007321316022
2018-05-02,2,catboost,1,0.8175766259,0.02393612275
2018-05-02,2,logistic_regression,1,0.5726418558,0.02393612275
2018-05-02,2,majority_baseline,1,0.5926193922,0.02393612275
2018-05-02,2,random_forest,1,0.6438130066,0.02393612275
2018-05-03,2,catboost,1,0.7819247499,0.03579313866
2018-05-03,2,logistic_regression,1,0.617176502,0.03579313866
2018-05-03,2,majority_baseline,1,0.5926193922,0.03579313866
2018-05-03,2,random_forest,1,0.5960531952,0.03579313866
2018-05-04,2,catboost,1,0.7491995862,0.02567482664
2018-05-04,2,logistic_regression,1,0.6001888261,0.02567482664
2018-05-04,2,majority_baseline,1,0.5926193922,0.02567482664
2018-05-04,2,random_forest,1,0.5498787019,0.02567482664
2018-05-07,2,catboost,1,0.6776971909,0.02270342161
2018-05-07,2,logistic_regression,1,0.5559730122,0.02270342161
2018-05-07,2,majority_baseline,1,0.5926193922,0.02270342161
2018-05-07,2,random_forest,1,0.5398974901,0.02270342161
2018-05-08,2,catboost,1,0.6233667763,0.01566009475
2018-05-08,2,logistic_regression,1,0.6347131278,0.01566009475
2018-05-08,2,majority_baseline,1,0.5926193922,0.01566009475
2018-05-08,2,random_forest,1,0.5183362799,0.01566009475
2018-05-09,2,catboost,1,0.5997205708,0.01016693952
2018-05-09,2,logistic_regression,1,0.6017975204,0.01016693952
2018-05-09,2,majority_baseline,1,0.5926193922,0.01016693952
2018-05-09,2,random_forest,1,0.4813602737,0.01016693952
2018-05-10,2,catboost,0,0.6545118154,-3.668553931e-05
2018-05-10,2,logistic_regression,0,0.542365577,-3.668553931e-05
2018-05-10,2,majority_baseline,0,0.5926193922,-3.668553931e-05
2018-05-10,2,random_forest,0,0.4883188643,-3.668553931e-05
2018-05-11,2,catboost,0,0.6155138361,-0.005570897805
2018-05-11,2,logistic_regression,0,0.5445834586,-0.005570897805
2018-05-11,2,majority_baseline,0,0.5926193922,-0.005570897805
2018-05-11,2,random_forest,0,0.5012151331,-0.005570897805
2018-05-14,2,catboost,1,0.6318747718,0.00142861779
2018-05-14,2,logistic_regression,1,0.595727879,0.00142861779
2018-05-14,2,majority_baseline,1,0.5926193922,0.00142861779
2018-05-14,2,random_forest,1,0.4877337644,0.00142861779
2018-05-15,2,catboost,1,0.5829525124,0.005569823925
2018-05-15,2,logistic_regression,1,0.6107908436,0.005569823925
2018-05-15,2,majority_baseline,1,0.5926193922,0.005569823925
2018-05-15,2,random_forest,1,0.5231385865,0.005569823925
2018-05-16,2,catboost,1,0.5876272253,0.00411399956
2018-05-16,2,logistic_regression,1,0.6298638162,0.00411399956
2018-05-16,2,majority_baseline,1,0.5926193922,0.00411399956
2018-05-16,2,random_forest,1,0.5101014019,0.00411399956
2018-05-17,2,catboost,1,0.4721665094,0.002904224005
2018-05-17,2,logistic_regression,1,0.6581904911,0.002904224005
2018-05-17,2,majority_baseline,1,0.5926193922,0.002904224005
2018-05-17,2,random_forest,1,0.4690993531,0.002904224005
2018-05-18,2,catboost,1,0.3714061182,0.003022177203
2018-05-18,2,logistic_regression,1,0.6321843295,0.003022177203
2018-05-18,2,majority_baseline,1,0.5926193922,0.003022177203
2018-05-18,2,random_forest,1,0.446977129,0.003022177203
2018-05-21,2,catboost,0,0.5511647011,-0.01591252214
2018-05-21,2,logistic_regression,0,0.6134399551,-0.01591252214
2018-05-21,2,majority_baseline,0,0.5926193922,-0.01591252214
2018-05-21,2,random_forest,0,0.4446142309,-0.01591252214
2018-05-22,2,catboost,0,0.4097611297,0
2018-05-22,2,logistic_regression,0,0.6016865975,0
2018-05-22,2,majority_baseline,0,0.5926193922,0
2018-05-22,2,random_forest,0,0.4071764738,0
2018-05-23,2,catboost,0,0.5893359087,-0.008852733133
2018-05-23,2,logistic_regression,0,0.6101635151,-0.008852733133
2018-05-23,2,majority_baseline,0,0.5926193922,-0.008852733133
2018-05-23,2,random_forest,0,0.4251810668,-0.008852733133
2018-05-24,2,catboost,1,0.5092437979,0.002932618533
2018-05-24,2,logistic_regression,1,0.5663996522,0.002932618533
2018-05-24,2,majority_baseline,1,0.5926193922,0.002932618533
2018-05-24,2,random_forest,1,0.4170341628,0.002932618533
2018-05-25,2,catboost,1,0.4934103027,0.01010472189
2018-05-25,2,logistic_regression,1,0.5570841097,0.01010472189
2018-05-25,2,majority_baseline,1,0.5926193922,0.01010472189
2018-05-25,2,random_forest,1,0.4428878741,0.01010472189
2018-05-29,2,catboost,1,0.6750054109,0.02260061463
2018-05-29,2,logistic_regression,1,0.6177427132,0.02260061463
2018-05-29,2,majority_baseline,1,0.5926193922,0.02260061463
2018-05-29,2,random_forest,1,0.558566016,0.02260061463
2018-05-30,2,catboost,1,0.5739585205,0.01757092094
2018-05-30,2,logistic_regression,1,0.5810098004,0.01757092094
2018-05-30,2,majority_baseline,1,0.5926193922,0.01757092094
2018-05-30,2,random_forest,1,0.4198372857,0.01757092094
2018-05-31,2,catboost,1,0.3512827057,0.02373216448
2018-05-31,2,logistic_regression,1,0.5548380837,0.02373216448
2018-05-31,2,majority_baseline,1,0.5926193922,0.02373216448
2018-05-31,2,random_forest,1,0.3948394395,0.02373216448
2018-06-01,2,catboost,1,0.5249487728,0.01677630189
2018-06-01,2,logistic_regression,1,0.5532225883,0.01677630189
2018-06-01,2,majority_baseline,1,0.5926193922,0.01677630189
2018-06-01,2,random_forest,1,0.4411265248,0.01677630189
2018-06-04,2,catboost,1,0.4008500291,0.01331394609
2018-06-04,2,logistic_regression,1,0.5500402706,0.01331394609
2018-06-04,2,majority_baseline,1,0.5926193922,0.01331394609
2018-06-04,2,random_forest,1,0.3585021586,0.01331394609
2018-06-05,2,catboost,1,0.450687378,0.01388588592
2018-06-05,2,logistic_regression,1,0.5512506144,0.01388588592
2018-06-05,2,majority_baseline,1,0.5926193922,0.01388588592
2018-06-05,2,random_forest,1,0.3897523163,0.01388588592
2018-06-06,2,catboost,1,0.4832870414,0.002271106395
2018-06-06,2,logistic_regression,1,0.5745015645,0.002271106395
2018-06-06,2,majority_baseline,1,0.5926193922,0.002271106395
2018-06-06,2,random_forest,1,0.4139394251,0.002271106395
2018-06-07,2,catboost,1,0.4737048362,0.004903255305
2018-06-07,2,logistic_regression,1,0.5215536606,0.004903255305
2018-06-07,2,majority_baseline,1,0.5926193922,0.004903255305
2018-06-07,2,random_forest,1,0.4243695659,0.004903255305
2018-06-08,2,catboost,0,0.5170104089,-0.003810336428
2018-06-08,2,logistic_regression,0,0.545030098,-0.003810336428
2018-06-08,2,majority_baseline,0,0.5926193922,-0.003810336428
2018-06-08,2,random_forest,0,0.4311844164,-0.003810336428
2018-06-11,2,catboost,0,0.5085899538,-0.007179781796
2018-06-11,2,logistic_regression,0,0.5601008043,-0.007179781796
2018-06-11,2,majority_baseline,0,0.5926193922,-0.007179781796
2018-06-11,2,random_forest,0,0.4243750637,-0.007179781796
2018-06-12,2,catboost,0,0.4448371207,-0.01226162783
2018-06-12,2,logistic_regression,0,0.5964930932,-0.01226162783
2018-06-12,2,majority_baseline,0,0.5926193922,-0.01226162783
2018-06-12,2,random_forest,0,0.4118993547,-0.01226162783
2018-06-13,2,catboost,0,0.5018299494,-0.00740926378
2018-06-13,2,logistic_regression,0,0.5720155591,-0.00740926378
2018-06-13,2,majority_baseline,0,0.5926193922,-0.00740926378
2018-06-13,2,random_forest,0,0.4723659059,-0.00740926378
2018-06-14,2,catboost,0,0.4113288319,-0.01610885309
2018-06-14,2,logistic_regression,0,0.5856822089,-0.01610885309
2018-06-14,2,majority_baseline,0,0.5926193922,-0.01610885309
2018-06-14,2,random_forest,0,0.4381784451,-0.01610885309
2018-06-15,2,catboost,0,0.624690954,-0.008624164319
2018-06-15,2,logistic_regression,0,0.5590455591,-0.008624164319
2018-06-15,2,majority_baseline,0,0.5926193922,-0.008624164319
2018-06-15,2,random_forest,0,0.5104949503,-0.008624164319
2018-06-18,2,catboost,0,0.670044104,-0.02010412803
2018-06-18,2,logistic_regression,0,0.5940230019,-0.02010412803
2018-06-18,2,majority_baseline,0,0.5926193922,-0.02010412803
2018-06-18,2,random_forest,0,0.480576091,-0.02010412803
2018-06-19,3,catboost,0,0.6050097538,-0.01415605771
2018-06-19,3,logistic_regression,0,0.6067625663,-0.01415605771
2018-06-19,3,majority_baseline,0,0.6004819277,-0.01415605771
2018-06-19,3,random_forest,0,0.5342737003,-0.01415605771
2018-06-20,3,catboost,0,0.5168020021,-0.02398809679
2018-06-20,3,logistic_regression,0,0.5674167007,-0.02398809679
2018-06-20,3,majority_baseline,0,0.6004819277,-0.02398809679
2018-06-20,3,random_forest,0,0.4677483743,-0.02398809679
2018-06-21,3,catboost,0,0.5980045502,-0.01221548906
2018-06-21,3,logistic_regression,0,0.6064805323,-0.01221548906
2018-06-21,3,majority_baseline,0,0.6004819277,-0.01221548906
2018-06-21,3,random_forest,0,0.5246326812,-0.01221548906
2018-06-22,3,catboost,0,0.5598976594,-0.01259369412
2018-06-22,3,logistic_regression,0,0.5775092344,-0.01259369412
2018-06-22,3,majority_baseline,0,0.6004819277,-0.01259369412
2018-06-22,3,random_forest,0,0.4779890838,-0.01259369412
2018-06-25,3,catboost,1,0.6149398224,0.00317337786
2018-06-25,3,logistic_regression,1,0.6410912522,0.00317337786
2018-06-25,3,majority_baseline,1,0.6004819277,0.00317337786
2018-06-25,3,random_forest,1,0.5352625684,0.00317337786
2018-06-26,3,catboost,0,0.7472109557,-0.002577364449
2018-06-26,3,logistic_regression,0,0.5825350791,-0.002577364449
2018-06-26,3,majority_baseline,0,0.6004819277,-0.002577364449
2018-06-26,3,random_forest,0,0.5261939876,-0.002577364449
2018-06-27,3,catboost,1,0.7068728819,0.01395945504
2018-06-27,3,logistic_regression,1,0.6496678153,0.01395945504
2018-06-27,3,majority_baseline,1,0.6004819277,0.01395945504
2018-06-27,3,random_forest,1,0.5712450565,0.01395945504
2018-06-28,3,catboost,1,0.6256572334,0.01672264962
2018-06-28,3,logistic_regression,1,0.6098588547,0.01672264962
2018-06-28,3,majority_baseline,1,0.6004819277,0.01672264962
2018-06-28,3,random_forest,1,0.5114500072,0.01672264962
2018-06-29,3,catboost,1,0.5104826456,0.02440281307
2018-06-29,3,logistic_regression,1,0.6065887203,0.02440281307
2018-06-29,3,majority_baseline,1,0.6004819277,0.02440281307
2018-06-29,3,random_forest,1,0.487469482,0.02440281307
2018-07-02,3,catboost,1,0.3987277067,0.02589571426
2018-07-02,3,logistic_regression,1,0.61324086,0.02589571426
2018-07-02,3,majority_baseline,1,0.6004819277,0.02589571426
2018-07-02,3,random_forest,1,0.4332460698,0.02589571426
2018-07-03,3,catboost,1,0.5599272264,0.0220007074
2018-07-03,3,logistic_regression,1,0.6377069455,0.0220007074
2018-07-03,3,majority_baseline,1,0.6004819277,0.0220007074
2018-07-03,3,random_forest,1,0.4785810423,0.0220007074
2018-07-05,3,catboost,1,0.4706403246,0.02292120404
2018-07-05,3,logistic_regression,1,0.6215864161,0.02292120404
2018-07-05,3,majority_baseline,1,0.6004819277,0.02292120404
2018-07-05,3,random_forest,1,0.461372698,0.02292120404
2018-07-06,3,catboost,1,0.4066865353,0.01514044985
2018-07-06,3,logistic_regression,1,0.6221822864,0.01514044985
2018-07-06,3,majority_baseline,1,0.6004819277,0.01514044985
2018-07-06,3,random_forest,1,0.4551214621,0.01514044985
2018-07-09,3,catboost,1,0.5919372194,0.005181728793
2018-07-09,3,logistic_regression,1,0.5719440516,0.005181728793
2018-07-09,3,majority_baseline,1,0.6004819277,0.005181728793
2018-07-09,3,random_forest,1,0.4775290529,0.005181728793
2018-07-10,3,catboost,1,0.4596154106,0.005629284096
2018-07-10,3,logistic_regression,1,0.5988180919,0.005629284096
2018-07-10,3,majority_baseline,1,0.6004819277,0.005629284096
2018-07-10,3,random_forest,1,0.456376383,0.005629284096
2018-07-11,3,catboost,1,0.6389541789,0.01517016695
2018-07-11,3,logistic_regression,1,0.6083460922,0.01517016695
2018-07-11,3,majority_baseline,1,0.6004819277,0.01517016695
2018-07-11,3,random_forest,1,0.4936310906,0.01517016695
2018-07-12,3,catboost,1,0.6000059003,0.002255091495
2018-07-12,3,logistic_regression,1,0.6105477728,0.002255091495
2018-07-12,3,majority_baseline,1,0.6004819277,0.002255091495
2018-07-12,3,random_forest,1,0.4844215281,0.002255091495
2018-07-13,3,catboost,1,0.5748252327,0.0003218870532
2018-07-13,3,logistic_regression,1,0.597504041,0.0003218870532
2018-07-13,3,majority_baseline,1,0.6004819277,0.0003218870532
2018-07-13,3,random_forest,1,0.4765469757,0.0003218870532
2018-07-16,3,catboost,1,0.4967183853,0.003078742434
2018-07-16,3,logistic_regression,1,0.6064308725,0.003078742434
2018-07-16,3,majority_baseline,1,0.6004819277,0.003078742434
2018-07-16,3,random_forest,1,0.4577475433,0.003078742434
2018-07-17,3,catboost,1,0.4297431441,0.004064549489
2018-07-17,3,logistic_regression,1,0.6258756931,0.004064549489
2018-07-17,3,majority_baseline,1,0.6004819277,0.004064549489
2018-07-17,3,random_forest,1,0.4527457363,0.004064549489
2018-07-18,3,catboost,1,0.4654145597,0.010496023
2018-07-18,3,logistic_regression,1,0.6111679437,0.010496023
2018-07-18,3,majority_baseline,1,0.6004819277,0.010496023
2018-07-18,3,random_forest,1,0.4744250699,0.010496023
2018-07-19,3,catboost,1,0.5879859615,0.01192855821
2018-07-19,3,logistic_regression,1,0.6093398057,0.01192855821
2018-07-19,3,majority_baseline,1,0.6004819277,0.01192855821
2018-07-19,3,random_forest,1,0.4863063501,0.01192855821
2018-07-20,3,catboost,1,0.6441530563,0.006221470057
2018-07-20,3,logistic_regression,1,0.5783025455,0.006221470057
2018-07-20,3,majority_baseline,1,0.6004819277,0.006221470057
2018-07-20,3,random_forest,1,0.4954258163,0.006221470057
2018-07-23,3,catboost,0,0.5525099953,-0.0008922198041
2018-07-23,3,logistic_regression,0,0.5642669008,-0.0008922198041
2018-07-23,3,majority_baseline,0,0.6004819277,-0.0008922198041
2018-07-23,3,random_forest,0,0.4685330734,-0.0008922198041
2018-07-24,3,catboost,0,0.5320959952,-0.0009942786638
2018-07-24,3,logistic_regression,0,0.5930152779,-0.0009942786638
2018-07-24,3,majority_baseline,0,0.6004819277,-0.0009942786638
2018-07-24,3,random_forest,0,0.4769991496,-0.0009942786638
2018-07-25,3,catboost,0,0.3548727783,-0.01109124429
2018-07-25,3,logistic_regression,0,0.5987201102,-0.01109124429
2018-07-25,3,majority_baseline,0,0.6004819277,-0.01109124429
2018-07-25,3,random_forest,0,0.4088914262,-0.01109124429
2018-07-26,3,catboost,0,0.4752224243,-0.003352797743
2018-07-26,3,logistic_regression,0,0.5718885984,-0.003352797743
2018-07-26,3,majority_baseline,0,0.6004819277,-0.003352797743
2018-07-26,3,random_forest,0,0.4487637207,-0.003352797743
2018-07-27,3,catboost,1,0.6754795155,0.007746402517
2018-07-27,3,logistic_regression,1,0.6147602629,0.007746402517
2018-07-27,3,majority_baseline,1,0.6004819277,0.007746402517
2018-07-27,3,random_forest,1,0.5023483791,0.007746402517
2018-07-30,3,catboost,1,0.5974443285,0.01675299945
2018-07-30,3,logistic_regression,1,0.6046701081,0.01675299945
2018-07-30,3,majority_baseline,1,0.6004819277,0.01675299945
2018-07-30,3,random_forest,1,0.4779416425,0.01675299945
2018-07-31,3,catboost,1,0.5747942341,0.01510681478
2018-07-31,3,logistic_regression,1,0.5834665145,0.01510681478
2018-07-31,3,majority_baseline,1,0.6004819277,0.01510681478
2018-07-31,3,random_forest,1,0.4541133201,0.01510681478
2018-08-01,3,catboost,1,0.5126715615,0.01637828932
2018-08-01,3,logistic_regression,1,0.6119938779,0.01637828932
2018-08-01,3,majority_baseline,1,0.6004819277,0.01637828932
2018-08-01,3,random_forest,1,0.4539918116,0.01637828932
2018-08-02,3,catboost,1,0.5133878989,0.009490394707
2018-08-02,3,logistic_regression,1,0.6338154356,0.009490394707
2018-08-02,3,majority_baseline,1,0.6004819277,0.009490394707
2018-08-02,3,random_forest,1,0.4573618743,0.009490394707
2018-08-03,3,catboost,0,0.5122026409,-0.001551489388
2018-08-03,3,logistic_regression,0,0.5992475318,-0.001551489388
2018-08-03,3,majority_baseline,0,0.6004819277,-0.001551489388
2018-08-03,3,random_forest,0,0.4565369339,-0.001551489388
2018-08-06,3,catboost,0,0.6215899832,-0.008923581962
2018-08-06,3,logistic_regression,0,0.6137542382,-0.008923581962
2018-08-06,3,majority_baseline,0,0.6004819277,-0.008923581962
2018-08-06,3,random_forest,0,0.5010343948,-0.008923581962
2018-08-07,3,catboost,0,0.4860509802,-0.005882739614
2018-08-07,3,logistic_regression,0,0.5905833944,-0.005882739614
2018-08-07,3,majority_baseline,0,0.6004819277,-0.005882739614
2018-08-07,3,random_forest,0,0.4507033231,-0.005882739614
2018-08-08,3,catboost,0,0.5685651197,-0.01289144822
2018-08-08,3,logistic_regression,0,0.5841374159,-0.01289144822
2018-08-08,3,majority_baseline,0,0.6004819277,-0.01289144822
2018-08-08,3,random_forest,0,0.4704511874,-0.01289144822
2018-08-09,3,catboost,0,0.6985650768,-0.003543023377
2018-08-09,3,logistic_regression,0,0.5945878876,-0.003543023377
2018-08-09,3,majority_baseline,0,0.6004819277,-0.003543023377
2018-08-09,3,random_forest,0,0.5146154517,-0.003543023377
2018-08-10,3,catboost,1,0.7140135849,0.006709965656
2018-08-10,3,logistic_regression,1,0.62074711,0.006709965656
2018-08-10,3,majority_baseline,1,0.6004819277,0.006709965656
2018-08-10,3,random_forest,1,0.5240148328,0.006709965656
2018-08-13,3,catboost,1,0.5588585713,0.01265511245
2018-08-13,3,logistic_regression,1,0.6202966722,0.01265511245
2018-08-13,3,majority_baseline,1,0.6004819277,0.01265511245
2018-08-13,3,random_forest,1,0.4884253769,0.01265511245
2018-08-14,3,catboost,1,0.4925839459,0.008594584193
2018-08-14,3,logistic_regression,1,0.6115506326,0.008594584193
2018-08-14,3,majority_baseline,1,0.6004819277,0.008594584193
2018-08-14,3,random_forest,1,0.4351254002,0.008594584193
2018-08-15,3,catboost,1,0.6398723828,0.01557958201
2018-08-15,3,logistic_regression,1,0.6267780362,0.01557958201
2018-08-15,3,majority_baseline,1,0.6004819277,0.01557958201
2018-08-15,3,random_forest,1,0.5188974038,0.01557958201
2018-08-16,3,catboost,1,0.5577590915,0.006090301044
2018-08-16,3,logistic_regression,1,0.5738380064,0.006090301044
2018-08-16,3,majority_baseline,1,0.6004819277,0.006090301044
2018-08-16,3,random_forest,1,0.4544209499,0.006090301044
2018-08-17,3,catboost,1,0.4703015388,0.008594724692
2018-08-17,3,logistic_regression,1,0.5836541517,0.008594724692
2018-08-17,3,majority_baseline,1,0.6004819277,0.008594724692
2018-08-17,3,random_forest,1,0.4390608232,0.008594724692
2018-08-20,3,catboost,1,0.5396553003,0.01438717824
2018-08-20,3,logistic_regression,1,0.5716736311,0.01438717824
2018-08-20,3,majority_baseline,1,0.6004819277,0.01438717824
2018-08-20,3,random_forest,1,0.4310415809,0.01438717824
2018-08-21,3,catboost,1,0.5508358636,0.01250267914
2018-08-21,3,logistic_regression,1,0.5809661027,0.01250267914
2018-08-21,3,majority_baseline,1,0.6004819277,0.01250267914
2018-08-21,3,random_forest,1,0.4863929608,0.01250267914
2018-08-22,3,catboost,1,0.5597311343,0.01855539487
2018-08-22,3,logistic_regression,1,0.5587419032,0.01855539487
2018-08-22,3,majority_baseline,1,0.6004819277,0.01855539487
2018-08-22,3,random_forest,1,0.4595646559,0.01855539487
2018-08-23,3,catboost,1,0.5810083646,0.01578074518
2018-08-23,3,logistic_regression,1,0.584922697,0.01578074518
2018-08-23,3,majority_baseline,1,0.6004819277,0.01578074518
2018-08-23,3,random_forest,1,0.4823064228,0.01578074518
2018-08-24,3,catboost,1,0.583643987,0.009738748929
2018-08-24,3,logistic_regression,1,0.5903832394,0.009738748929
2018-08-24,3,majority_baseline,1,0.6004819277,0.009738748929
2018-08-24,3,random_forest,1,0.4677187894,0.009738748929
2018-08-27,3,catboost,1,0.5921496396,0.0001035226728
2018-08-27,3,logistic_regression,1,0.5908668212,0.0001035226728
2018-08-27,3,majority_baseline,1,0.6004819277,0.0001035226728
2018-08-27,3,random_forest,1,0.468509576,0.0001035226728
2018-08-28,3,catboost,0,0.5586513868,-0.003069862579
2018-08-28,3,logistic_regression,0,0.5804746499,-0.003069862579
2018-08-28,3,majority_baseline,0,0.6004819277,-0.003069862579
2018-08-28,3,random_forest,0,0.4630879072,-0.003069862579
2018-08-29,3,catboost,0,0.5716748907,-0.01139017145
2018-08-29,3,logistic_regression,0,0.6118025846,-0.01139017145
2018-08-29,3,majority_baseline,0,0.6004819277,-0.01139017145
2018-08-29,3,random_forest,0,0.4739803715,-0.01139017145
2018-08-30,3,catboost,0,0.6291157996,-0.009300660742
2018-08-30,3,logistic_regression,0,0.5860660057,-0.009300660742
2018-08-30,3,majority_baseline,0,0.6004819277,-0.009300660742
2018-08-30,3,random_forest,0,0.4793885304,-0.009300660742
2018-08-31,3,catboost,0,0.7030504309,-0.007612522883
2018-08-31,3,logistic_regression,0,0.5757695604,-0.007612522883
2018-08-31,3,majority_baseline,0,0.6004819277,-0.007612522883
2018-08-31,3,random_forest,0,0.5111312231,-0.007612522883
2018-09-04,3,catboost,0,0.6256866933,-0.002622441621
2018-09-04,3,logistic_regression,0,0.5799057603,-0.002622441621
2018-09-04,3,majority_baseline,0,0.6004819277,-0.002622441621
2018-09-04,3,random_forest,0,0.5038810151,-0.002622441621
2018-09-05,3,catboost,1,0.6575717995,0.0003113735611
2018-09-05,3,logistic_regression,1,0.5798751715,0.0003113735611
2018-09-05,3,majority_baseline,1,0.6004819277,0.0003113735611
2018-09-05,3,random_forest,1,0.4993711158,0.0003113735611
2018-09-06,3,catboost,1,0.6467657554,0.009265626269
2018-09-06,3,logistic_regression,1,0.5976212792,0.009265626269
2018-09-06,3,majority_baseline,1,0.6004819277,0.009265626269
2018-09-06,3,random_forest,1,0.5034735524,0.009265626269
2018-09-07,3,catboost,1,0.623525908,0.01140472438
2018-09-07,3,logistic_regression,1,0.5974733724,0.01140472438
2018-09-07,3,majority_baseline,1,0.6004819277,0.01140472438
2018-09-07,3,random_forest,1,0.4969847486,0.01140472438
2018-09-10,3,catboost,1,0.5328035595,0.004304026983
2018-09-10,3,logistic_regression,1,0.5945483643,0.004304026983
2018-09-10,3,majority_baseline,1,0.6004819277,0.004304026983
2018-09-10,3,random_forest,1,0.4556495796,0.004304026983
2018-09-11,3,catboost,1,0.4771990646,0.006434928139
2018-09-11,3,logistic_regression,1,0.6131215486,0.006434928139
2018-09-11,3,majority_baseline,1,0.6004819277,0.006434928139
2018-09-11,3,random_forest,1,0.4293156343,0.006434928139
2018-09-12,3,catboost,1,0.5258963102,0.007263441255
2018-09-12,3,logistic_regression,1,0.5908293904,0.007263441255
2018-09-12,3,majority_baseline,1,0.6004819277,0.007263441255
2018-09-12,3,random_forest,1,0.4480513139,0.007263441255
2018-09-13,3,catboost,1,0.5383568433,0.009455696203
2018-09-13,3,logistic_regression,1,0.5775491304,0.009455696203
2018-09-13,3,majority_baseline,1,0.6004819277,0.009455696203
2018-09-13,3,random_forest,1,0.4582696209,0.009455696203
2018-09-14,3,catboost,1,0.6013156666,0.003815956
2018-09-14,3,logistic_regression,1,0.5892881305,0.003815956
2018-09-14,3,majority_baseline,1,0.6004819277,0.003815956
2018-09-14,3,random_forest,1,0.457932857,0.003815956
2018-09-17,3,catboost,1,0.6695711667,0.005806292671
2018-09-17,3,logistic_regression,1,0.5830941412,0.005806292671
2018-09-17,3,majority_baseline,1,0.6004819277,0.005806292671
2018-09-17,3,random_forest,1,0.4893083731,0.005806292671
2018-09-18,3,catboost,0,0.5962772882,-0.000550010993
2018-09-18,3,logistic_regression,0,0.5870904752,-0.000550010993
2018-09-18,3,majority_baseline,0,0.6004819277,-0.000550010993
2018-09-18,3,random_forest,0,0.4603390731,-0.000550010993
2018-09-19,3,catboost,0,0.6009104311,-0.004601319602
2018-09-19,3,logistic_regression,0,0.5991761646,-0.004601319602
2018-09-19,3,majority_baseline,0,0.6004819277,-0.004601319602
2018-09-19,3,random_forest,0,0.4404178948,-0.004601319602
2018-09-20,3,catboost,0,0.6238520586,-0.009843941453
2018-09-20,3,logistic_regression,0,0.5881761182,-0.009843941453
2018-09-20,3,majority_baseline,0,0.6004819277,-0.009843941453
2018-09-20,3,random_forest,0,0.4707726609,-0.009843941453
2018-09-21,3,catboost,0,0.606920809,-0.004349426496
2018-09-21,3,logistic_regression,0,0.5571945948,-0.004349426496
2018-09-21,3,majority_baseline,0,0.6004819277,-0.004349426496
2018-09-21,3,random_forest,0,0.4680971336,-0.004349426496
2018-09-24,3,catboost,1,0.6715420337,0.002439770555
2018-09-24,3,logistic_regression,1,0.5992376611,0.002439770555
2018-09-24,3,majority_baseline,1,0.6004819277,0.002439770555
2018-09-24,3,random_forest,1,0.4838205613,0.002439770555
2018-09-25,3,catboost,1,0.5893560621,0.002785890284
2018-09-25,3,logistic_regression,1,0.6144415594,0.002785890284
2018-09-25,3,majority_baseline,1,0.6004819277,0.002785890284
2018-09-25,3,random_forest,1,0.4617422497,0.002785890284
2018-09-26,3,catboost,1,0.6407426488,0.006347441248
2018-09-26,3,logistic_regression,1,0.637268256,0.006347441248
2018-09-26,3,majority_baseline,1,0.6004819277,0.006347441248
2018-09-26,3,random_forest,1,0.5184041968,0.006347441248
2018-09-27,3,catboost,0,0.5320973768,-0.004300113487
2018-09-27,3,logistic_regression,0,0.5903050583,-0.004300113487
2018-09-27,3,majority_baseline,0,0.6004819277,-0.004300113487
2018-09-27,3,random_forest,0,0.4488596354,-0.004300113487
2018-09-28,3,catboost,0,0.5363962154,-0.009975212878
2018-09-28,3,logistic_regression,0,0.5894091287,-0.009975212878
2018-09-28,3,majority_baseline,0,0.6004819277,-0.009975212878
2018-09-28,3,random_forest,0,0.4454625083,-0.009975212878
2018-10-01,3,catboost,0,0.4609396085,-0.01340281614
2018-10-01,3,logistic_regression,0,0.6055748952,-0.01340281614
2018-10-01,3,majority_baseline,0,0.6004819277,-0.01340281614
2018-10-01,3,random_forest,0,0.437138114,-0.01340281614
2018-10-02,3,catboost,0,0.4534587537,-0.01426808799
2018-10-02,3,logistic_regression,0,0.5988538636,-0.01426808799
2018-10-02,3,majority_baseline,0,0.6004819277,-0.01426808799
2018-10-02,3,random_forest,0,0.4378801652,-0.01426808799
2018-10-03,3,catboost,0,0.5066890324,-0.04600306234
2018-10-03,3,logistic_regression,0,0.6112649025,-0.04600306234
2018-10-03,3,majority_baseline,0,0.6004819277,-0.04600306234
2018-10-03,3,random_forest,0,0.4538074812,-0.04600306234
2018-10-04,3,catboost,0,0.6871432134,-0.05966690456
2018-10-04,3,logistic_regression,0,0.6002815525,-0.05966690456
2018-10-04,3,majority_baseline,0,0.6004819277,-0.05966690456
2018-10-04,3,random_forest,0,0.5365545366,-0.05966690456
2018-10-05,3,catboost,0,0.6426032052,-0.04124103537
2018-10-05,3,logistic_regression,0,0.6104049189,-0.04124103537
2018-10-05,3,majority_baseline,0,0.6004819277,-0.04124103537
2018-10-05,3,random_forest,0,0.5205152254,-0.04124103537
2018-10-08,3,catboost,0,0.6701012754,-0.04662640907
2018-10-08,3,logistic_regression,0,0.6103492603,-0.04662640907
2018-10-08,3,majority_baseline,0,0.6004819277,-0.04662640907
2018-10-08,3,random_forest,0,0.5304317103,-0.04662640907
2018-10-09,3,catboost,0,0.6341496881,-0.02435629836
2018-10-09,3,logistic_regression,0,0.6160759613,-0.02435629836
2018-10-09,3,majority_baseline,0,0.6004819277,-0.02435629836
2018-10-09,3,random_forest,0,0.5324762038,-0.02435629836
2018-10-10,3,catboost,1,0.7587135468,0.007725564119
2018-10-10,3,logistic_regression,1,0.7419223111,0.007725564119
2018-10-10,3,majority_baseline,1,0.6004819277,0.007725564119
2018-10-10,3,random_forest,1,0.599355759,0.007725564119
2018-10-11,3,catboost,1,0.6909982216,0.01554168458
2018-10-11,3,logistic_regression,1,0.6953138216,0.01554168458
2018-10-11,3,majority_baseline,1,0.6004819277,0.01554168458
2018-10-11,3,random_forest,1,0.5972234406,0.01554168458
2018-10-12,3,catboost,1,0.6465497982,0.001087109211
2018-10-12,3,logistic_regression,1,0.6150868714,0.001087109211
2018-10-12,3,majority_baseline,1,0.6004819277,0.001087109211
2018-10-12,3,random_forest,1,0.556893918,0.001087109211
2018-10-15,3,catboost,1,0.7001849693,0.002223090064
2018-10-15,3,logistic_regression,1,0.6012487777,0.002223090064
2018-10-15,3,majority_baseline,1,0.6004819277,0.002223090064
2018-10-15,3,random_forest,1,0.5685448738,0.002223090064
2018-10-16,3,catboost,0,0.6934053327,-0.0242154374
2018-10-16,3,logistic_regression,0,0.6056879213,-0.0242154374
2018-10-16,3,majority_baseline,0,0.6004819277,-0.0242154374
2018-10-16,3,random_forest,0,0.5699400698,-0.0242154374
2018-10-17,3,catboost,0,0.6795073873,-0.05394902564
2018-10-17,3,logistic_regression,0,0.5683691318,-0.05394902564
2018-10-17,3,majority_baseline,0,0.6004819277,-0.05394902564
2018-10-17,3,random_forest,0,0.5556244945,-0.05394902564
2018-10-18,3,catboost,0,0.5731320885,-0.02286543936
2018-10-18,3,logistic_regression,0,0.6158537087,-0.02286543936
2018-10-18,3,majority_baseline,0,0.6004819277,-0.02286543936
2018-10-18,3,random_forest,0,0.520578637,-0.02286543936
2018-10-19,3,catboost,0,0.6051174289,-0.03952946027
2018-10-19,3,logistic_regression,0,0.5981871384,-0.03952946027
2018-10-19,3,majority_baseline,0,0.6004819277,-0.03952946027
2018-10-19,3,random_forest,0,0.5353853363,-0.03952946027
2018-10-22,3,catboost,0,0.667155553,-0.0405440675
2018-10-22,3,logistic_regression,0,0.5854375427,-0.0405440675
2018-10-22,3,majority_baseline,0,0.6004819277,-0.0405440675
2018-10-22,3,random_forest,0,0.543577902,-0.0405440675
2018-10-23,3,catboost,0,0.7128646424,-0.0213442371
2018-10-23,3,logistic_regression,0,0.6674978711,-0.0213442371
2018-10-23,3,majority_baseline,0,0.6004819277,-0.0213442371
2018-10-23,3,random_forest,0,0.5686811189,-0.0213442371
2018-10-24,3,catboost,1,0.7203992266,0.02001355892
2018-10-24,3,logistic_regression,1,0.7588698379,0.02001355892
2018-10-24,3,majority_baseline,1,0.6004819277,0.02001355892
2018-10-24,3,random_forest,1,0.6520022128,0.02001355892
2018-10-25,3,catboost,1,0.745459962,0.01270002729
2018-10-25,3,logistic_regression,1,0.7119540071,0.01270002729
2018-10-25,3,majority_baseline,1,0.6004819277,0.01270002729
2018-10-25,3,random_forest,1,0.5849217837,0.01270002729
2018-10-26,3,catboost,1,0.7983287813,0.02472403547
2018-10-26,3,logistic_regression,1,0.7418622706,0.02472403547
2018-10-26,3,majority_baseline,1,0.6004819277,0.02472403547
2018-10-26,3,random_forest,1,0.6402643993,0.02472403547
2018-10-29,3,catboost,1,0.7866609321,0.0361177508
2018-10-29,3,logistic_regression,1,0.7602944359,0.0361177508
2018-10-29,3,majority_baseline,1,0.6004819277,0.0361177508
2018-10-29,3,random_forest,1,0.6540056812,0.0361177508
2018-10-30,3,catboost,1,0.6681356821,0.02744895396
2018-10-30,3,logistic_regression,1,0.6113726465,0.02744895396
2018-10-30,3,majority_baseline,1,0.6004819277,0.02744895396
2018-10-30,3,random_forest,1,0.5717309909,0.02744895396
2018-10-31,3,catboost,1,0.7342570183,0.03835496697
2018-10-31,3,logistic_regression,1,0.5498315037,0.03835496697
2018-10-31,3,majority_baseline,1,0.6004819277,0.03835496697
2018-10-31,3,random_forest,1,0.5560957713,0.03835496697
2018-11-01,3,catboost,1,0.6366771034,0.02555661566
2018-11-01,3,logistic_regression,1,0.5794313205,0.02555661566
2018-11-01,3,majority_baseline,1,0.6004819277,0.02555661566
2018-11-01,3,random_forest,1,0.5453613735,0.02555661566
2018-11-02,3,catboost,1,0.6050458687,0.02158959463
2018-11-02,3,logistic_regression,1,0.6273249839,0.02158959463
2018-11-02,3,majority_baseline,1,0.6004819277,0.02158959463
2018-11-02,3,random_forest,1,0.4913503879,0.02158959463
2018-11-05,3,catboost,0,0.5284903098,-0.002999404719
2018-11-05,3,logistic_regression,0,0.5658655912,-0.002999404719
2018-11-05,3,majority_baseline,0,0.6004819277,-0.002999404719
2018-11-05,3,random_forest,0,0.441799199,-0.002999404719
2018-11-06,3,catboost,0,0.484242645,-0.01112241042
2018-11-06,3,logistic_regression,0,0.5688009349,-0.01112241042
2018-11-06,3,majority_baseline,0,0.6004819277,-0.01112241042
2018-11-06,3,random_forest,0,0.4242531407,-0.01112241042
2018-11-07,3,catboost,0,0.4690046024,-0.03846837203
2018-11-07,3,logistic_regression,0,0.6815744146,-0.03846837203
2018-11-07,3,majority_baseline,0,0.6004819277,-0.03846837203
2018-11-07,3,random_forest,0,0.494351447,-0.03846837203
2018-11-08,3,catboost,0,0.5786468394,-0.02666670588
2018-11-08,3,logistic_regression,0,0.619543714,-0.02666670588
2018-11-08,3,majority_baseline,0,0.6004819277,-0.02666670588
2018-11-08,3,random_forest,0,0.5148534236,-0.02666670588
2018-11-09,3,catboost,0,0.5582463499,-0.01450892374
2018-11-09,3,logistic_regression,0,0.6902661564,-0.01450892374
2018-11-09,3,majority_baseline,0,0.6004819277,-0.01450892374
2018-11-09,3,random_forest,0,0.5372952318,-0.01450892374
2018-11-12,3,catboost,0,0.4217759094,-0.01273067875
2018-11-12,3,logistic_regression,0,0.7385305173,-0.01273067875
2018-11-12,3,majority_baseline,0,0.6004819277,-0.01273067875
2018-11-12,3,random_forest,0,0.5115372069,-0.01273067875
2018-11-13,3,catboost,0,0.6902773546,-0.02918474811
2018-11-13,3,logistic_regression,0,0.6792156513,-0.02918474811
2018-11-13,3,majority_baseline,0,0.6004819277,-0.02918474811
2018-11-13,3,random_forest,0,0.5589196706,-0.02918474811
2018-11-14,3,catboost,0,0.71411479,-0.01917106945
2018-11-14,3,logistic_regression,0,0.6909388039,-0.01917106945
2018-11-14,3,majority_baseline,0,0.6004819277,-0.01917106945
2018-11-14,3,random_forest,0,0.5599035187,-0.01917106945
2018-11-15,3,catboost,0,0.6483422792,-0.03578488533
2018-11-15,3,logistic_regression,0,0.6571678092,-0.03578488533
2018-11-15,3,majority_baseline,0,0.6004819277,-0.03578488533
2018-11-15,3,random_forest,0,0.5596006586,-0.03578488533
2018-11-16,3,catboost,0,0.6542275972,-0.02275969294
2018-11-16,3,logistic_regression,0,0.6131401091,-0.02275969294
2018-11-16,3,majority_baseline,0,0.6004819277,-0.02275969294
2018-11-16,3,random_forest,0,0.5662288377,-0.02275969294
2018-11-19,3,catboost,0,0.5560111381,-0.002601308748
2018-11-19,3,logistic_regression,0,0.654206015,-0.002601308748
2018-11-19,3,majority_baseline,0,0.6004819277,-0.002601308748
2018-11-19,3,random_forest,0,0.5213712685,-0.002601308748
2018-11-20,3,catboost,1,0.7051901516,0.03960317921
2018-11-20,3,logistic_regression,1,0.6361878136,0.03960317921
2018-11-20,3,majority_baseline,1,0.6004819277,0.03960317921
2018-11-20,3,random_forest,1,0.5512289966,0.03960317921
2018-11-21,3,catboost,1,0.6666211154,0.03380885357
2018-11-21,3,logistic_regression,1,0.5893073,0.03380885357
2018-11-21,3,majority_baseline,1,0.6004819277,0.03380885357
2018-11-21,3,random_forest,1,0.5556084265,0.03380885357
2018-11-23,3,catboost,1,0.7058044453,0.0471034906
2018-11-23,3,logistic_regression,1,0.5953133916,0.0471034906
2018-11-23,3,majority_baseline,1,0.6004819277,0.0471034906
2018-11-23,3,random_forest,1,0.5676990056,0.0471034906
2018-11-26,3,catboost,1,0.6543454555,0.04411210393
2018-11-26,3,logistic_regression,1,0.6451033318,0.04411210393
2018-11-26,3,majority_baseline,1,0.6004819277,0.04411210393
2018-11-26,3,random_forest,1,0.5757956128,0.04411210393
2018-11-27,3,catboost,1,0.7076196776,0.00689272035
2018-11-27,3,logistic_regression,1,0.6548912293,0.00689272035
2018-11-27,3,majority_baseline,1,0.6004819277,0.00689272035
2018-11-27,3,random_forest,1,0.5596300773,0.00689272035
2018-11-28,3,catboost,0,0.7461567376,-0.01726269405
2018-11-28,3,logistic_regression,0,0.6604209683,-0.01726269405
2018-11-28,3,majority_baseline,0,0.6004819277,-0.01726269405
2018-11-28,3,random_forest,0,0.5799548815,-0.01726269405
2018-11-29,3,catboost,0,0.8096944861,-0.0379954861
2018-11-29,3,logistic_regression,0,0.6155765035,-0.0379954861
2018-11-29,3,majority_baseline,0,0.6004819277,-0.0379954861
2018-11-29,3,random_forest,0,0.5846554811,-0.0379954861
2018-11-30,3,catboost,0,0.7293079573,-0.04200974735
2018-11-30,3,logistic_regression,0,0.5801696605,-0.04200974735
2018-11-30,3,majority_baseline,0,0.6004819277,-0.04200974735
2018-11-30,3,random_forest,0,0.5509383258,-0.04200974735
2018-12-03,3,catboost,0,0.6772285901,-0.05431429847
2018-12-03,3,logistic_regression,0,0.5548953029,-0.05431429847
2018-12-03,3,majority_baseline,0,0.6004819277,-0.05431429847
2018-12-03,3,random_forest,0,0.5625442796,-0.05431429847
2018-12-04,3,catboost,0,0.7292284018,-0.01772436078
2018-12-04,3,logistic_regression,0,0.69715081,-0.01772436078
2018-12-04,3,majority_baseline,0,0.6004819277,-0.01772436078
2018-12-04,3,random_forest,0,0.5899297906,-0.01772436078
2018-12-06,3,catboost,0,0.6885413336,-0.01656537675
2018-12-06,3,logistic_regression,0,0.6906021787,-0.01656537675
2018-12-06,3,majority_baseline,0,0.6004819277,-0.01656537675
2018-12-06,3,random_forest,0,0.5587935575,-0.01656537675
2018-12-07,3,catboost,0,0.7165972122,-0.01176160418
2018-12-07,3,logistic_regression,0,0.7157635424,-0.01176160418
2018-12-07,3,majority_baseline,0,0.6004819277,-0.01176160418
2018-12-07,3,random_forest,0,0.5576338262,-0.01176160418
2018-12-10,3,catboost,0,0.6676608457,-0.03298370303
2018-12-10,3,logistic_regression,0,0.6989795376,-0.03298370303
2018-12-10,3,majority_baseline,0,0.6004819277,-0.03298370303
2018-12-10,3,random_forest,0,0.5674506336,-0.03298370303
2018-12-11,3,catboost,0,0.6202071115,-0.03426344199
2018-12-11,3,logistic_regression,0,0.6578622841,-0.03426344199
2018-12-11,3,majority_baseline,0,0.6004819277,-0.03426344199
2018-12-11,3,random_forest,0,0.5621108482,-0.03426344199
2018-12-12,3,catboost,0,0.6911960759,-0.05349204194
2018-12-12,3,logistic_regression,0,0.6315975357,-0.05349204194
2018-12-12,3,majority_baseline,0,0.6004819277,-0.05349204194
2018-12-12,3,random_forest,0,0.5692976247,-0.05349204194
2018-12-13,3,catboost,0,0.6932385811,-0.06858347679
2018-12-13,3,logistic_regression,0,0.581406877,-0.06858347679
2018-12-13,3,majority_baseline,0,0.6004819277,-0.06858347679
2018-12-13,3,random_forest,0,0.5670274767,-0.06858347679
2018-12-14,3,catboost,0,0.6089688851,-0.07590127158
2018-12-14,3,logistic_regression,0,0.614029544,-0.07590127158
2018-12-14,3,majority_baseline,0,0.6004819277,-0.07590127158
2018-12-14,3,random_forest,0,0.5187539149,-0.07590127158
2018-12-17,3,catboost,0,0.6211839838,-0.08231517955
2018-12-17,3,logistic_regression,0,0.6446126401,-0.08231517955
2018-12-17,3,majority_baseline,0,0.6004819277,-0.08231517955
2018-12-17,3,random_forest,0,0.5727956526,-0.08231517955
2018-12-18,3,catboost,0,0.6692099224,-0.03489105001
2018-12-18,3,logistic_regression,0,0.5549484575,-0.03489105001
2018-12-18,3,majority_baseline,0,0.6004819277,-0.03489105001
2018-12-18,3,random_forest,0,0.5592054074,-0.03489105001
2018-12-19,3,catboost,0,0.7633228982,-0.01269596143
2018-12-19,3,logistic_regression,0,0.7277206684,-0.01269596143
2018-12-19,3,majority_baseline,0,0.6004819277,-0.01269596143
2018-12-19,3,random_forest,0,0.6546312185,-0.01269596143
2018-12-20,3,catboost,1,0.7296809718,0.002346570394
2018-12-20,3,logistic_regression,1,0.6854882177,0.002346570394
2018-12-20,3,majority_baseline,1,0.6004819277,0.002346570394
2018-12-20,3,random_forest,1,0.6193818869,0.002346570394
2018-12-21,3,catboost,1,0.7404272172,0.03830494981
2018-12-21,3,logistic_regression,1,0.77490602,0.03830494981
2018-12-21,3,majority_baseline,1,0.6004819277,0.03830494981
2018-12-21,3,random_forest,1,0.6516505867,0.03830494981
2018-12-24,3,catboost,1,0.8293735417,0.06759407976
2018-12-24,3,logistic_regression,1,0.7543391486,0.06759407976
2018-12-24,3,majority_baseline,1,0.6004819277,0.06759407976
2018-12-24,3,random_forest,1,0.6574614202,0.06759407976
2018-12-26,3,catboost,0,0.7415441884,-0.008002218127
2018-12-26,3,logistic_regression,0,0.7536946102,-0.008002218127
2018-12-26,3,majority_baseline,0,0.6004819277,-0.008002218127
2018-12-26,3,random_forest,0,0.6327755848,-0.008002218127
2018-12-27,3,catboost,1,0.546902532,0.01741440711
2018-12-27,3,logistic_regression,1,0.6610334386,0.01741440711
2018-12-27,3,majority_baseline,1,0.6004819277,0.01741440711
2018-12-27,3,random_forest,1,0.5934940877,0.01741440711
2018-12-28,3,catboost,1,0.4717414302,0.02676086741
2018-12-28,3,logistic_regression,1,0.5718485133,0.02676086741
2018-12-28,3,majority_baseline,1,0.6004819277,0.02676086741
2018-12-28,3,random_forest,1,0.5464220313,0.02676086741
2018-12-31,3,catboost,1,0.4047728481,0.02740873419
2018-12-31,3,logistic_regression,1,0.5466890554,0.02740873419
2018-12-31,3,majority_baseline,1,0.6004819277,0.02740873419
2018-12-31,3,random_forest,1,0.4899160347,0.02740873419
2019-01-02,3,catboost,1,0.3190307742,0.03113761583
2019-01-02,3,logistic_regression,1,0.6163281242,0.03113761583
2019-01-02,3,majority_baseline,1,0.6004819277,0.03113761583
2019-01-02,3,random_forest,1,0.4322463595,0.03113761583
2019-01-03,3,catboost,1,0.5396541297,0.06007124113
2019-01-03,3,logistic_regression,1,0.6297534623,0.06007124113
2019-01-03,3,majority_baseline,1,0.6004819277,0.06007124113
2019-01-03,3,random_forest,1,0.5474717682,0.06007124113
2019-01-04,3,catboost,1,0.5420145512,0.02611043074
2019-01-04,3,logistic_regression,1,0.6342857602,0.02611043074
2019-01-04,3,majority_baseline,1,0.6004819277,0.02611043074
2019-01-04,3,random_forest,1,0.396996182,0.02611043074
2019-01-07,3,catboost,1,0.2780495986,0.01187195904
2019-01-07,3,logistic_regression,1,0.6235732125,0.01187195904
2019-01-07,3,majority_baseline,1,0.6004819277,0.01187195904
2019-01-07,3,random_forest,1,0.3329061602,0.01187195904
2019-01-08,3,catboost,1,0.239807886,0.01394250595
2019-01-08,3,logistic_regression,1,0.6791395535,0.01394250595
2019-01-08,3,majority_baseline,1,0.6004819277,0.01394250595
2019-01-08,3,random_forest,1,0.3400306358,0.01394250595
2019-01-09,3,catboost,1,0.1918839419,0.01166806135
2019-01-09,3,logistic_regression,1,0.7152298456,0.01166806135
2019-01-09,3,majority_baseline,1,0.6004819277,0.01166806135
2019-01-09,3,random_forest,1,0.3240005942,0.01166806135
2019-01-10,3,catboost,1,0.1926306131,0.01576014572
2019-01-10,3,logistic_regression,1,0.6122384018,0.01576014572
2019-01-10,3,majority_baseline,1,0.6004819277,0.01576014572
2019-01-10,3,random_forest,1,0.3185023213,0.01576014572
2019-01-11,3,catboost,1,0.2209544287,0.02888246267
2019-01-11,3,logistic_regression,1,0.561367534,0.02888246267
2019-01-11,3,majority_baseline,1,0.6004819277,0.02888246267
2019-01-11,3,random_forest,1,0.3437501508,0.02888246267
2019-01-14,3,catboost,1,0.142135271,0.02121208869
2019-01-14,3,logistic_regression,1,0.5746992824,0.02121208869
2019-01-14,3,majority_baseline,1,0.6004819277,0.02121208869
2019-01-14,3,random_forest,1,0.3327282307,0.02121208869
2019-01-15,3,catboost,1,0.2412238793,0.01175339938
2019-01-15,3,logistic_regression,1,0.5746530665,0.01175339938
2019-01-15,3,majority_baseline,1,0.6004819277,0.01175339938
2019-01-15,3,random_forest,1,0.366753987,0.01175339938
2019-01-16,3,catboost,1,0.2077988014,0.009847408582
2019-01-16,3,logistic_regression,1,0.5525269119,0.009847408582
2019-01-16,3,majority_baseline,1,0.6004819277,0.009847408582
2019-01-16,3,random_forest,1,0.3714378811,0.009847408582
2019-01-17,3,catboost,1,0.3026827509,0.0107240926
2019-01-17,3,logistic_regression,1,0.6532872688,0.0107240926
2019-01-17,3,majority_baseline,1,0.6004819277,0.0107240926
2019-01-17,3,random_forest,1,0.3833706515,0.0107240926
2019-01-18,3,catboost,0,0.3235438821,-0.01013278461
2019-01-18,3,logistic_regression,0,0.5714156377,-0.01013278461
2019-01-18,3,majority_baseline,0,0.6004819277,-0.01013278461
2019-01-18,3,random_forest,0,0.3794543864,-0.01013278461
2019-01-22,3,catboost,1,0.2309654124,0.002092438296
2019-01-22,3,logistic_regression,1,0.5806808115,0.002092438296
2019-01-22,3,majority_baseline,1,0.6004819277,0.002092438296
2019-01-22,3,random_forest,1,0.3937841585,0.002092438296
2019-01-23,3,catboost,1,0.5593738025,0.01583076892
2019-01-23,3,logistic_regression,1,0.6084731555,0.01583076892
2019-01-23,3,majority_baseline,1,0.6004819277,0.01583076892
2019-01-23,3,random_forest,1,0.4641578049,0.01583076892
2019-01-24,3,catboost,1,0.7502252891,0.0242079499
2019-01-24,3,logistic_regression,1,0.6170877725,0.0242079499
2019-01-24,3,majority_baseline,1,0.6004819277,0.0242079499
2019-01-24,3,random_forest,1,0.5443200672,0.0242079499
2019-01-25,3,catboost,1,0.7325886964,0.01610353984
2019-01-25,3,logistic_regression,1,0.6259499464,0.01610353984
2019-01-25,3,majority_baseline,1,0.6004819277,0.01610353984
2019-01-25,3,random_forest,1,0.5732563774,0.01610353984
2019-01-28,3,catboost,1,0.7379865478,0.03108879813
2019-01-28,3,logistic_regression,1,0.5994572109,0.03108879813
2019-01-28,3,majority_baseline,1,0.6004819277,0.03108879813
2019-01-28,3,random_forest,1,0.5691323256,0.03108879813
2019-01-29,3,catboost,1,0.6317039185,0.03678676688
2019-01-29,3,logistic_regression,1,0.6298236619,0.03678676688
2019-01-29,3,majority_baseline,1,0.6004819277,0.03678676688
2019-01-29,3,random_forest,1,0.5675216171,0.03678676688
2019-01-30,3,catboost,1,0.7765913725,0.01928396688
2019-01-30,3,logistic_regression,1,0.621852075,0.01928396688
2019-01-30,3,majority_baseline,1,0.6004819277,0.01928396688
2019-01-30,3,random_forest,1,0.6081652058,0.01928396688
2019-01-31,3,catboost,1,0.8099114989,0.0007780606293
2019-01-31,3,logistic_regression,1,0.5742439407,0.0007780606293
2019-01-31,3,majority_baseline,1,0.6004819277,0.0007780606293
2019-01-31,3,random_forest,1,0.6224884099,0.0007780606293
2019-02-01,3,catboost,1,0.8988726485,0.001518194489
2019-02-01,3,logistic_regression,1,0.5877613456,0.001518194489
2019-02-01,3,majority_baseline,1,0.6004819277,0.001518194489
2019-02-01,3,random_forest,1,0.6528868853,0.001518194489
2019-02-04,3,catboost,0,0.6976041146,-0.004927182093
2019-02-04,3,logistic_regression,0,0.5792219293,-0.004927182093
2019-02-04,3,majority_baseline,0,0.6004819277,-0.004927182093
2019-02-04,3,random_forest,0,0.4817005353,-0.004927182093
2019-02-05,3,catboost,1,0.5279504314,0.003661662313
2019-02-05,3,logistic_regression,1,0.5907107228,0.003661662313
2019-02-05,3,majority_baseline,1,0.6004819277,0.003661662313
2019-02-05,3,random_forest,1,0.4591756268,0.003661662313
2019-02-06,3,catboost,1,0.6828509108,0.008249615314
2019-02-06,3,logistic_regression,1,0.590126408,0.008249615314
2019-02-06,3,majority_baseline,1,0.6004819277,0.008249615314
2019-02-06,3,random_forest,1,0.4861448121,0.008249615314
2019-02-07,3,catboost,1,0.6268845765,0.01569552851
2019-02-07,3,logistic_regression,1,0.6278153138,0.01569552851
2019-02-07,3,majority_baseline,1,0.6004819277,0.01569552851
2019-02-07,3,random_forest,1,0.5182155914,0.01569552851
2019-02-08,3,catboost,1,0.5647930432,0.0255111246
2019-02-08,3,logistic_regression,1,0.5915934261,0.0255111246
2019-02-08,3,majority_baseline,1,0.6004819277,0.0255111246
2019-02-08,3,random_forest,1,0.4691955025,0.0255111246
2019-02-11,3,catboost,1,0.6385603459,0.02671647007
2019-02-11,3,logistic_regression,1,0.6049633131,0.02671647007
2019-02-11,3,majority_baseline,1,0.6004819277,0.02671647007
2019-02-11,3,random_forest,1,0.4830822327,0.02671647007
2019-02-12,3,catboost,1,0.5652706125,0.01572417915
2019-02-12,3,logistic_regression,1,0.6175849927,0.01572417915
2019-02-12,3,majority_baseline,1,0.6004819277,0.01572417915
2019-02-12,3,random_forest,1,0.4555829964,0.01572417915
2019-02-13,3,catboost,1,0.4275510197,0.008836769652
2019-02-13,3,logistic_regression,1,0.5639287644,0.008836769652
2019-02-13,3,majority_baseline,1,0.6004819277,0.008836769652
2019-02-13,3,random_forest,1,0.3993665054,0.008836769652
2019-02-14,3,catboost,1,0.4650041752,0.01734823826
2019-02-14,3,logistic_regression,1,0.5691749793,0.01734823826
2019-02-14,3,majority_baseline,1,0.6004819277,0.01734823826
2019-02-14,3,random_forest,1,0.44217022,0.01734823826
2019-02-15,3,catboost,1,0.2445072623,0.007751357169
2019-02-15,3,logistic_regression,1,0.5081824377,0.007751357169
2019-02-15,3,majority_baseline,1,0.6004819277,0.007751357169
2019-02-15,3,random_forest,1,0.2802073421,0.007751357169
2019-02-19,3,catboost,1,0.546510473,0.00529062864
2019-02-19,3,logistic_regression,1,0.5222009073,0.00529062864
2019-02-19,3,majority_baseline,1,0.6004819277,0.00529062864
2019-02-19,3,random_forest,1,0.3386963709,0.00529062864
2019-02-20,3,catboost,1,0.3432930321,0.002837572248
2019-02-20,3,logistic_regression,1,0.5343517132,0.002837572248
2019-02-20,3,majority_baseline,1,0.6004819277,0.002837572248
2019-02-20,3,random_forest,1,0.3072498348,0.002837572248
2019-02-21,3,catboost,1,0.5715601565,0.004541775067
2019-02-21,3,logistic_regression,1,0.5495166551,0.004541775067
2019-02-21,3,majority_baseline,1,0.6004819277,0.004541775067
2019-02-21,3,random_forest,1,0.4122603291,0.004541775067
2019-02-22,3,catboost,1,0.2606301318,0.004585508107
2019-02-22,3,logistic_regression,1,0.5713695022,0.004585508107
2019-02-22,3,majority_baseline,1,0.6004819277,0.004585508107
2019-02-22,3,random_forest,1,0.3124976604,0.004585508107
2019-02-25,3,catboost,0,0.2692782369,-0.0004292898709
2019-02-25,3,logistic_regression,0,0.5692928503,-0.0004292898709
2019-02-25,3,majority_baseline,0,0.6004819277,-0.0004292898709
2019-02-25,3,random_forest,0,0.3508054311,-0.0004292898709
2019-02-26,3,catboost,0,0.4756637607,-0.001074102435
2019-02-26,3,logistic_regression,0,0.5928980096,-0.001074102435
2019-02-26,3,majority_baseline,0,0.6004819277,-0.001074102435
2019-02-26,3,random_forest,0,0.3998409607,-0.001074102435
2019-02-27,3,catboost,0,0.6287657891,-0.006697799134
2019-02-27,3,logistic_regression,0,0.5922273213,-0.006697799134
2019-02-27,3,majority_baseline,0,0.6004819277,-0.006697799134
2019-02-27,3,random_forest,0,0.4283856676,-0.006697799134
2019-02-28,3,catboost,0,0.7523492424,-0.01316916534
2019-02-28,3,logistic_regression,0,0.5601668734,-0.01316916534
2019-02-28,3,majority_baseline,0,0.6004819277,-0.01316916534
2019-02-28,3,random_forest,0,0.447965247,-0.01316916534
2019-03-01,3,catboost,0,0.4351131252,-0.02125391062
2019-03-01,3,logistic_regression,0,0.5545156233,-0.02125391062
2019-03-01,3,majority_baseline,0,0.6004819277,-0.02125391062
2019-03-01,3,random_forest,0,0.3946230342,-0.02125391062
2019-03-04,3,catboost,0,0.6567392221,-0.003435903797
2019-03-04,3,logistic_regression,0,0.5612445458,-0.003435903797
2019-03-04,3,majority_baseline,0,0.6004819277,-0.003435903797
2019-03-04,3,random_forest,0,0.4236383856,-0.003435903797
2019-03-05,3,catboost,1,0.6589895603,0.00168447143
2019-03-05,3,logistic_regression,1,0.5392581999,0.00168447143
2019-03-05,3,majority_baseline,1,0.6004819277,0.00168447143
2019-03-05,3,random_forest,1,0.5035675812,0.00168447143
2019-03-06,3,catboost,1,0.7778129377,0.01445934408
2019-03-06,3,logistic_regression,1,0.5618236367,0.01445934408
2019-03-06,3,majority_baseline,1,0.6004819277,0.01445934408
2019-03-06,3,random_forest,1,0.5395089496,0.01445934408
2019-03-07,3,catboost,1,0.8313348272,0.02236280019
2019-03-07,3,logistic_regression,1,0.5713799322,0.02236280019
2019-03-07,3,majority_baseline,1,0.6004819277,0.02236280019
2019-03-07,3,random_forest,1,0.6025103866,0.02236280019
2019-03-08,3,catboost,1,0.8446129597,0.02495812254
2019-03-08,3,logistic_regression,1,0.5642754368,0.02495812254
2019-03-08,3,majority_baseline,1,0.6004819277,0.02495812254
2019-03-08,3,random_forest,1,0.60413161,0.02495812254
2019-03-11,3,catboost,1,0.6321724585,0.013970637
2019-03-11,3,logistic_regression,1,0.5836499266,0.013970637
2019-03-11,3,majority_baseline,1,0.6004819277,0.013970637
2019-03-11,3,random_forest,1,0.4987914861,0.013970637
2019-03-12,3,catboost,1,0.7155974577,0.01041183514
2019-03-12,3,logistic_regression,1,0.5475315912,0.01041183514
2019-03-12,3,majority_baseline,1,0.6004819277,0.01041183514
2019-03-12,3,random_forest,1,0.499054475,0.01041183514
2019-03-13,3,catboost,1,0.7398378184,0.000746397607
2019-03-13,3,logistic_regression,1,0.5444177232,0.000746397607
2019-03-13,3,majority_baseline,1,0.6004819277,0.000746397607
2019-03-13,3,random_forest,1,0.5099037277,0.000746397607
2019-03-14,3,catboost,1,0.672441511,0.0126974223
2019-03-14,3,logistic_regression,1,0.5501391014,0.0126974223
2019-03-14,3,majority_baseline,1,0.6004819277,0.0126974223
2019-03-14,3,random_forest,1,0.4729646196,0.0126974223
2019-03-15,3,catboost,0,0.5818043822,-0.007322873761
2019-03-15,3,logistic_regression,0,0.5490314606,-0.007322873761
2019-03-15,3,majority_baseline,0,0.6004819277,-0.007322873761
2019-03-15,3,random_forest,0,0.4641703664,-0.007322873761
2019-03-18,3,catboost,0,0.5470952945,-0.01165295313
2019-03-18,3,logistic_regression,0,0.5574101497,-0.01165295313
2019-03-18,3,majority_baseline,0,0.6004819277,-0.01165295313
2019-03-18,3,random_forest,0,0.4655635381,-0.01165295313
2019-03-19,3,catboost,0,0.5174694015,-0.004532573752
2019-03-19,3,logistic_regression,0,0.5756790816,-0.004532573752
2019-03-19,3,majority_baseline,0,0.6004819277,-0.004532573752
2019-03-19,3,random_forest,0,0.4620721088,-0.004532573752
2019-03-20,3,catboost,0,0.5891806163,-0.006748335934
2019-03-20,3,logistic_regression,0,0.5917156191,-0.006748335934
2019-03-20,3,majority_baseline,0,0.6004819277,-0.006748335934
2019-03-20,3,random_forest,0,0.4817147655,-0.006748335934
2019-03-21,3,catboost,0,0.4019579496,-0.01411870665
2019-03-21,3,logistic_regression,0,0.6318631703,-0.01411870665
2019-03-21,3,majority_baseline,0,0.6004819277,-0.01411870665
2019-03-21,3,random_forest,0,0.4477238221,-0.01411870665
2019-03-22,3,catboost,1,0.4897037301,0.0115667359
2019-03-22,3,logistic_regression,1,0.626831119,0.0115667359
2019-03-22,3,majority_baseline,1,0.6004819277,0.0115667359
2019-03-22,3,random_forest,1,0.4961436956,0.0115667359
2019-03-25,3,catboost,1,0.5938881855,0.02433334967
2019-03-25,3,logistic_regression,1,0.578258959,0.02433334967
2019-03-25,3,majority_baseline,1,0.6004819277,0.02433334967
2019-03-25,3,random_forest,1,0.4766953193,0.02433334967
2019-03-26,3,catboost,1,0.4208762037,0.0172524409
2019-03-26,3,logistic_regression,1,0.5878191884,0.0172524409
2019-03-26,3,majority_baseline,1,0.6004819277,0.0172524409
2019-03-26,3,random_forest,1,0.4317370012,0.0172524409
2019-03-27,3,catboost,1,0.4563797788,0.02420890273
2019-03-27,3,logistic_regression,1,0.608051898,0.02420890273
2019-03-27,3,majority_baseline,1,0.6004819277,0.02420890273
2019-03-27,3,random_forest,1,0.4303314377,0.02420890273
2019-03-28,3,catboost,1,0.4867299506,0.02304870292
2019-03-28,3,logistic_regression,1,0.5914840853,0.02304870292
2019-03-28,3,majority_baseline,1,0.6004819277,0.02304870292
2019-03-28,3,random_forest,1,0.4634115716,0.02304870292
2019-03-29,3,catboost,1,0.5151956233,0.02155903449
2019-03-29,3,logistic_regression,1,0.5614751882,0.02155903449
2019-03-29,3,majority_baseline,1,0.6004819277,0.02155903449
2019-03-29,3,random_forest,1,0.4551380108,0.02155903449
2019-04-01,3,catboost,1,0.6809260648,0.010355883
2019-04-01,3,logistic_regression,1,0.5272409335,0.010355883
2019-04-01,3,majority_baseline,1,0.6004819277,0.010355883
2019-04-01,3,random_forest,1,0.4972606042,0.010355883
2019-04-02,3,catboost,1,0.6722045587,0.004685793595
2019-04-02,3,logistic_regression,1,0.553681214,0.004685793595
2019-04-02,3,majority_baseline,1,0.6004819277,0.004685793595
2019-04-02,3,random_forest,1,0.5162474281,0.004685793595
2019-04-03,3,catboost,1,0.6229526431,0.006528856269
2019-04-03,3,logistic_regression,1,0.5944743919,0.006528856269
2019-04-03,3,majority_baseline,1,0.6004819277,0.006528856269
2019-04-03,3,random_forest,1,0.5271900215,0.006528856269
2019-04-04,3,catboost,1,0.5988893194,0.003586596651
2019-04-04,3,logistic_regression,1,0.5568245831,0.003586596651
2019-04-04,3,majority_baseline,1,0.6004819277,0.003586596651
2019-04-04,3,random_forest,1,0.4859529278,0.003586596651
2019-04-05,3,catboost,1,0.5095498312,0.005509915652
2019-04-05,3,logistic_regression,1,0.6053020031,0.005509915652
2019-04-05,3,majority_baseline,1,0.6004819277,0.005509915652
2019-04-05,3,random_forest,1,0.4876671235,0.005509915652
2019-04-08,3,catboost,1,0.5903860096,0.004085988661
2019-04-08,3,logistic_regression,1,0.6104643802,0.004085988661
2019-04-08,3,majority_baseline,1,0.6004819277,0.004085988661
2019-04-08,3,random_forest,1,0.4929110104,0.004085988661
2019-04-09,3,catboost,1,0.5416682534,0.009919620354
2019-04-09,3,logistic_regression,1,0.5978721005,0.009919620354
2019-04-09,3,majority_baseline,1,0.6004819277,0.009919620354
2019-04-09,3,random_forest,1,0.4882446476,0.009919620354
2019-04-10,3,catboost,1,0.6034181629,0.004023738825
2019-04-10,3,logistic_regression,1,0.5989424718,0.004023738825
2019-04-10,3,majority_baseline,1,0.6004819277,0.004023738825
2019-04-10,3,random_forest,1,0.4971120908,0.004023738825
2019-04-11,3,catboost,1,0.5406842655,0.006280134462
2019-04-11,3,logistic_regression,1,0.6053669502,0.006280134462
2019-04-11,3,majority_baseline,1,0.6004819277,0.006280134462
2019-04-11,3,random_forest,1,0.4759855745,0.006280134462
2019-04-12,3,catboost,1,0.5777465777,0.000379050519
2019-04-12,3,logistic_regression,1,0.5946496598,0.000379050519
2019-04-12,3,majority_baseline,1,0.6004819277,0.000379050519
2019-04-12,3,random_forest,1,0.4763624085,0.000379050519
2019-04-15,3,catboost,1,0.6395357862,0.01003553363
2019-04-15,3,logistic_regression,1,0.5568391825,0.01003553363
2019-04-15,3,majority_baseline,1,0.6004819277,0.01003553363
2019-04-15,3,random_forest,1,0.484171814,0.01003553363
2019-04-16,3,catboost,1,0.6039923431,0.007134020105
2019-04-16,3,logistic_regression,1,0.5719047382,0.007134020105
2019-04-16,3,majority_baseline,1,0.6004819277,0.007134020105
2019-04-16,3,random_forest,1,0.4852630584,0.007134020105
2019-04-17,3,catboost,1,0.5542422045,0.008982468442
2019-04-17,3,logistic_regression,1,0.5896890033,0.008982468442
2019-04-17,3,majority_baseline,1,0.6004819277,0.008982468442
2019-04-17,3,random_forest,1,0.4936638376,0.008982468442
2019-04-18,3,catboost,1,0.5414731353,0.01168890017
2019-04-18,3,logistic_regression,1,0.5567327973,0.01168890017
2019-04-18,3,majority_baseline,1,0.6004819277,0.01168890017
2019-04-18,3,random_forest,1,0.4676776466,0.01168890017
2019-04-22,3,catboost,1,0.5649579808,0.01240226767
2019-04-22,3,logistic_regression,1,0.5923640749,0.01240226767
2019-04-22,3,majority_baseline,1,0.6004819277,0.01240226767
2019-04-22,3,random_forest,1,0.4812105173,0.01240226767
2019-04-23,3,catboost,1,0.4969770383,0.003892324778
2019-04-23,3,logistic_regression,1,0.6131904773,0.003892324778
2019-04-23,3,majority_baseline,1,0.6004819277,0.003892324778
2019-04-23,3,random_forest,1,0.4365416891,0.003892324778
2019-04-24,3,catboost,0,0.6330881327,-0.001437269904
2019-04-24,3,logistic_regression,0,0.5941596088,-0.001437269904
2019-04-24,3,majority_baseline,0,0.6004819277,-0.001437269904
2019-04-24,3,random_forest,0,0.4804717211,-0.001437269904
2019-04-25,3,catboost,0,0.7041988163,-0.002978925308
2019-04-25,3,logistic_regression,0,0.6086720161,-0.002978925308
2019-04-25,3,majority_baseline,0,0.6004819277,-0.002978925308
2019-04-25,3,random_forest,0,0.4983304159,-0.002978925308
2019-04-26,3,catboost,1,0.5436733792,0.002113067353
2019-04-26,3,logistic_regression,1,0.6127864385,0.002113067353
2019-04-26,3,majority_baseline,1,0.6004819277,0.002113067353
2019-04-26,3,random_forest,1,0.4444971727,0.002113067353
2019-04-29,3,catboost,0,0.631092039,-0.003572967018
2019-04-29,3,logistic_regression,0,0.5753516318,-0.003572967018
2019-04-29,3,majority_baseline,0,0.6004819277,-0.003572967018
2019-04-29,3,random_forest,0,0.4717934059,-0.003572967018
2019-04-30,3,catboost,0,0.5786585707,-0.02071286487
2019-04-30,3,logistic_regression,0,0.5644460343,-0.02071286487
2019-04-30,3,majority_baseline,0,0.6004819277,-0.02071286487
2019-04-30,3,random_forest,0,0.4687450065,-0.02071286487
2019-05-01,3,catboost,0,0.7245667898,-0.0146670739
2019-05-01,3,logistic_regression,0,0.5865144573,-0.0146670739
2019-05-01,3,majority_baseline,0,0.6004819277,-0.0146670739
2019-05-01,3,random_forest,0,0.4981686719,-0.0146670739
2019-05-02,3,catboost,0,0.7008773409,-0.01552300678
2019-05-02,3,logistic_regression,0,0.6110517958,-0.01552300678
2019-05-02,3,majority_baseline,0,0.6004819277,-0.01552300678
2019-05-02,3,random_forest,0,0.4964795045,-0.01552300678
2019-05-03,3,catboost,0,0.4948317125,-0.02016798532
2019-05-03,3,logistic_regression,0,0.6078383111,-0.02016798532
2019-05-03,3,majority_baseline,0,0.6004819277,-0.02016798532
2019-05-03,3,random_forest,0,0.439816276,-0.02016798532
2019-05-06,3,catboost,0,0.6129226247,-0.0408442784
2019-05-06,3,logistic_regression,0,0.6024650955,-0.0408442784
2019-05-06,3,majority_baseline,0,0.6004819277,-0.0408442784
2019-05-06,3,random_forest,0,0.4913300155,-0.0408442784
2019-05-07,3,catboost,0,0.6705992181,-0.01573298689
2019-05-07,3,logistic_regression,0,0.583588544,-0.01573298689
2019-05-07,3,majority_baseline,0,0.6004819277,-0.01573298689
2019-05-07,3,random_forest,0,0.5444973439,-0.01573298689
2019-05-08,3,catboost,0,0.7836872187,-0.008590412167
2019-05-08,3,logistic_regression,0,0.5756978667,-0.008590412167
2019-05-08,3,majority_baseline,0,0.6004819277,-0.008590412167
2019-05-08,3,random_forest,0,0.5578001445,-0.008590412167
2019-05-09,3,catboost,1,0.7139128316,0.003628020954
2019-05-09,3,logistic_regression,1,0.6128388122,0.003628020954
2019-05-09,3,majority_baseline,1,0.6004819277,0.003628020954
2019-05-09,3,random_forest,1,0.5548008791,0.003628020954
2019-05-10,3,catboost,0,0.5814511384,-0.007844532288
2019-05-10,3,logistic_regression,0,0.6335763808,-0.007844532288
2019-05-10,3,majority_baseline,0,0.6004819277,-0.007844532288
2019-05-10,3,random_forest,0,0.5038964687,-0.007844532288
2019-05-13,3,catboost,1,0.6069158757,0.01100201866
2019-05-13,3,logistic_regression,1,0.5912988719,0.01100201866
2019-05-13,3,majority_baseline,1,0.6004819277,0.01100201866
2019-05-13,3,random_forest,1,0.5180238042,0.01100201866
2019-05-14,3,catboost,1,0.6162135281,0.01097394484
2019-05-14,3,logistic_regression,1,0.5804871626,0.01097394484
2019-05-14,3,majority_baseline,1,0.6004819277,0.01097394484
2019-05-14,3,random_forest,1,0.5120150313,0.01097394484
2019-05-15,3,catboost,1,0.4943348415,0.001999604661
2019-05-15,3,logistic_regression,1,0.618162243,0.001999604661
2019-05-15,3,majority_baseline,1,0.6004819277,0.001999604661
2019-05-15,3,random_forest,1,0.5004443647,0.001999604661
2019-05-16,3,catboost,0,0.4957963788,-0.01932567732
2019-05-16,3,logistic_regression,0,0.5962479417,-0.01932567732
2019-05-16,3,majority_baseline,0,0.6004819277,-0.01932567732
2019-05-16,3,random_forest,0,0.4927186387,-0.01932567732
2019-05-17,3,catboost,0,0.5816127611,-0.01070528106
2019-05-17,3,logistic_regression,0,0.5775129486,-0.01070528106
2019-05-17,3,majority_baseline,0,0.6004819277,-0.01070528106
2019-05-17,3,random_forest,0,0.5103709762,-0.01070528106
2019-05-20,3,catboost,0,0.62067191,-0.01338270166
2019-05-20,3,logistic_regression,0,0.580851965,-0.01338270166
2019-05-20,3,majority_baseline,0,0.6004819277,-0.01338270166
2019-05-20,3,random_forest,0,0.5123179778,-0.01338270166
2019-05-21,3,catboost,0,0.6300334021,-0.02875997528
2019-05-21,3,logistic_regression,0,0.5900098604,-0.02875997528
2019-05-21,3,majority_baseline,0,0.6004819277,-0.02875997528
2019-05-21,3,random_forest,0,0.5140922038,-0.02875997528
2019-05-22,3,catboost,0,0.6425016898,-0.02310683747
2019-05-22,3,logistic_regression,0,0.6099317565,-0.02310683747
2019-05-22,3,majority_baseline,0,0.6004819277,-0.02310683747
2019-05-22,3,random_forest,0,0.5260797601,-0.02310683747
2019-05-23,3,catboost,0,0.6954490952,-0.02434970314
2019-05-23,3,logistic_regression,0,0.6453622057,-0.02434970314
2019-05-23,3,majority_baseline,0,0.6004819277,-0.02434970314
2019-05-23,3,random_forest,0,0.5634440898,-0.02434970314
2019-05-24,3,catboost,0,0.7118584568,-0.02903314073
2019-05-24,3,logistic_regression,0,0.5939309905,-0.02903314073
2019-05-24,3,majority_baseline,0,0.6004819277,-0.02903314073
2019-05-24,3,random_forest,0,0.5499601858,-0.02903314073
2019-05-28,3,catboost,1,0.6703658932,0.001356433726
2019-05-28,3,logistic_regression,1,0.6937555879,0.001356433726
2019-05-28,3,majority_baseline,1,0.6004819277,0.001356433726
2019-05-28,3,random_forest,1,0.5542820503,0.001356433726
2019-05-29,3,catboost,1,0.6120933236,0.01685414412
2019-05-29,3,logistic_regression,1,0.6419998774,0.01685414412
2019-05-29,3,majority_baseline,1,0.6004819277,0.01685414412
2019-05-29,3,random_forest,1,0.5424979793,0.01685414412
2019-05-30,3,catboost,1,0.6324182975,0.02067874073
2019-05-30,3,logistic_regression,1,0.6150543221,0.02067874073
2019-05-30,3,majority_baseline,1,0.6004819277,0.02067874073
2019-05-30,3,random_forest,1,0.553150037,0.02067874073
2019-05-31,3,catboost,1,0.650314292,0.0449740451
2019-05-31,3,logistic_regression,1,0.6092937313,0.0449740451
2019-05-31,3,majority_baseline,1,0.6004819277,0.0449740451
2019-05-31,3,random_forest,1,0.5352912663,0.0449740451
2019-06-03,3,catboost,1,0.6526827664,0.05244561867
2019-06-03,3,logistic_regression,1,0.6230532735,0.05244561867
2019-06-03,3,majority_baseline,1,0.6004819277,0.05244561867
2019-06-03,3,random_forest,1,0.5513634845,0.05244561867
2019-06-04,3,catboost,1,0.7720471023,0.0298363638
2019-06-04,3,logistic_regression,1,0.6038814525,0.0298363638
2019-06-04,3,majority_baseline,1,0.6004819277,0.0298363638
2019-06-04,3,random_forest,1,0.5948121347,0.0298363638
2019-06-05,3,catboost,1,0.719879037,0.01919007373
2019-06-05,3,logistic_regression,1,0.5679677179,0.01919007373
2019-06-05,3,majority_baseline,1,0.6004819277,0.01919007373
2019-06-05,3,random_forest,1,0.5770153834,0.01919007373
2019-06-06,3,catboost,1,0.6901241387,0.01678370437
2019-06-06,3,logistic_regression,1,0.574131661,0.01678370437
2019-06-06,3,majority_baseline,1,0.6004819277,0.01678370437
2019-06-06,3,random_forest,1,0.5660707557,0.01678370437
2019-06-07,3,catboost,1,0.7116890874,0.005597135179
2019-06-07,3,logistic_regression,1,0.5874267992,0.005597135179
2019-06-07,3,majority_baseline,1,0.6004819277,0.005597135179
2019-06-07,3,random_forest,1,0.5704917337,0.005597135179
2019-06-10,3,catboost,1,0.6525695633,0.001384205621
2019-06-10,3,logistic_regression,1,0.5562614096,0.001384205621
2019-06-10,3,majority_baseline,1,0.6004819277,0.001384205621
2019-06-10,3,random_forest,1,0.5634083255,0.001384205621
2019-06-11,3,catboost,1,0.686570032,0.01211491891
2019-06-11,3,logistic_regression,1,0.64450482,0.01211491891
2019-06-11,3,majority_baseline,1,0.6004819277,0.01211491891
2019-06-11,3,random_forest,1,0.5837789826,0.01211491891
2019-06-12,3,catboost,1,0.5895117752,0.01619328952
2019-06-12,3,logistic_regression,1,0.6377153109,0.01619328952
2019-06-12,3,majority_baseline,1,0.6004819277,0.01619328952
2019-06-12,3,random_forest,1,0.5775423821,0.01619328952
2019-06-13,3,catboost,1,0.6674317462,0.02168657742
2019-06-13,3,logistic_regression,1,0.6288858052,0.02168657742
2019-06-13,3,majority_baseline,1,0.6004819277,0.02168657742
2019-06-13,3,random_forest,1,0.5933559567,0.02168657742
2019-06-14,3,catboost,1,0.6814230606,0.01638660734
2019-06-14,3,logistic_regression,1,0.6560724899,0.01638660734
2019-06-14,3,majority_baseline,1,0.6004819277,0.01638660734
2019-06-14,3,random_forest,1,0.5838240438,0.01638660734
2019-06-17,3,catboost,1,0.6912010885,0.01475626213
2019-06-17,3,logistic_regression,1,0.6615970667,0.01475626213
2019-06-17,3,majority_baseline,1,0.6004819277,0.01475626213
2019-06-17,3,random_forest,1,0.5733029788,0.01475626213
2019-06-18,3,catboost,0,0.6919962471,-0.005608700869
2019-06-18,3,logistic_regression,0,0.6370018146,-0.005608700869
2019-06-18,3,majority_baseline,0,0.6004819277,-0.005608700869
2019-06-18,3,random_forest,0,0.5718420836,-0.005608700869
2019-06-19,3,catboost,0,0.7263447204,-0.008837768447
2019-06-19,3,logistic_regression,0,0.5678960981,-0.008837768447
2019-06-19,3,majority_baseline,0,0.6004819277,-0.008837768447
2019-06-19,3,random_forest,0,0.5879476345,-0.008837768447
2019-06-20,3,catboost,0,0.6924174109,-0.01473665117
2019-06-20,3,logistic_regression,0,0.5516668193,-0.01473665117
2019-06-20,3,majority_baseline,0,0.6004819277,-0.01473665117
2019-06-20,3,random_forest,0,0.6039827292,-0.01473665117
2019-06-21,3,catboost,0,0.6731292441,-0.003401360544
2019-06-21,3,logistic_regression,0,0.5367441543,-0.003401360544
2019-06-21,3,majority_baseline,0,0.6004819277,-0.003401360544
2019-06-21,3,random_forest,0,0.5668530614,-0.003401360544
2019-06-24,3,catboost,1,0.6531168478,0.006879134313
2019-06-24,3,logistic_regression,1,0.5527041099,0.006879134313
2019-06-24,3,majority_baseline,1,0.6004819277,0.006879134313
2019-06-24,3,random_forest,1,0.544118789,0.006879134313
2019-06-25,3,catboost,1,0.6349709352,0.0195005596
2019-06-25,3,logistic_regression,1,0.6215150219,0.0195005596
2019-06-25,3,majority_baseline,1,0.6004819277,0.0195005596
2019-06-25,3,random_forest,1,0.5487865099,0.0195005596
2019-06-26,3,catboost,1,0.4728466249,0.02867761409
2019-06-26,3,logistic_regression,1,0.6096288026,0.02867761409
2019-06-26,3,majority_baseline,1,0.6004819277,0.02867761409
2019-06-26,3,random_forest,1,0.4756513383,0.02867761409
2019-06-27,3,catboost,1,0.4915873505,0.0238764717
2019-06-27,3,logistic_regression,1,0.6031064132,0.0238764717
2019-06-27,3,majority_baseline,1,0.6004819277,0.0238764717
2019-06-27,3,random_forest,1,0.4833050959,0.0238764717
2019-06-28,3,catboost,1,0.5360703103,0.01303756758
2019-06-28,3,logistic_regression,1,0.6335543094,0.01303756758
2019-06-28,3,majority_baseline,1,0.6004819277,0.01303756758
2019-06-28,3,random_forest,1,0.4779357286,0.01303756758
2019-07-01,3,catboost,1,0.6170263978,0.005174858557
2019-07-01,3,logistic_regression,1,0.623427626,0.005174858557
2019-07-01,3,majority_baseline,1,0.6004819277,0.005174858557
2019-07-01,3,random_forest,1,0.4686404364,0.005174858557
2019-07-02,3,catboost,1,0.3642630134,0.00735415698
2019-07-02,3,logistic_regression,1,0.5808611428,0.00735415698
2019-07-02,3,majority_baseline,1,0.6004819277,0.00735415698
2019-07-02,3,random_forest,1,0.4410175461,0.00735415698
2019-07-03,3,catboost,1,0.4511915829,0.001706860177
2019-07-03,3,logistic_regression,1,0.5815000361,0.001706860177
2019-07-03,3,majority_baseline,1,0.6004819277,0.001706860177
2019-07-03,3,random_forest,1,0.427788894,0.001706860177
2019-07-05,3,catboost,1,0.4611445443,0.007337674939
2019-07-05,3,logistic_regression,1,0.5877547553,0.007337674939
2019-07-05,3,majority_baseline,1,0.6004819277,0.007337674939
2019-07-05,3,random_forest,1,0.4543618389,0.007337674939
2019-07-08,3,catboost,1,0.6443723235,0.01324032277
2019-07-08,3,logistic_regression,1,0.58996469,0.01324032277
2019-07-08,3,majority_baseline,1,0.6004819277,0.01324032277
2019-07-08,3,random_forest,1,0.4973730868,0.01324032277
2019-07-09,3,catboost,1,0.6168365995,0.008714951308
2019-07-09,3,logistic_regression,1,0.597229471,0.008714951308
2019-07-09,3,majority_baseline,1,0.6004819277,0.008714951308
2019-07-09,3,random_forest,1,0.4858586531,0.008714951308
2019-07-10,3,catboost,0,0.530521091,-0.002913483281
2019-07-10,3,logistic_regression,0,0.6178210303,-0.002913483281
2019-07-10,3,majority_baseline,0,0.6004819277,-0.002913483281
2019-07-10,3,random_forest,0,0.4672752956,-0.002913483281
2019-07-11,3,catboost,0,0.5164214787,-0.001603725248
2019-07-11,3,logistic_regression,0,0.6055931384,-0.001603725248
2019-07-11,3,majority_baseline,0,0.6004819277,-0.001603725248
2019-07-11,3,random_forest,0,0.4630027478,-0.001603725248
2019-07-12,3,catboost,0,0.4985783532,-0.01157485638
2019-07-12,3,logistic_regression,0,0.5986889675,-0.01157485638
2019-07-12,3,majority_baseline,0,0.6004819277,-0.01157485638
2019-07-12,3,random_forest,0,0.4692583006,-0.01157485638
2019-07-15,3,catboost,0,0.4443552088,-0.00947632951
2019-07-15,3,logistic_regression,0,0.5950512146,-0.00947632951
2019-07-15,3,majority_baseline,0,0.6004819277,-0.00947632951
2019-07-15,3,random_forest,0,0.4438305843,-0.00947632951
2019-07-16,3,catboost,1,0.6399790204,0.0008339448963
2019-07-16,3,logistic_regression,1,0.5976916135,0.0008339448963
2019-07-16,3,majority_baseline,1,0.6004819277,0.0008339448963
2019-07-16,3,random_forest,1,0.4940400064,0.0008339448963
2019-07-17,3,catboost,1,0.5548856636,0.01242699107
2019-07-17,3,logistic_regression,1,0.6043065225,0.01242699107
2019-07-17,3,majority_baseline,1,0.6004819277,0.01242699107
2019-07-17,3,random_forest,1,0.4681772521,0.01242699107
2019-07-18,3,catboost,1,0.5417538723,0.003915314568
2019-07-18,3,logistic_regression,1,0.5896989751,0.003915314568
2019-07-18,3,majority_baseline,1,0.6004819277,0.003915314568
2019-07-18,3,random_forest,1,0.4602442998,0.003915314568
2019-07-19,3,catboost,1,0.6229441489,0.01628696094
2019-07-19,3,logistic_regression,1,0.5818974598,0.01628696094
2019-07-19,3,majority_baseline,1,0.6004819277,0.01628696094
2019-07-19,3,random_forest,1,0.4993101536,0.01628696094
2019-07-22,3,catboost,1,0.5480223751,0.01195031109
2019-07-22,3,logistic_regression,1,0.5788756768,0.01195031109
2019-07-22,3,majority_baseline,1,0.6004819277,0.01195031109
2019-07-22,3,random_forest,1,0.4731778686,0.01195031109
2019-07-23,3,catboost,1,0.491187304,0.002299778031
2019-07-23,3,logistic_regression,1,0.5830017775,0.002299778031
2019-07-23,3,majority_baseline,1,0.6004819277,0.002299778031
2019-07-23,3,random_forest,1,0.4493103281,0.002299778031
2019-07-24,3,catboost,0,0.5275649982,-0.01330284524
2019-07-24,3,logistic_regression,0,0.5865119523,-0.01330284524
2019-07-24,3,majority_baseline,0,0.6004819277,-0.01330284524
2019-07-24,3,random_forest,0,0.4569665312,-0.01330284524
2019-07-25,3,catboost,0,0.5050404409,-0.01720001233
2019-07-25,3,logistic_regression,0,0.5771230864,-0.01720001233
2019-07-25,3,majority_baseline,0,0.6004819277,-0.01720001233
2019-07-25,3,random_forest,0,0.4583612781,-0.01720001233
2019-07-26,3,catboost,0,0.5266653532,-0.03109173337
2019-07-26,3,logistic_regression,0,0.5615066019,-0.03109173337
2019-07-26,3,majority_baseline,0,0.6004819277,-0.03109173337
2019-07-26,3,random_forest,0,0.4601109787,-0.03109173337
2019-07-29,3,catboost,0,0.4895657933,-0.05851517514
2019-07-29,3,logistic_regression,0,0.5704889675,-0.05851517514
2019-07-29,3,majority_baseline,0,0.6004819277,-0.05851517514
2019-07-29,3,random_forest,0,0.4377600769,-0.05851517514
2019-07-30,3,catboost,0,0.5649596589,-0.04296359853
2019-07-30,3,logistic_regression,0,0.5857297183,-0.04296359853
2019-07-30,3,majority_baseline,0,0.6004819277,-0.04296359853
2019-07-30,3,random_forest,0,0.4795501574,-0.04296359853
2019-07-31,3,catboost,0,0.7089837417,-0.03180577525
2019-07-31,3,logistic_regression,0,0.641126361,-0.03180577525
2019-07-31,3,majority_baseline,0,0.6004819277,-0.03180577525
2019-07-31,3,random_forest,0,0.5665851141,-0.03180577525
2019-08-01,3,catboost,0,0.7106262112,-0.004137841593
2019-08-01,3,logistic_regression,0,0.6240151719,-0.004137841593
2019-08-01,3,majority_baseline,0,0.6004819277,-0.004137841593
2019-08-01,3,random_forest,0,0.5697714155,-0.004137841593
2019-08-02,3,catboost,0,0.7862647616,-0.003417401465
2019-08-02,3,logistic_regression,0,0.5961331381,-0.003417401465
2019-08-02,3,majority_baseline,0,0.6004819277,-0.003417401465
2019-08-02,3,random_forest,0,0.5598721029,-0.003417401465
2019-08-05,3,catboost,1,0.7419102177,0.01497427909
2019-08-05,3,logistic_regression,1,0.6697783135,0.01497427909
2019-08-05,3,majority_baseline,1,0.6004819277,0.01497427909
2019-08-05,3,random_forest,1,0.600602744,0.01497427909
2019-08-06,3,catboost,1,0.6925894947,0.01650451773
2019-08-06,3,logistic_regression,1,0.5845022462,0.01650451773
2019-08-06,3,majority_baseline,1,0.6004819277,0.01650451773
2019-08-06,3,random_forest,1,0.5654181763,0.01650451773
2019-08-07,3,catboost,0,0.6291888859,-0.01413344197
2019-08-07,3,logistic_regression,0,0.6237265009,-0.01413344197
2019-08-07,3,majority_baseline,0,0.6004819277,-0.01413344197
2019-08-07,3,random_forest,0,0.5356139258,-0.01413344197
2019-08-08,3,catboost,0,0.6623494497,-0.03054969467
2019-08-08,3,logistic_regression,0,0.5649461159,-0.03054969467
2019-08-08,3,majority_baseline,0,0.6004819277,-0.03054969467
2019-08-08,3,random_forest,0,0.5321810268,-0.03054969467
2019-08-09,3,catboost,0,0.5977929735,-0.009498625082
2019-08-09,3,logistic_regression,0,0.5518761142,-0.009498625082
2019-08-09,3,majority_baseline,0,0.6004819277,-0.009498625082
2019-08-09,3,random_forest,0,0.5364869238,-0.009498625082
2019-08-12,3,catboost,1,0.6728974112,0.01478800011
2019-08-12,3,logistic_regression,1,0.5788482565,0.01478800011
2019-08-12,3,majority_baseline,1,0.6004819277,0.01478800011
2019-08-12,3,random_forest,1,0.5348492232,0.01478800011
2019-08-13,3,catboost,0,0.7129033504,-0.008408790301
2019-08-13,3,logistic_regression,0,0.6090292446,-0.008408790301
2019-08-13,3,majority_baseline,0,0.6004819277,-0.008408790301
2019-08-13,3,random_forest,0,0.556391405,-0.008408790301
2019-08-14,3,catboost,1,0.563495113,0.03011630322
2019-08-14,3,logistic_regression,1,0.6181641457,0.03011630322
2019-08-14,3,majority_baseline,1,0.6004819277,0.03011630322
2019-08-14,3,random_forest,1,0.5381432551,0.03011630322
2019-08-15,3,catboost,1,0.6618455133,0.02708586568
2019-08-15,3,logistic_regression,1,0.5930875219,0.02708586568
2019-08-15,3,majority_baseline,1,0.6004819277,0.02708586568
2019-08-15,3,random_forest,1,0.5455660438,0.02708586568
2019-08-16,3,catboost,0,0.7112973967,-0.01384801771
2019-08-16,3,logistic_regression,0,0.6171602349,-0.01384801771
2019-08-16,3,majority_baseline,0,0.6004819277,-0.01384801771
2019-08-16,3,random_forest,0,0.5827409134,-0.01384801771
2019-08-19,3,catboost,0,0.8589151803,-0.01481198234
2019-08-19,3,logistic_regression,0,0.6222901236,-0.01481198234
2019-08-19,3,majority_baseline,0,0.6004819277,-0.01481198234
2019-08-19,3,random_forest,0,0.5862095776,-0.01481198234
2019-08-20,3,catboost,0,0.6927409251,-0.01110000773
2019-08-20,3,logistic_regression,0,0.6208232814,-0.01110000773
2019-08-20,3,majority_baseline,0,0.6004819277,-0.01110000773
2019-08-20,3,random_forest,0,0.5625483014,-0.01110000773
2019-08-21,3,catboost,0,0.678165958,-0.01217301231
2019-08-21,3,logistic_regression,0,0.5769955005,-0.01217301231
2019-08-21,3,majority_baseline,0,0.6004819277,-0.01217301231
2019-08-21,3,random_forest,0,0.5628254907,-0.01217301231
2019-08-22,3,catboost,1,0.6316863183,0.0007525010637
2019-08-22,3,logistic_regression,1,0.5736147383,0.0007525010637
2019-08-22,3,majority_baseline,1,0.6004819277,0.0007525010637
2019-08-22,3,random_forest,1,0.572505182,0.0007525010637
2019-08-23,3,catboost,1,0.7359853303,0.02668072999
2019-08-23,3,logistic_regression,1,0.7156116822,0.02668072999
2019-08-23,3,majority_baseline,1,0.6004819277,0.02668072999
2019-08-23,3,random_forest,1,0.5927195139,0.02668072999
2019-08-26,3,catboost,1,0.7386095959,0.009513854861
2019-08-26,3,logistic_regression,1,0.5709610932,0.009513854861
2019-08-26,3,majority_baseline,1,0.6004819277,0.009513854861
2019-08-26,3,random_forest,1,0.5721468833,0.009513854861
2019-08-27,3,catboost,1,0.7298894969,0.02499394681
2019-08-27,3,logistic_regression,1,0.5789118885,0.02499394681
2019-08-27,3,majority_baseline,1,0.6004819277,0.02499394681
2019-08-27,3,random_forest,1,0.5540591144,0.02499394681
2019-08-28,3,catboost,1,0.6715048996,0.03091139274
2019-08-28,3,logistic_regression,1,0.6399105274,0.03091139274
2019-08-28,3,majority_baseline,1,0.6004819277,0.03091139274
2019-08-28,3,random_forest,1,0.5426616656,0.03091139274
2019-08-29,3,catboost,1,0.6134285689,0.01869574629
2019-08-29,3,logistic_regression,1,0.6030217318,0.01869574629
2019-08-29,3,majority_baseline,1,0.6004819277,0.01869574629
2019-08-29,3,random_forest,1,0.5282904947,0.01869574629
2019-08-30,3,catboost,1,0.6733955867,0.01966147977
2019-08-30,3,logistic_regression,1,0.5763077176,0.01966147977
2019-08-30,3,majority_baseline,1,0.6004819277,0.01966147977
2019-08-30,3,random_forest,1,0.5298064621,0.01966147977
2019-09-03,3,catboost,1,0.6883069696,0.02541795057
2019-09-03,3,logistic_regression,1,0.5851444897,0.02541795057
2019-09-03,3,majority_baseline,1,0.6004819277,0.02541795057
2019-09-03,3,random_forest,1,0.5654747282,0.02541795057
2019-09-04,3,catboost,1,0.7933743754,0.02111954605
2019-09-04,3,logistic_regression,1,0.5666002727,0.02111954605
2019-09-04,3,majority_baseline,1,0.6004819277,0.02111954605
2019-09-04,3,random_forest,1,0.5889439917,0.02111954605
2019-09-05,3,catboost,1,0.6587316818,0.01165133676
2019-09-05,3,logistic_regression,1,0.5972681992,0.01165133676
2019-09-05,3,majority_baseline,1,0.6004819277,0.01165133676
2019-09-05,3,random_forest,1,0.5806700249,0.01165133676
2019-09-06,3,catboost,1,0.7460352482,0.01019965987
2019-09-06,3,logistic_regression,1,0.5162112039,0.01019965987
2019-09-06,3,majority_baseline,1,0.6004819277,0.01019965987
2019-09-06,3,random_forest,1,0.5910894103,0.01019965987
2019-09-09,3,catboost,1,0.734050543,0.00657274118
2019-09-09,3,logistic_regression,1,0.6120190376,0.00657274118
2019-09-09,3,majority_baseline,1,0.6004819277,0.00657274118
2019-09-09,3,random_forest,1,0.6156746072,0.00657274118
2019-09-10,3,catboost,1,0.7475669412,0.00935836197
2019-09-10,3,logistic_regression,1,0.6039282207,0.00935836197
2019-09-10,3,majority_baseline,1,0.6004819277,0.00935836197
2019-09-10,3,random_forest,1,0.6051737955,0.00935836197
2019-09-11,3,catboost,1,0.7681941051,0.002830994505
2019-09-11,3,logistic_regression,1,0.5992132251,0.002830994505
2019-09-11,3,majority_baseline,1,0.6004819277,0.002830994505
2019-09-11,3,random_forest,1,0.6040465725,0.002830994505
2019-09-12,3,catboost,0,0.7416566359,-0.0006970755554
2019-09-12,3,logistic_regression,0,0.6097605027,-0.0006970755554
2019-09-12,3,majority_baseline,0,0.6004819277,-0.0006970755554
2019-09-12,3,random_forest,0,0.6295687713,-0.0006970755554
2019-09-13,3,catboost,0,0.7217363134,-0.009332749459
2019-09-13,3,logistic_regression,0,0.5795059101,-0.009332749459
2019-09-13,3,majority_baseline,0,0.6004819277,-0.009332749459
2019-09-13,3,random_forest,0,0.5919703793,-0.009332749459
2019-09-16,3,catboost,0,0.6786603088,-0.006496575746
2019-09-16,3,logistic_regression,0,0.5902898281,-0.006496575746
2019-09-16,3,majority_baseline,0,0.6004819277,-0.006496575746
2019-09-16,3,random_forest,0,0.5600237961,-0.006496575746
2019-09-17,3,catboost,0,0.7398335427,-0.016781929
2019-09-17,3,logistic_regression,0,0.5970146632,-0.016781929
2019-09-17,3,majority_baseline,0,0.6004819277,-0.016781929
2019-09-17,3,random_forest,0,0.5923037685,-0.016781929
2019-09-18,3,catboost,0,0.6771909435,-0.01155765835
2019-09-18,3,logistic_regression,0,0.622022948,-0.01155765835
2019-09-18,3,majority_baseline,0,0.6004819277,-0.01155765835
2019-09-18,3,random_forest,0,0.5710169292,-0.01155765835
2019-09-19,3,catboost,0,0.6518899102,-0.01355117172
2019-09-19,3,logistic_regression,0,0.5478196429,-0.01355117172
2019-09-19,3,majority_baseline,0,0.6004819277,-0.01355117172
2019-09-19,3,random_forest,0,0.5593643811,-0.01355117172
2019-09-20,3,catboost,0,0.5484176561,-0.009655373849
2019-09-20,3,logistic_regression,0,0.5759132196,-0.009655373849
2019-09-20,3,majority_baseline,0,0.6004819277,-0.009655373849
2019-09-20,3,random_forest,0,0.5355178287,-0.009655373849
2019-09-23,3,catboost,0,0.604518594,-0.004828820432
2019-09-23,3,logistic_regression,0,0.6178106607,-0.004828820432
2019-09-23,3,majority_baseline,0,0.6004819277,-0.004828820432
2019-09-23,3,random_forest,0,0.4793479397,-0.004828820432
2019-09-24,3,catboost,0,0.7422600792,-0.008889055814
2019-09-24,3,logistic_regression,0,0.6628744638,-0.008889055814
2019-09-24,3,majority_baseline,0,0.6004819277,-0.008889055814
2019-09-24,3,random_forest,0,0.5544074137,-0.008889055814
2019-09-25,3,catboost,0,0.649599831,-0.03212148934
2019-09-25,3,logistic_regression,0,0.6091371824,-0.03212148934
2019-09-25,3,majority_baseline,0,0.6004819277,-0.03212148934
2019-09-25,3,random_forest,0,0.4901501282,-0.03212148934
2019-09-26,3,catboost,0,0.5123350588,-0.02215483704
2019-09-26,3,logistic_regression,0,0.6038536284,-0.02215483704
2019-09-26,3,majority_baseline,0,0.6004819277,-0.02215483704
2019-09-26,3,random_forest,0,0.4524951087,-0.02215483704
2019-09-27,3,catboost,0,0.6642800299,-0.003554461143
2019-09-27,3,logistic_regression,0,0.6250866602,-0.003554461143
2019-09-27,3,majority_baseline,0,0.6004819277,-0.003554461143
2019-09-27,3,random_forest,0,0.5359361463,-0.003554461143
2019-09-30,3,catboost,0,0.6479163729,-0.0124338799
2019-09-30,3,logistic_regression,0,0.5955043245,-0.0124338799
2019-09-30,3,majority_baseline,0,0.6004819277,-0.0124338799
2019-09-30,3,random_forest,0,0.4772865433,-0.0124338799
2019-10-01,3,catboost,0,0.7065317809,-0.0160619
2019-10-01,3,logistic_regression,0,0.6607083357,-0.0160619
2019-10-01,3,majority_baseline,0,0.6004819277,-0.0160619
2019-10-01,3,random_forest,0,0.5667076331,-0.0160619
2019-10-02,3,catboost,1,0.5409327541,0.01114348201
2019-10-02,3,logistic_regression,1,0.6247430548,0.01114348201
2019-10-02,3,majority_baseline,1,0.6004819277,0.01114348201
2019-10-02,3,random_forest,1,0.4774720332,0.01114348201
2019-10-03,3,catboost,1,0.6551761744,0.009709994731
2019-10-03,3,logistic_regression,1,0.6248466868,0.009709994731
2019-10-03,3,majority_baseline,1,0.6004819277,0.009709994731
2019-10-03,3,random_forest,1,0.5161413925,0.009709994731
2019-10-04,3,catboost,1,0.4804584606,0.006556795176
2019-10-04,3,logistic_regression,1,0.6073709645,0.006556795176
2019-10-04,3,majority_baseline,1,0.6004819277,0.006556795176
2019-10-04,3,random_forest,1,0.4576991454,0.006556795176
2019-10-07,3,catboost,1,0.5181756312,0.009792635906
2019-10-07,3,logistic_regression,1,0.6070929073,0.009792635906
2019-10-07,3,majority_baseline,1,0.6004819277,0.009792635906
2019-10-07,3,random_forest,1,0.4692537549,0.009792635906
2019-10-08,3,catboost,1,0.5723587516,0.03587150779
2019-10-08,3,logistic_regression,1,0.638167719,0.03587150779
2019-10-08,3,majority_baseline,1,0.6004819277,0.03587150779
2019-10-08,3,random_forest,1,0.5290846411,0.03587150779
2019-10-09,3,catboost,1,0.6467857506,0.02447902348
2019-10-09,3,logistic_regression,1,0.5787662286,0.02447902348
2019-10-09,3,majority_baseline,1,0.6004819277,0.02447902348
2019-10-09,3,random_forest,1,0.5240393412,0.02447902348
2019-10-10,3,catboost,1,0.5201592459,0.02059749284
2019-10-10,3,logistic_regression,1,0.5969230934,0.02059749284
2019-10-10,3,majority_baseline,1,0.6004819277,0.02059749284
2019-10-10,3,random_forest,1,0.5216812646,0.02059749284
2019-10-11,3,catboost,1,0.5692260898,0.005704071847
2019-10-11,3,logistic_regression,1,0.5764952395,0.005704071847
2019-10-11,3,majority_baseline,1,0.6004819277,0.005704071847
2019-10-11,3,random_forest,1,0.5126540904,0.005704071847
2019-10-14,3,catboost,1,0.4772802392,0.01365087965
2019-10-14,3,logistic_regression,1,0.546773129,0.01365087965
2019-10-14,3,majority_baseline,1,0.6004819277,0.01365087965
2019-10-14,3,random_forest,1,0.482027685,0.01365087965
2019-10-15,3,catboost,1,0.5705142666,0.0004349735609
2019-10-15,3,logistic_regression,1,0.6023069786,0.0004349735609
2019-10-15,3,majority_baseline,1,0.6004819277,0.0004349735609
2019-10-15,3,random_forest,1,0.5135956921,0.0004349735609
2019-10-16,3,catboost,1,0.5977808974,0.004959822487
2019-10-16,3,logistic_regression,1,0.6154092114,0.004959822487
2019-10-16,3,majority_baseline,1,0.6004819277,0.004959822487
2019-10-16,3,random_forest,1,0.5211001586,0.004959822487
2019-10-17,3,catboost,1,0.5583258902,0.003642061963
2019-10-17,3,logistic_regression,1,0.5986549313,0.003642061963
2019-10-17,3,majority_baseline,1,0.6004819277,0.003642061963
2019-10-17,3,random_forest,1,0.5256719994,0.003642061963
2019-10-18,3,catboost,1,0.5053782446,0.01218245087
2019-10-18,3,logistic_regression,1,0.594792352,0.01218245087
2019-10-18,3,majority_baseline,1,0.6004819277,0.01218245087
2019-10-18,3,random_forest,1,0.5089611395,0.01218245087
2019-10-21,3,catboost,1,0.6476920138,0.01103369348
2019-10-21,3,logistic_regression,1,0.5711763214,0.01103369348
2019-10-21,3,majority_baseline,1,0.6004819277,0.01103369348
2019-10-21,3,random_forest,1,0.5323097368,0.01103369348
2019-10-22,3,catboost,1,0.6413848611,0.0140462913
2019-10-22,3,logistic_regression,1,0.6459464912,0.0140462913
2019-10-22,3,majority_baseline,1,0.6004819277,0.0140462913
2019-10-22,3,random_forest,1,0.54049532,0.0140462913
2019-10-23,3,catboost,1,0.6971509506,0.01420571439
2019-10-23,3,logistic_regression,1,0.6008868721,0.01420571439
2019-10-23,3,majority_baseline,1,0.6004819277,0.01420571439
2019-10-23,3,random_forest,1,0.5391113539,0.01420571439
2019-10-24,3,catboost,1,0.6137406182,0.00985448463
2019-10-24,3,logistic_regression,1,0.600432274,0.00985448463
2019-10-24,3,majority_baseline,1,0.6004819277,0.00985448463
2019-10-24,3,random_forest,1,0.5316742746,0.00985448463
2019-10-25,3,catboost,1,0.6627372737,0.01505307828
2019-10-25,3,logistic_regression,1,0.5930624989,0.01505307828
2019-10-25,3,majority_baseline,1,0.6004819277,0.01505307828
2019-10-25,3,random_forest,1,0.5716736078,0.01505307828
2019-10-28,3,catboost,1,0.6471097635,0.01341908165
2019-10-28,3,logistic_regression,1,0.5546480382,0.01341908165
2019-10-28,3,majority_baseline,1,0.6004819277,0.01341908165
2019-10-28,3,random_forest,1,0.5595257379,0.01341908165
2019-10-29,3,catboost,1,0.6917348206,0.0125985535
2019-10-29,3,logistic_regression,1,0.5585008659,0.0125985535
2019-10-29,3,majority_baseline,1,0.6004819277,0.0125985535
2019-10-29,3,random_forest,1,0.572622896,0.0125985535
2019-10-30,3,catboost,1,0.4772506167,0.009732331682
2019-10-30,3,logistic_regression,1,0.6050520173,0.009732331682
2019-10-30,3,majority_baseline,1,0.6004819277,0.009732331682
2019-10-30,3,random_forest,1,0.4694963409,0.009732331682
2019-10-31,3,catboost,1,0.5474891724,0.01598920751
2019-10-31,3,logistic_regression,1,0.5883978815,0.01598920751
2019-10-31,3,majority_baseline,1,0.6004819277,0.01598920751
2019-10-31,3,random_forest,1,0.4665179786,0.01598920751
2019-11-01,3,catboost,1,0.4460268367,0.009146102001
2019-11-01,3,logistic_regression,1,0.554910936,0.009146102001
2019-11-01,3,majority_baseline,1,0.6004819277,0.009146102001
2019-11-01,3,random_forest,1,0.4365950616,0.009146102001
2019-11-04,3,catboost,1,0.3537975668,0.003188375624
2019-11-04,3,logistic_regression,1,0.5470236666,0.003188375624
2019-11-04,3,majority_baseline,1,0.6004819277,0.003188375624
2019-11-04,3,random_forest,1,0.3883173298,0.003188375624
2019-11-05,3,catboost,1,0.4480392562,0.006416315043
2019-11-05,3,logistic_regression,1,0.6057185829,0.006416315043
2019-11-05,3,majority_baseline,1,0.6004819277,0.006416315043
2019-11-05,3,random_forest,1,0.4475814075,0.006416315043
2019-11-06,3,catboost,1,0.5621937662,0.006512536504
2019-11-06,3,logistic_regression,1,0.6128921712,0.006512536504
2019-11-06,3,majority_baseline,1,0.6004819277,0.006512536504
2019-11-06,3,random_forest,1,0.4669750727,0.006512536504
2019-11-07,3,catboost,1,0.5245138168,0.004445438161
2019-11-07,3,logistic_regression,1,0.6102981824,0.004445438161
2019-11-07,3,majority_baseline,1,0.6004819277,0.004445438161
2019-11-07,3,random_forest,1,0.4484061961,0.004445438161
2019-11-08,3,catboost,1,0.582701081,0.009225111924
2019-11-08,3,logistic_regression,1,0.5949693327,0.009225111924
2019-11-08,3,majority_baseline,1,0.6004819277,0.009225111924
2019-11-08,3,random_forest,1,0.4595071026,0.009225111924
2019-11-11,3,catboost,1,0.6401735458,0.01190200366
2019-11-11,3,logistic_regression,1,0.601719452,0.01190200366
2019-11-11,3,majority_baseline,1,0.6004819277,0.01190200366
2019-11-11,3,random_forest,1,0.4777314598,0.01190200366
2019-11-12,3,catboost,1,0.6778592433,0.009482177023
2019-11-12,3,logistic_regression,1,0.6100916502,0.009482177023
2019-11-12,3,majority_baseline,1,0.6004819277,0.009482177023
2019-11-12,3,random_forest,1,0.49009647,0.009482177023
2019-11-13,3,catboost,1,0.6758538428,0.005402726843
2019-11-13,3,logistic_regression,1,0.5924834782,0.005402726843
2019-11-13,3,majority_baseline,1,0.6004819277,0.005402726843
2019-11-13,3,random_forest,1,0.4841299519,0.005402726843
2019-11-14,3,catboost,1,0.7036965767,0.002325961003
2019-11-14,3,logistic_regression,1,0.5938004219,0.002325961003
2019-11-14,3,majority_baseline,1,0.6004819277,0.002325961003
2019-11-14,3,random_forest,1,0.4806802108,0.002325961003
2019-11-15,3,catboost,0,0.6429923114,-0.002662102625
2019-11-15,3,logistic_regression,0,0.5635516474,-0.002662102625
2019-11-15,3,majority_baseline,0,0.6004819277,-0.002662102625
2019-11-15,3,random_forest,0,0.4568729069,-0.002662102625
2019-11-18,3,catboost,1,0.7391014091,0.00432666543
2019-11-18,3,logistic_regression,1,0.5611971303,0.00432666543
2019-11-18,3,majority_baseline,1,0.6004819277,0.00432666543
2019-11-18,3,random_forest,1,0.4947130691,0.00432666543
2019-11-19,3,catboost,1,0.6764538298,0.006892552657
2019-11-19,3,logistic_regression,1,0.5683805428,0.006892552657
2019-11-19,3,majority_baseline,1,0.6004819277,0.006892552657
2019-11-19,3,random_forest,1,0.4825759442,0.006892552657
2019-11-20,3,catboost,1,0.737330933,0.01515597441
2019-11-20,3,logistic_regression,1,0.5741171494,0.01515597441
2019-11-20,3,majority_baseline,1,0.6004819277,0.01515597441
2019-11-20,3,random_forest,1,0.5044279794,0.01515597441
2019-11-21,3,catboost,1,0.7265049487,0.01302094545
2019-11-21,3,logistic_regression,1,0.5801402958,0.01302094545
2019-11-21,3,majority_baseline,1,0.6004819277,0.01302094545
2019-11-21,3,random_forest,1,0.4932471029,0.01302094545
2019-11-22,3,catboost,1,0.5586115133,0.00218685078
2019-11-22,3,logistic_regression,1,0.5939604608,0.00218685078
2019-11-22,3,majority_baseline,1,0.6004819277,0.00218685078
2019-11-22,3,random_forest,1,0.4491733007,0.00218685078
2019-11-25,3,catboost,0,0.6191326601,-0.01219008635
2019-11-25,3,logistic_regression,0,0.5916798573,-0.01219008635
2019-11-25,3,majority_baseline,0,0.6004819277,-0.01219008635
2019-11-25,3,random_forest,0,0.4683890807,-0.01219008635
2019-11-26,3,catboost,0,0.6142270075,-0.008341808494
2019-11-26,3,logistic_regression,0,0.5948421792,-0.008341808494
2019-11-26,3,majority_baseline,0,0.6004819277,-0.008341808494
2019-11-26,3,random_forest,0,0.4748052689,-0.008341808494
2019-11-27,3,catboost,0,0.699926331,-0.01096748409
2019-11-27,3,logistic_regression,0,0.5923468938,-0.01096748409
2019-11-27,3,majority_baseline,0,0.6004819277,-0.01096748409
2019-11-27,3,random_forest,0,0.4805710872,-0.01096748409
2019-11-29,3,catboost,1,0.6845665668,0.001781672566
2019-11-29,3,logistic_regression,1,0.5987108907,0.001781672566
2019-11-29,3,majority_baseline,1,0.6004819277,0.001781672566
2019-11-29,3,random_forest,1,0.4709032846,0.001781672566
2019-12-02,3,catboost,1,0.7243929491,0.00718774931
2019-12-02,3,logistic_regression,1,0.6058565687,0.00718774931
2019-12-02,3,majority_baseline,1,0.6004819277,0.00718774931
2019-12-02,3,random_forest,1,0.5248585587,0.00718774931
2019-12-03,3,catboost,1,0.7334286535,0.01285740965
2019-12-03,3,logistic_regression,1,0.5632172551,0.01285740965
2019-12-03,3,majority_baseline,1,0.6004819277,0.01285740965
2019-12-03,3,random_forest,1,0.5440909935,0.01285740965
2019-12-04,3,catboost,1,0.5253440302,0.009503698648
2019-12-04,3,logistic_regression,1,0.5756375006,0.009503698648
2019-12-04,3,majority_baseline,1,0.6004819277,0.009503698648
2019-12-04,3,random_forest,1,0.4410124556,0.009503698648
2019-12-05,3,catboost,1,0.4191961138,0.01637720685
2019-12-05,3,logistic_regression,1,0.6019828847,0.01637720685
2019-12-05,3,majority_baseline,1,0.6004819277,0.01637720685
2019-12-05,3,random_forest,1,0.4336657194,0.01637720685
2019-12-06,3,catboost,1,0.4989759024,0.007781027847
2019-12-06,3,logistic_regression,1,0.5859107585,0.007781027847
2019-12-06,3,majority_baseline,1,0.6004819277,0.007781027847
2019-12-06,3,random_forest,1,0.4543562507,0.007781027847
2019-12-09,3,catboost,1,0.4981048361,0.01790491593
2019-12-09,3,logistic_regression,1,0.589538606,0.01790491593
2019-12-09,3,majority_baseline,1,0.6004819277,0.01790491593
2019-12-09,3,random_forest,1,0.4412582617,0.01790491593
2019-12-10,3,catboost,1,0.5561243581,0.01926453138
2019-12-10,3,logistic_regression,1,0.5881652359,0.01926453138
2019-12-10,3,majority_baseline,1,0.6004819277,0.01926453138
2019-12-10,3,random_forest,1,0.492126831,0.01926453138
2019-12-11,3,catboost,1,0.3989253444,0.01644291928
2019-12-11,3,logistic_regression,1,0.556098758,0.01644291928
2019-12-11,3,majority_baseline,1,0.6004819277,0.01644291928
2019-12-11,3,random_forest,1,0.4322697452,0.01644291928
2019-12-12,3,catboost,1,0.5585559948,0.01188783446
2019-12-12,3,logistic_regression,1,0.5535396996,0.01188783446
2019-12-12,3,majority_baseline,1,0.6004819277,0.01188783446
2019-12-12,3,random_forest,1,0.4844746049,0.01188783446
2019-12-13,3,catboost,1,0.5370873521,0.01074626126
2019-12-13,3,logistic_regression,1,0.5369805155,0.01074626126
2019-12-13,3,majority_baseline,1,0.6004819277,0.01074626126
2019-12-13,3,random_forest,1,0.4594251719,0.01074626126
2019-12-16,3,catboost,1,0.4791804656,0.005383415336
2019-12-16,3,logistic_regression,1,0.5584576361,0.005383415336
2019-12-16,3,majority_baseline,1,0.6004819277,0.005383415336
2019-12-16,3,random_forest,1,0.4544131645,0.005383415336
2019-12-17,3,catboost,1,0.3362435807,0.005194491542
2019-12-17,3,logistic_regression,1,0.5626552332,0.005194491542
2019-12-17,3,majority_baseline,1,0.6004819277,0.005194491542
2019-12-17,3,random_forest,1,0.4439312623,0.005194491542
2019-12-18,3,catboost,1,0.3862459001,0.0104821995
2019-12-18,3,logistic_regression,1,0.5705373136,0.0104821995
2019-12-18,3,majority_baseline,1,0.6004819277,0.0104821995
2019-12-18,3,random_forest,1,0.4556759957,0.0104821995
2019-12-19,3,catboost,1,0.5252625538,0.006107795379
2019-12-19,3,logistic_regression,1,0.5797076021,0.006107795379
2019-12-19,3,majority_baseline,1,0.6004819277,0.006107795379
2019-12-19,3,random_forest,1,0.480197992,0.006107795379
2019-12-20,3,catboost,1,0.5257032756,0.001091184448
2019-12-20,3,logistic_regression,1,0.5494757673,0.001091184448
2019-12-20,3,majority_baseline,1,0.6004819277,0.001091184448
2019-12-20,3,random_forest,1,0.4941867469,0.001091184448
2019-12-23,3,catboost,1,0.3601454461,0.001992354765
2019-12-23,3,logistic_regression,1,0.5521325139,0.001992354765
2019-12-23,3,majority_baseline,1,0.6004819277,0.001992354765
2019-12-23,3,random_forest,1,0.4371917019,0.001992354765
2019-12-24,3,catboost,1,0.3934878396,0.01133139487
2019-12-24,3,logistic_regression,1,0.5793925472,0.01133139487
2019-12-24,3,majority_baseline,1,0.6004819277,0.01133139487
2019-12-24,3,random_forest,1,0.4456062734,0.01133139487
2019-12-26,3,catboost,0,0.4834790075,-0.001641167697
2019-12-26,3,logistic_regression,0,0.6135906153,-0.001641167697
2019-12-26,3,majority_baseline,0,0.6004819277,-0.001641167697
2019-12-26,3,random_forest,0,0.4702347274,-0.001641167697
2019-12-27,3,catboost,1,0.5701724344,0.002415998375
2019-12-27,3,logistic_regression,1,0.5869331911,0.002415998375
2019-12-27,3,majority_baseline,1,0.6004819277,0.002415998375
2019-12-27,3,random_forest,1,0.4808950273,0.002415998375
2019-12-30,3,catboost,1,0.6314665083,0.0051389824
2019-12-30,3,logistic_regression,1,0.6030600128,0.0051389824
2019-12-30,3,majority_baseline,1,0.6004819277,0.0051389824
2019-12-30,3,random_forest,1,0.500064602,0.0051389824
2019-12-31,3,catboost,1,0.709171868,0.008047060578
2019-12-31,3,logistic_regression,1,0.5864039688,0.008047060578
2019-12-31,3,majority_baseline,1,0.6004819277,0.008047060578
2019-12-31,3,random_forest,1,0.5045519578,0.008047060578
2020-01-02,3,catboost,1,0.5006442213,0.005479111112
2020-01-02,3,logistic_regression,1,0.5865922697,0.005479111112
2020-01-02,3,majority_baseline,1,0.6004819277,0.005479111112
2020-01-02,3,random_forest,1,0.4424913128,0.005479111112
2020-01-03,3,catboost,1,0.5825416512,0.01023537658
2020-01-03,3,logistic_regression,1,0.598142682,0.01023537658
2020-01-03,3,majority_baseline,1,0.6004819277,0.01023537658
2020-01-03,3,random_forest,1,0.4685560874,0.01023537658
2020-01-06,3,catboost,1,0.6440870863,0.01331725808
2020-01-06,3,logistic_regression,1,0.5954200306,0.01331725808
2020-01-06,3,majority_baseline,1,0.6004819277,0.01331725808
2020-01-06,3,random_forest,1,0.490686815,0.01331725808
2020-01-07,3,catboost,1,0.5000349926,0.01462523174
2020-01-07,3,logistic_regression,1,0.5807437049,0.01462523174
2020-01-07,3,majority_baseline,1,0.6004819277,0.01462523174
2020-01-07,3,random_forest,1,0.4484979829,0.01462523174
2020-01-08,3,catboost,1,0.5550983923,0.01152716924
2020-01-08,3,logistic_regression,1,0.6217362939,0.01152716924
2020-01-08,3,majority_baseline,1,0.6004819277,0.01152716924
2020-01-08,3,random_forest,1,0.4769597159,0.01152716924
2020-01-09,3,catboost,1,0.4691912872,0.01307215546
2020-01-09,3,logistic_regression,1,0.5732570072,0.01307215546
2020-01-09,3,majority_baseline,1,0.6004819277,0.01307215546
2020-01-09,3,random_forest,1,0.4545753678,0.01307215546
2020-01-10,3,catboost,1,0.5772273706,0.01915821087
2020-01-10,3,logistic_regression,1,0.5939562292,0.01915821087
2020-01-10,3,majority_baseline,1,0.6004819277,0.01915821087
2020-01-10,3,random_forest,1,0.4654838203,0.01915821087
2020-01-13,3,catboost,1,0.5461903803,0.01021489701
2020-01-13,3,logistic_regression,1,0.5788967472,0.01021489701
2020-01-13,3,majority_baseline,1,0.6004819277,0.01021489701
2020-01-13,3,random_forest,1,0.462840017,0.01021489701
2020-01-14,3,catboost,1,0.6179421781,0.01187962729
2020-01-14,3,logistic_regression,1,0.5989554997,0.01187962729
2020-01-14,3,majority_baseline,1,0.6004819277,0.01187962729
2020-01-14,3,random_forest,1,0.4811402493,0.01187962729
2020-01-15,3,catboost,1,0.5428113989,0.0107559608
2020-01-15,3,logistic_regression,1,0.578196573,0.0107559608
2020-01-15,3,majority_baseline,1,0.6004819277,0.0107559608
2020-01-15,3,random_forest,1,0.4681473777,0.0107559608
2020-01-16,3,catboost,0,0.4755777867,-0.00649711203
2020-01-16,3,logistic_regression,0,0.5460639058,-0.00649711203
2020-01-16,3,majority_baseline,0,0.6004819277,-0.00649711203
2020-01-16,3,random_forest,0,0.4570151262,-0.00649711203
2020-01-17,3,catboost,0,0.4576955742,-0.02545567673
2020-01-17,3,logistic_regression,0,0.573160426,-0.02545567673
2020-01-17,3,majority_baseline,0,0.6004819277,-0.02545567673
2020-01-17,3,random_forest,0,0.4585529833,-0.02545567673
2020-01-21,3,catboost,0,0.4891299697,-0.01331111791
2020-01-21,3,logistic_regression,0,0.5494285606,-0.01331111791
2020-01-21,3,majority_baseline,0,0.6004819277,-0.01331111791
2020-01-21,3,random_forest,0,0.4580686354,-0.01331111791
2020-01-22,3,catboost,0,0.6190380717,-0.01424518999
2020-01-22,3,logistic_regression,0,0.5831895435,-0.01424518999
2020-01-22,3,majority_baseline,0,0.6004819277,-0.01424518999
2020-01-22,3,random_forest,0,0.4934386292,-0.01424518999
2020-01-23,3,catboost,0,0.5076882707,-0.01217897168
2020-01-23,3,logistic_regression,0,0.6010627851,-0.01217897168
2020-01-23,3,majority_baseline,0,0.6004819277,-0.01217897168
2020-01-23,3,random_forest,0,0.4564348625,-0.01217897168
2020-01-24,3,catboost,0,0.7076495667,-0.02141307977
2020-01-24,3,logistic_regression,0,0.6183771367,-0.02141307977
2020-01-24,3,majority_baseline,0,0.6004819277,-0.02141307977
2020-01-24,3,random_forest,0,0.5420091452,-0.02141307977
2020-01-27,3,catboost,1,0.7451229109,0.00191652272
2020-01-27,3,logistic_regression,1,0.5800844811,0.00191652272
2020-01-27,3,majority_baseline,1,0.6004819277,0.00191652272
2020-01-27,3,random_forest,1,0.5517429737,0.00191652272
2020-01-28,3,catboost,1,0.6109108541,0.006638266399
2020-01-28,3,logistic_regression,1,0.594528271,0.006638266399
2020-01-28,3,majority_baseline,1,0.6004819277,0.006638266399
2020-01-28,3,random_forest,1,0.4736058828,0.006638266399
2020-01-29,3,catboost,1,0.5104512988,0.01910474066
2020-01-29,3,logistic_regression,1,0.5955840694,0.01910474066
2020-01-29,3,majority_baseline,1,0.6004819277,0.01910474066
2020-01-29,3,random_forest,1,0.4640261286,0.01910474066
2020-01-30,3,catboost,1,0.5365693826,0.01922613049
2020-01-30,3,logistic_regression,1,0.6117006469,0.01922613049
2020-01-30,3,majority_baseline,1,0.6004819277,0.01922613049
2020-01-30,3,random_forest,1,0.4648716965,0.01922613049
2020-01-31,3,catboost,1,0.5867673672,0.03254281802
2020-01-31,3,logistic_regression,1,0.6030717898,0.03254281802
2020-01-31,3,majority_baseline,1,0.6004819277,0.03254281802
2020-01-31,3,random_forest,1,0.5150673165,0.03254281802
2020-02-03,3,catboost,1,0.7062212684,0.03258051882
2020-02-03,3,logistic_regression,1,0.5538144861,0.03258051882
2020-02-03,3,majority_baseline,1,0.6004819277,0.03258051882
2020-02-03,3,random_forest,1,0.5023161753,0.03258051882
2020-02-04,3,catboost,1,0.5989989825,0.01884158587
2020-02-04,3,logistic_regression,1,0.5430128551,0.01884158587
2020-02-04,3,majority_baseline,1,0.6004819277,0.01884158587
2020-02-04,3,random_forest,1,0.5183136115,0.01884158587
2020-02-05,3,catboost,1,0.7669441971,0.01369953794
2020-02-05,3,logistic_regression,1,0.5380731917,0.01369953794
2020-02-05,3,majority_baseline,1,0.6004819277,0.01369953794
2020-02-05,3,random_forest,1,0.5653221405,0.01369953794
2020-02-06,3,catboost,1,0.7567730567,0.009222068682
2020-02-06,3,logistic_regression,1,0.525579744,0.009222068682
2020-02-06,3,majority_baseline,1,0.6004819277,0.009222068682
2020-02-06,3,random_forest,1,0.5731512062,0.009222068682
2020-02-07,3,catboost,1,0.7312770354,0.01625524895
2020-02-07,3,logistic_regression,1,0.5684304488,0.01625524895
2020-02-07,3,majority_baseline,1,0.6004819277,0.01625524895
2020-02-07,3,random_forest,1,0.5752852884,0.01625524895
2020-02-10,3,catboost,1,0.7904639547,0.006125308787
2020-02-10,3,logistic_regression,1,0.6201530134,0.006125308787
2020-02-10,3,majority_baseline,1,0.6004819277,0.006125308787
2020-02-10,3,random_forest,1,0.5788132489,0.006125308787
2020-02-11,3,catboost,1,0.7840300918,0.009186859184
2020-02-11,3,logistic_regression,1,0.5909383943,0.009186859184
2020-02-11,3,majority_baseline,1,0.6004819277,0.009186859184
2020-02-11,3,random_forest,1,0.5909760549,0.009186859184
2020-02-12,3,catboost,0,0.7868712899,-0.001392926268
2020-02-12,3,logistic_regression,0,0.5695269844,-0.001392926268
2020-02-12,3,majority_baseline,0,0.6004819277,-0.001392926268
2020-02-12,3,random_forest,0,0.5933077461,-0.001392926268
2020-02-13,3,catboost,0,0.7858596984,-0.0106212147
2020-02-13,3,logistic_regression,0,0.5905570552,-0.0106212147
2020-02-13,3,majority_baseline,0,0.6004819277,-0.0106212147
2020-02-13,3,random_forest,0,0.6007832995,-0.0106212147
2020-02-14,3,catboost,0,0.7509493947,-0.04496443254
2020-02-14,3,logistic_regression,0,0.6036383971,-0.04496443254
2020-02-14,3,majority_baseline,0,0.6004819277,-0.04496443254
2020-02-14,3,random_forest,0,0.6087191033,-0.04496443254
2020-02-18,3,catboost,0,0.6933541403,-0.0715113483
2020-02-18,3,logistic_regression,0,0.6010382166,-0.0715113483
2020-02-18,3,majority_baseline,0,0.6004819277,-0.0715113483
2020-02-18,3,random_forest,0,0.58581347,-0.0715113483
2020-02-19,3,catboost,0,0.7034590568,-0.07932847607
2020-02-19,3,logistic_regression,0,0.5615404853,-0.07932847607
2020-02-19,3,majority_baseline,0,0.6004819277,-0.07932847607
2020-02-19,3,random_forest,0,0.5883548105,-0.07932847607
2020-02-20,3,catboost,0,0.6666418403,-0.1170500103
2020-02-20,3,logistic_regression,0,0.588290261,-0.1170500103
2020-02-20,3,majority_baseline,0,0.6004819277,-0.1170500103
2020-02-20,3,random_forest,0,0.5557522061,-0.1170500103
2020-02-21,3,catboost,0,0.6091901022,-0.1116108911
2020-02-21,3,logistic_regression,0,0.5360770744,-0.1116108911
2020-02-21,3,majority_baseline,0,0.6004819277,-0.1116108911
2020-02-21,3,random_forest,0,0.5219912711,-0.1116108911
2020-02-24,3,catboost,0,0.5580679385,-0.04134364043
2020-02-24,3,logistic_regression,0,0.6871209388,-0.04134364043
2020-02-24,3,majority_baseline,0,0.6004819277,-0.04134364043
2020-02-24,3,random_forest,0,0.5517690299,-0.04134364043
2020-02-25,3,catboost,0,0.7703694683,-0.03969295999
2020-02-25,3,logistic_regression,0,0.7150678048,-0.03969295999
2020-02-25,3,majority_baseline,0,0.6004819277,-0.03969295999
2020-02-25,3,random_forest,0,0.6047270774,-0.03969295999
2020-02-26,3,catboost,1,0.5435389515,0.004365924238
2020-02-26,3,logistic_regression,1,0.6351242777,0.004365924238
2020-02-26,3,majority_baseline,1,0.6004819277,0.004365924238
2020-02-26,3,random_forest,1,0.5478949068,0.004365924238
2020-02-27,3,catboost,1,0.8140686059,0.01663803414
2020-02-27,3,logistic_regression,1,0.74651319,0.01663803414
2020-02-27,3,majority_baseline,1,0.6004819277,0.01663803414
2020-02-27,3,random_forest,1,0.6509215599,0.01663803414
2020-02-28,3,catboost,1,0.7255394589,0.004050434282
2020-02-28,3,logistic_regression,1,0.7123346145,0.004050434282
2020-02-28,3,majority_baseline,1,0.6004819277,0.004050434282
2020-02-28,3,random_forest,1,0.632529248,0.004050434282
2020-03-02,3,catboost,0,0.6273223334,-0.1127826384
2020-03-02,3,logistic_regression,0,0.6711284476,-0.1127826384
2020-03-02,3,majority_baseline,0,0.6004819277,-0.1127826384
2020-03-02,3,random_forest,0,0.5790964633,-0.1127826384
2020-03-03,3,catboost,0,0.7504375987,-0.03936842921
2020-03-03,3,logistic_regression,0,0.7267803029,-0.03936842921
2020-03-03,3,majority_baseline,0,0.6004819277,-0.03936842921
2020-03-03,3,random_forest,0,0.631359248,-0.03936842921
2020-03-04,3,catboost,0,0.5327688552,-0.1230582427
2020-03-04,3,logistic_regression,0,0.5359628508,-0.1230582427
2020-03-04,3,majority_baseline,0,0.6004819277,-0.1230582427
2020-03-04,3,random_forest,0,0.5078307962,-0.1230582427
2020-03-05,3,catboost,0,0.6115081686,-0.1796931575
2020-03-05,3,logistic_regression,0,0.5574303457,-0.1796931575
2020-03-05,3,majority_baseline,0,0.6004819277,-0.1796931575
2020-03-05,3,random_forest,0,0.5498279123,-0.1796931575
2020-03-06,3,catboost,0,0.7711225772,-0.09460090434
2020-03-06,3,logistic_regression,0,0.5869546676,-0.09460090434
2020-03-06,3,majority_baseline,0,0.6004819277,-0.09460090434
2020-03-06,3,random_forest,0,0.605575518,-0.09460090434
2020-03-09,3,catboost,0,0.9175367005,-0.1253692285
2020-03-09,3,logistic_regression,0,0.732859751,-0.1253692285
2020-03-09,3,majority_baseline,0,0.6004819277,-0.1253692285
2020-03-09,3,random_forest,0,0.6744658332,-0.1253692285
2020-03-10,3,catboost,0,0.7331023397,-0.1235004807
2020-03-10,3,logistic_regression,0,0.7310948204,-0.1235004807
2020-03-10,3,majority_baseline,0,0.6004819277,-0.1235004807
2020-03-10,3,random_forest,0,0.6217041472,-0.1235004807
2020-03-11,3,catboost,0,0.8486210392,-0.1252368685
2020-03-11,3,logistic_regression,0,0.7208244395,-0.1252368685
2020-03-11,3,majority_baseline,0,0.6004819277,-0.1252368685
2020-03-11,3,random_forest,0,0.6423322418,-0.1252368685
2020-03-12,3,catboost,0,0.9503350395,-0.03063159922
2020-03-12,3,logistic_regression,0,0.895322375,-0.03063159922
2020-03-12,3,majority_baseline,0,0.6004819277,-0.03063159922
2020-03-12,3,random_forest,0,0.6914025351,-0.03063159922
2020-03-13,3,catboost,0,0.7962299367,-0.1504530042
2020-03-13,3,logistic_regression,0,0.8333845925,-0.1504530042
2020-03-13,3,majority_baseline,0,0.6004819277,-0.1504530042
2020-03-13,3,random_forest,0,0.6244407835,-0.1504530042
2020-03-16,3,catboost,0,0.8864331645,-0.07046074117
2020-03-16,3,logistic_regression,0,0.8046913472,-0.07046074117
2020-03-16,3,majority_baseline,0,0.6004819277,-0.07046074117
2020-03-16,3,random_forest,0,0.6484994032,-0.07046074117
2020-03-17,3,catboost,0,0.8165107266,-0.03817250428
2020-03-17,3,logistic_regression,0,0.7561774579,-0.03817250428
2020-03-17,3,majority_baseline,0,0.6004819277,-0.03817250428
2020-03-17,3,random_forest,0,0.6373072933,-0.03817250428
2020-03-18,3,catboost,1,0.9307865474,0.02829163875
2020-03-18,3,logistic_regression,1,0.7325798226,0.02829163875
2020-03-18,3,majority_baseline,1,0.6004819277,0.02829163875
2020-03-18,3,random_forest,1,0.6447866125,0.02829163875
2020-03-19,3,catboost,1,0.8078566981,0.08602560464
2020-03-19,3,logistic_regression,1,0.6416357878,0.08602560464
2020-03-19,3,majority_baseline,1,0.6004819277,0.08602560464
2020-03-19,3,random_forest,1,0.6183871534,0.08602560464
2020-03-20,3,catboost,1,0.9288674145,0.1076048722
2020-03-20,3,logistic_regression,1,0.7171277186,0.1076048722
2020-03-20,3,majority_baseline,1,0.6004819277,0.1076048722
2020-03-20,3,random_forest,1,0.6705631465,0.1076048722
2020-03-23,3,catboost,1,0.8867133694,0.1735815095
2020-03-23,3,logistic_regression,1,0.7484310605,0.1735815095
2020-03-23,3,majority_baseline,1,0.6004819277,0.1735815095
2020-03-23,3,random_forest,1,0.6508707464,0.1735815095
2020-03-24,3,catboost,1,0.740635094,0.06004526616
2020-03-24,3,logistic_regression,1,0.5022589137,0.06004526616
2020-03-24,3,majority_baseline,1,0.6004819277,0.06004526616
2020-03-24,3,random_forest,1,0.5885022497,0.06004526616
2020-03-25,3,catboost,0,0.5150646236,-0.002593295585
2020-03-25,3,logistic_regression,0,0.6497280024,-0.002593295585
2020-03-25,3,majority_baseline,0,0.6004819277,-0.002593295585
2020-03-25,3,random_forest,0,0.5472248464,-0.002593295585
2020-03-26,3,catboost,0,0.3969814392,-0.03587293247
2020-03-26,3,logistic_regression,0,0.7253377607,-0.03587293247
2020-03-26,3,majority_baseline,0,0.6004819277,-0.03587293247
2020-03-26,3,random_forest,0,0.4708643304,-0.03587293247
2020-03-27,3,catboost,0,0.4928323656,-0.02063766016
2020-03-27,3,logistic_regression,0,0.5003471689,-0.02063766016
2020-03-27,3,majority_baseline,0,0.6004819277,-0.02063766016
2020-03-27,3,random_forest,0,0.5260427666,-0.02063766016
2020-03-30,3,catboost,1,0.2887039957,0.01226826514
2020-03-30,3,logistic_regression,1,0.6583630839,0.01226826514
2020-03-30,3,majority_baseline,1,0.6004819277,0.01226826514
2020-03-30,3,random_forest,1,0.4784936602,0.01226826514
2020-03-31,3,catboost,1,0.4694763811,0.02863241474
2020-03-31,3,logistic_regression,1,0.5355490525,0.02863241474
2020-03-31,3,majority_baseline,1,0.6004819277,0.02863241474
2020-03-31,3,random_forest,1,0.4805326175,0.02863241474
2020-04-01,3,catboost,1,0.7051496662,0.1132642925
2020-04-01,3,logistic_regression,1,0.7566795781,0.1132642925
2020-04-01,3,majority_baseline,1,0.6004819277,0.1132642925
2020-04-01,3,random_forest,1,0.5637771593,0.1132642925
2020-04-02,3,catboost,1,0.7485202589,0.1047135377
2020-04-02,3,logistic_regression,1,0.6337100766,0.1047135377
2020-04-02,3,majority_baseline,1,0.6004819277,0.1047135377
2020-04-02,3,random_forest,1,0.5602728604,0.1047135377
2020-04-03,3,catboost,1,0.7892835171,0.110681337
2020-04-03,3,logistic_regression,1,0.7303209403,0.110681337
2020-04-03,3,majority_baseline,1,0.6004819277,0.110681337
2020-04-03,3,random_forest,1,0.5516761554,0.110681337
2020-04-06,3,catboost,1,0.1874807871,0.07147181206
2020-04-06,3,logistic_regression,1,0.876484833,0.07147181206
2020-04-06,3,majority_baseline,1,0.6004819277,0.07147181206
2020-04-06,3,random_forest,1,0.4488059347,0.07147181206
2020-04-07,3,catboost,1,0.1720775793,0.04763702586
2020-04-07,3,logistic_regression,1,0.53856544,0.04763702586
2020-04-07,3,majority_baseline,1,0.6004819277,0.04763702586
2020-04-07,3,random_forest,1,0.4453424512,0.04763702586
2020-04-08,3,catboost,1,0.1768831041,0.01850165063
2020-04-08,3,logistic_regression,1,0.491085339,0.01850165063
2020-04-08,3,majority_baseline,1,0.6004819277,0.01850165063
2020-04-08,3,random_forest,1,0.3794695202,0.01850165063
2020-04-09,3,catboost,1,0.09717693514,0.03033789371
2020-04-09,3,logistic_regression,1,0.3823598354,0.03033789371
2020-04-09,3,majority_baseline,1,0.6004819277,0.03033789371
2020-04-09,3,random_forest,1,0.3565883712,0.03033789371
2020-04-13,3,catboost,1,0.1652940243,0.02151198041
2020-04-13,3,logistic_regression,1,0.4247633788,0.02151198041
2020-04-13,3,majority_baseline,1,0.6004819277,0.02151198041
2020-04-13,3,random_forest,1,0.3483786932,0.02151198041
2020-04-14,3,catboost,0,0.1684004592,-0.03788012149
2020-04-14,3,logistic_regression,0,0.555269376,-0.03788012149
2020-04-14,3,majority_baseline,0,0.6004819277,-0.03788012149
2020-04-14,3,random_forest,0,0.392660579,-0.03788012149
2020-04-15,3,catboost,1,0.2067742885,0.004824295265
2020-04-15,3,logistic_regression,1,0.5716553414,0.004824295265
2020-04-15,3,majority_baseline,1,0.6004819277,0.004824295265
2020-04-15,3,random_forest,1,0.3770877841,0.004824295265
2020-04-16,3,catboost,0,0.1568523084,-7.172876948e-05
2020-04-16,3,logistic_regression,0,0.6902728144,-7.172876948e-05
2020-04-16,3,majority_baseline,0,0.6004819277,-7.172876948e-05
2020-04-16,3,random_forest,0,0.3645665102,-7.172876948e-05
2020-04-17,3,catboost,0,0.1921294737,-0.0128035627
2020-04-17,3,logistic_regression,0,0.6305277861,-0.0128035627
2020-04-17,3,majority_baseline,0,0.6004819277,-0.0128035627
2020-04-17,3,random_forest,0,0.3780113812,-0.0128035627
2020-04-20,3,catboost,1,0.2540964666,0.01938986318
2020-04-20,3,logistic_regression,1,0.7574975708,0.01938986318
2020-04-20,3,majority_baseline,1,0.6004819277,0.01938986318
2020-04-20,3,random_forest,1,0.3773990471,0.01938986318
2020-04-21,3,catboost,1,0.4114216597,0.04647671442
2020-04-21,3,logistic_regression,1,0.7199662774,0.04647671442
2020-04-21,3,majority_baseline,1,0.6004819277,0.04647671442
2020-04-21,3,random_forest,1,0.4039488668,0.04647671442
2020-04-22,3,catboost,1,0.3176266018,0.05055530309
2020-04-22,3,logistic_regression,1,0.624457736,0.05055530309
2020-04-22,3,majority_baseline,1,0.6004819277,0.05055530309
2020-04-22,3,random_forest,1,0.3928865663,0.05055530309
2020-04-23,3,catboost,1,0.4388637495,0.04084859161
2020-04-23,3,logistic_regression,1,0.5759735261,0.04084859161
2020-04-23,3,majority_baseline,1,0.6004819277,0.04084859161
2020-04-23,3,random_forest,1,0.3650187235,0.04084859161
2020-04-24,3,catboost,0,0.5111607663,-0.0006360840345
2020-04-24,3,logistic_regression,0,0.4982807504,-0.0006360840345
2020-04-24,3,majority_baseline,0,0.6004819277,-0.0006360840345
2020-04-24,3,random_forest,0,0.3860721535,-0.0006360840345
2020-04-27,3,catboost,0,0.6837665028,-0.01212325605
2020-04-27,3,logistic_regression,0,0.5211181056,-0.01212325605
2020-04-27,3,majority_baseline,0,0.6004819277,-0.01212325605
2020-04-27,3,random_forest,0,0.5017258364,-0.01212325605
2020-04-28,3,catboost,1,0.6151867257,0.001609881295
2020-04-28,3,logistic_regression,1,0.4790389892,0.001609881295
2020-04-28,3,majority_baseline,1,0.6004819277,0.001609881295
2020-04-28,3,random_forest,1,0.4777543,0.001609881295
2020-04-29,3,catboost,0,0.5294908349,-0.03055827482
2020-04-29,3,logistic_regression,0,0.4804632905,-0.03055827482
2020-04-29,3,majority_baseline,0,0.6004819277,-0.03055827482
2020-04-29,3,random_forest,0,0.4168491577,-0.03055827482
2020-04-30,3,catboost,0,0.6392220886,-0.00963928048
2020-04-30,3,logistic_regression,0,0.5574330941,-0.00963928048
2020-04-30,3,majority_baseline,0,0.6004819277,-0.00963928048
2020-04-30,3,random_forest,0,0.5021233767,-0.00963928048
2020-05-01,3,catboost,1,0.6687983341,0.03412423922
2020-05-01,3,logistic_regression,1,0.5927272123,0.03412423922
2020-05-01,3,majority_baseline,1,0.6004819277,0.03412423922
2020-05-01,3,random_forest,1,0.5400701632,0.03412423922
2020-05-04,3,catboost,1,0.4524171678,0.03149131597
2020-05-04,3,logistic_regression,1,0.5970463004,0.03149131597
2020-05-04,3,majority_baseline,1,0.6004819277,0.03149131597
2020-05-04,3,random_forest,1,0.4613296932,0.03149131597
2020-05-05,3,catboost,1,0.5085243719,0.001677245872
2020-05-05,3,logistic_regression,1,0.6580428494,0.001677245872
2020-05-05,3,majority_baseline,1,0.6004819277,0.001677245872
2020-05-05,3,random_forest,1,0.4777800143,0.001677245872
2020-05-06,3,catboost,0,0.5036288374,-0.009322757784
2020-05-06,3,logistic_regression,0,0.6160168434,-0.009322757784
2020-05-06,3,majority_baseline,0,0.6004819277,-0.009322757784
2020-05-06,3,random_forest,0,0.4552160891,-0.009322757784
2020-05-07,3,catboost,0,0.2623684275,-0.009420159791
2020-05-07,3,logistic_regression,0,0.5516139078,-0.009420159791
2020-05-07,3,majority_baseline,0,0.6004819277,-0.009420159791
2020-05-07,3,random_forest,0,0.4117875682,-0.009420159791
2020-05-08,3,catboost,0,0.1265406954,-0.02106416205
2020-05-08,3,logistic_regression,0,0.4903148574,-0.02106416205
2020-05-08,3,majority_baseline,0,0.6004819277,-0.02106416205
2020-05-08,3,random_forest,0,0.3425023738,-0.02106416205
2020-05-11,3,catboost,1,0.1429854216,0.008547008547
2020-05-11,3,logistic_regression,1,0.4874322326,0.008547008547
2020-05-11,3,majority_baseline,1,0.6004819277,0.008547008547
2020-05-11,3,random_forest,1,0.3413811184,0.008547008547
2020-05-12,3,catboost,1,0.2871084914,0.01848811369
2020-05-12,3,logistic_regression,1,0.5608886256,0.01848811369
2020-05-12,3,majority_baseline,1,0.6004819277,0.01848811369
2020-05-12,3,random_forest,1,0.4194817868,0.01848811369
2020-05-13,3,catboost,1,0.4683487567,0.05443887169
2020-05-13,3,logistic_regression,1,0.5272173702,0.05443887169
2020-05-13,3,majority_baseline,1,0.6004819277,0.05443887169
2020-05-13,3,random_forest,1,0.5270704137,0.05443887169
2020-05-14,3,catboost,1,0.3110831786,0.03477560325
2020-05-14,3,logistic_regression,1,0.5816412886,0.03477560325
2020-05-14,3,majority_baseline,1,0.6004819277,0.03477560325
2020-05-14,3,random_forest,1,0.4657847305,0.03477560325
2020-05-15,3,catboost,1,0.2895065248,0.03199665935
2020-05-15,3,logistic_regression,1,0.5146761717,0.03199665935
2020-05-15,3,majority_baseline,1,0.6004819277,0.03199665935
2020-05-15,3,random_forest,1,0.4018299011,0.03199665935
2020-05-18,3,catboost,1,0.1470555524,0.01383046305
2020-05-18,3,logistic_regression,1,0.4617593179,0.01383046305
2020-05-18,3,majority_baseline,1,0.6004819277,0.01383046305
2020-05-18,3,random_forest,1,0.328147393,0.01383046305
2020-05-19,3,catboost,1,0.2470674176,0.0395931005
2020-05-19,3,logistic_regression,1,0.513834368,0.0395931005
2020-05-19,3,majority_baseline,1,0.6004819277,0.0395931005
2020-05-19,3,random_forest,1,0.4189009627,0.0395931005
2020-05-20,3,catboost,1,0.1320976826,0.02034152375
2020-05-20,3,logistic_regression,1,0.4779106509,0.02034152375
2020-05-20,3,majority_baseline,1,0.6004819277,0.02034152375
2020-05-20,3,random_forest,1,0.3790117664,0.02034152375
2020-05-21,3,catboost,1,0.2517819567,0.03201302985
2020-05-21,3,logistic_regression,1,0.504159652,0.03201302985
2020-05-21,3,majority_baseline,1,0.6004819277,0.03201302985
2020-05-21,3,random_forest,1,0.4049103636,0.03201302985
2020-05-22,3,catboost,1,0.344074539,0.03422009653
2020-05-22,3,logistic_regression,1,0.4489820917,0.03422009653
2020-05-22,3,majority_baseline,1,0.6004819277,0.03422009653
2020-05-22,3,random_forest,1,0.4295689853,0.03422009653
2020-05-26,3,catboost,1,0.1926946671,0.03009228435
2020-05-26,3,logistic_regression,1,0.5011354672,0.03009228435
2020-05-26,3,majority_baseline,1,0.6004819277,0.03009228435
2020-05-26,3,random_forest,1,0.3959599023,0.03009228435
2020-05-27,3,catboost,1,0.1178616254,0.0284979868
2020-05-27,3,logistic_regression,1,0.518731505,0.0284979868
2020-05-27,3,majority_baseline,1,0.6004819277,0.0284979868
2020-05-27,3,random_forest,1,0.3626121149,0.0284979868
2020-05-28,3,catboost,1,0.2238735177,0.02769245855
2020-05-28,3,logistic_regression,1,0.5331587636,0.02769245855
2020-05-28,3,majority_baseline,1,0.6004819277,0.02769245855
2020-05-28,3,random_forest,1,0.4238898199,0.02769245855
2020-05-29,3,catboost,1,0.2280374932,0.04935590378
2020-05-29,3,logistic_regression,1,0.52316696,0.04935590378
2020-05-29,3,majority_baseline,1,0.6004819277,0.04935590378
2020-05-29,3,random_forest,1,0.3661331015,0.04935590378
2020-06-01,3,catboost,1,0.3590968952,0.05776476879
2020-06-01,3,logistic_regression,1,0.5459296725,0.05776476879
2020-06-01,3,majority_baseline,1,0.6004819277,0.05776476879
2020-06-01,3,random_forest,1,0.4357450589,0.05776476879
2020-06-02,3,catboost,1,0.228517975,0.04125559093
2020-06-02,3,logistic_regression,1,0.4952694732,0.04125559093
2020-06-02,3,majority_baseline,1,0.6004819277,0.04125559093
2020-06-02,3,random_forest,1,0.4131508654,0.04125559093
2020-06-03,3,catboost,1,0.1815484169,0.02184639458
2020-06-03,3,logistic_regression,1,0.5015106287,0.02184639458
2020-06-03,3,majority_baseline,1,0.6004819277,0.02184639458
2020-06-03,3,random_forest,1,0.4074879754,0.02184639458
2020-06-04,3,catboost,0,0.3293001544,-0.03452595229
2020-06-04,3,logistic_regression,0,0.5017289642,-0.03452595229
2020-06-04,3,majority_baseline,0,0.6004819277,-0.03452595229
2020-06-04,3,random_forest,0,0.448812539,-0.03452595229
2020-06-05,3,catboost,0,0.3093523868,-0.0473789847
2020-06-05,3,logistic_regression,0,0.4765171662,-0.0473789847
2020-06-05,3,majority_baseline,0,0.6004819277,-0.0473789847
2020-06-05,3,random_forest,0,0.38288449,-0.0473789847
2020-06-08,3,catboost,0,0.345347652,-0.04996913301
2020-06-08,3,logistic_regression,0,0.4641607203,-0.04996913301
2020-06-08,3,majority_baseline,0,0.6004819277,-0.04996913301
2020-06-08,3,random_forest,0,0.4219806187,-0.04996913301
2020-06-09,3,catboost,0,0.3402851691,-0.02440854388
2020-06-09,3,logistic_regression,0,0.4887582164,-0.02440854388
2020-06-09,3,majority_baseline,0,0.6004819277,-0.02440854388
2020-06-09,3,random_forest,0,0.4427285079,-0.02440854388
2020-06-10,3,catboost,0,0.3432477572,-0.02300939279
2020-06-10,3,logistic_regression,0,0.5070550377,-0.02300939279
2020-06-10,3,majority_baseline,0,0.6004819277,-0.02300939279
2020-06-10,3,random_forest,0,0.4317270025,-0.02300939279
2020-06-11,3,catboost,1,0.7119389426,0.03715782556
2020-06-11,3,logistic_regression,1,0.6763348343,0.03715782556
2020-06-11,3,majority_baseline,1,0.6004819277,0.03715782556
2020-06-11,3,random_forest,1,0.5468174368,0.03715782556
2020-06-12,3,catboost,1,0.414315484,0.01456238527
2020-06-12,3,logistic_regression,1,0.6065173986,0.01456238527
2020-06-12,3,majority_baseline,1,0.6004819277,0.01456238527
2020-06-12,3,random_forest,1,0.5073607903,0.01456238527
2020-06-15,3,catboost,1,0.3177105801,0.01162679512
2020-06-15,3,logistic_regression,1,0.6298610961,0.01162679512
2020-06-15,3,majority_baseline,1,0.6004819277,0.01162679512
2020-06-15,3,random_forest,1,0.45210565,0.01162679512
2020-06-16,3,catboost,0,0.270200504,-0.002907731738
2020-06-16,3,logistic_regression,0,0.5354328133,-0.002907731738
2020-06-16,3,majority_baseline,0,0.6004819277,-0.002907731738
2020-06-16,3,random_forest,0,0.3809840841,-0.002907731738
2020-06-17,3,catboost,0,0.2413945819,-0.02428931307
2020-06-17,3,logistic_regression,0,0.4786123067,-0.02428931307
2020-06-17,3,majority_baseline,0,0.6004819277,-0.02428931307
2020-06-17,3,random_forest,0,0.3705104991,-0.02428931307
2020-06-18,3,catboost,0,0.183169669,-0.01420871357
2020-06-18,3,logistic_regression,0,0.4776163005,-0.01420871357
2020-06-18,3,majority_baseline,0,0.6004819277,-0.01420871357
2020-06-18,3,random_forest,0,0.3682478863,-0.01420871357
2020-06-19,3,catboost,0,0.4210164696,-0.02783186364
2020-06-19,3,logistic_regression,0,0.5315216511,-0.02783186364
2020-06-19,3,majority_baseline,0,0.6004819277,-0.02783186364
2020-06-19,3,random_forest,0,0.5135778892,-0.02783186364
2020-06-22,3,catboost,0,0.200637336,-0.01983131703
2020-06-22,3,logistic_regression,0,0.4381434016,-0.01983131703
2020-06-22,3,majority_baseline,0,0.6004819277,-0.01983131703
2020-06-22,3,random_forest,0,0.4163317878,-0.01983131703
2020-06-23,3,catboost,0,0.2179948253,-0.01182503619
2020-06-23,3,logistic_regression,0,0.4461581711,-0.01182503619
2020-06-23,3,majority_baseline,0,0.6004819277,-0.01182503619
2020-06-23,3,random_forest,0,0.414171659,-0.01182503619
2020-06-24,3,catboost,1,0.4365138359,0.02114503199
2020-06-24,3,logistic_regression,1,0.5767492694,0.02114503199
2020-06-24,3,majority_baseline,1,0.6004819277,0.02114503199
2020-06-24,3,random_forest,1,0.5053631671,0.02114503199
2020-06-25,3,catboost,1,0.1836668404,0.01587767953
2020-06-25,3,logistic_regression,1,0.6383028305,0.01587767953
2020-06-25,3,majority_baseline,1,0.6004819277,0.01587767953
2020-06-25,3,random_forest,1,0.4482012677,0.01587767953
2020-06-26,3,catboost,1,0.3701948496,0.0566572261
2020-06-26,3,logistic_regression,1,0.6525459665,0.0566572261
2020-06-26,3,majority_baseline,1,0.6004819277,0.0566572261
2020-06-26,3,random_forest,1,0.4921930105,0.0566572261
2020-06-29,3,catboost,1,0.2322418753,0.03061159942
2020-06-29,3,logistic_regression,1,0.5850460135,0.03061159942
2020-06-29,3,majority_baseline,1,0.6004819277,0.03061159942
2020-06-29,3,random_forest,1,0.4537453502,0.03061159942
2020-06-30,3,catboost,1,0.3453175571,0.02535999374
2020-06-30,3,logistic_regression,1,0.5437262631,0.02535999374
2020-06-30,3,majority_baseline,1,0.6004819277,0.02535999374
2020-06-30,3,random_forest,1,0.4612454183,0.02535999374
2020-07-01,3,catboost,1,0.289301537,0.01243081295
2020-07-01,3,logistic_regression,1,0.4681322628,0.01243081295
2020-07-01,3,majority_baseline,1,0.6004819277,0.01243081295
2020-07-01,3,random_forest,1,0.4326305574,0.01243081295
2020-07-02,3,catboost,1,0.3420012607,0.01716678446
2020-07-02,3,logistic_regression,1,0.5014172452,0.01716678446
2020-07-02,3,majority_baseline,1,0.6004819277,0.01716678446
2020-07-02,3,random_forest,1,0.4129928026,0.01716678446
2020-07-06,3,catboost,0,0.3380737056,-0.006970482842
2020-07-06,3,logistic_regression,0,0.452460118,-0.006970482842
2020-07-06,3,majority_baseline,0,0.6004819277,-0.006970482842
2020-07-06,3,random_forest,0,0.3882194731,-0.006970482842
2020-07-07,3,catboost,1,0.349868541,0.01638095041
2020-07-07,3,logistic_regression,1,0.4846521031,0.01638095041
2020-07-07,3,majority_baseline,1,0.6004819277,0.01638095041
2020-07-07,3,random_forest,1,0.4388106115,0.01638095041
2020-07-08,3,catboost,1,0.3365128662,0.01793286587
2020-07-08,3,logistic_regression,1,0.4496655334,0.01793286587
2020-07-08,3,majority_baseline,1,0.6004819277,0.01793286587
2020-07-08,3,random_forest,1,0.4306939761,0.01793286587
2020-07-09,3,catboost,1,0.3312335973,0.02038934888
2020-07-09,3,logistic_regression,1,0.5853445324,0.02038934888
2020-07-09,3,majority_baseline,1,0.6004819277,0.02038934888
2020-07-09,3,random_forest,1,0.4466604106,0.02038934888
2020-07-10,3,catboost,1,0.5814454704,0.01300420337
2020-07-10,3,logistic_regression,1,0.601748017,0.01300420337
2020-07-10,3,majority_baseline,1,0.6004819277,0.01300420337
2020-07-10,3,random_forest,1,0.5521759663,0.01300420337
2020-07-13,3,catboost,1,0.7247371071,0.03011056763
2020-07-13,3,logistic_regression,1,0.7210972489,0.03011056763
2020-07-13,3,majority_baseline,1,0.6004819277,0.03011056763
2020-07-13,3,random_forest,1,0.595082101,0.03011056763
2020-07-14,3,catboost,1,0.6214341022,0.01909568589
2020-07-14,3,logistic_regression,1,0.6374437551,0.01909568589
2020-07-14,3,majority_baseline,1,0.6004819277,0.01909568589
2020-07-14,3,random_forest,1,0.5613760447,0.01909568589
2020-07-15,3,catboost,1,0.3738372038,0.01556619296
2020-07-15,3,logistic_regression,1,0.5389562583,0.01556619296
2020-07-15,3,majority_baseline,1,0.6004819277,0.01556619296
2020-07-15,3,random_forest,1,0.4625562302,0.01556619296
2020-07-16,3,catboost,1,0.6293563829,0.006764496844
2020-07-16,3,logistic_regression,1,0.5289292113,0.006764496844
2020-07-16,3,majority_baseline,1,0.6004819277,0.006764496844
2020-07-16,3,random_forest,1,0.5763335085,0.006764496844
2020-07-17,3,catboost,0,0.5928303813,-0.002610954547
2020-07-17,3,logistic_regression,0,0.5434516537,-0.002610954547
2020-07-17,3,majority_baseline,0,0.6004819277,-0.002610954547
2020-07-17,3,random_forest,0,0.5821265006,-0.002610954547
2020-07-20,3,catboost,0,0.4221607271,-0.003391730622
2020-07-20,3,logistic_regression,0,0.5324749393,-0.003391730622
2020-07-20,3,majority_baseline,0,0.6004819277,-0.003391730622
2020-07-20,3,random_forest,0,0.4489302139,-0.003391730622
2020-07-21,3,catboost,0,0.4197087138,-0.01181500964
2020-07-21,3,logistic_regression,0,0.5417249221,-0.01181500964
2020-07-21,3,majority_baseline,0,0.6004819277,-0.01181500964
2020-07-21,3,random_forest,0,0.4708246065,-0.01181500964
2020-07-22,3,catboost,0,0.3674400351,-0.005323350602
2020-07-22,3,logistic_regression,0,0.5179612631,-0.005323350602
2020-07-22,3,majority_baseline,0,0.6004819277,-0.005323350602
2020-07-22,3,random_forest,0,0.4446418046,-0.005323350602
2020-07-23,3,catboost,1,0.6677934031,0.003096358764
2020-07-23,3,logistic_regression,1,0.6270539846,0.003096358764
2020-07-23,3,majority_baseline,1,0.6004819277,0.003096358764
2020-07-23,3,random_forest,1,0.5811398272,0.003096358764
2020-07-24,3,catboost,1,0.5505925558,0.01757661435
2020-07-24,3,logistic_regression,1,0.5610602106,0.01757661435
2020-07-24,3,majority_baseline,1,0.6004819277,0.01757661435
2020-07-24,3,random_forest,1,0.5501111845,0.01757661435
2020-07-27,3,catboost,1,0.7656143654,0.01723286702
2020-07-27,3,logistic_regression,1,0.6276458376,0.01723286702
2020-07-27,3,majority_baseline,1,0.6004819277,0.01723286702
2020-07-27,3,random_forest,1,0.5760936448,0.01723286702
2020-07-28,3,catboost,1,0.6472690924,0.02767999449
2020-07-28,3,logistic_regression,1,0.6175601069,0.02767999449
2020-07-28,3,majority_baseline,1,0.6004819277,0.02767999449
2020-07-28,3,random_forest,1,0.5397412685,0.02767999449
2020-07-29,3,catboost,1,0.7040652549,0.02149972443
2020-07-29,3,logistic_regression,1,0.5905667298,0.02149972443
2020-07-29,3,majority_baseline,1,0.6004819277,0.02149972443
2020-07-29,3,random_forest,1,0.5257684887,0.02149972443
2020-07-30,3,catboost,1,0.6608144877,0.03201011042
2020-07-30,3,logistic_regression,1,0.6172718414,0.03201011042
2020-07-30,3,majority_baseline,1,0.6004819277,0.03201011042
2020-07-30,3,random_forest,1,0.5370020869,0.03201011042
2020-07-31,3,catboost,1,0.6458737071,0.02465398313
2020-07-31,3,logistic_regression,1,0.5859272187,0.02465398313
2020-07-31,3,majority_baseline,1,0.6004819277,0.02465398313
2020-07-31,3,random_forest,1,0.5299601405,0.02465398313
2020-08-03,3,catboost,1,0.739012795,0.02062106093
2020-08-03,3,logistic_regression,1,0.5206751681,0.02062106093
2020-08-03,3,majority_baseline,1,0.6004819277,0.02062106093
2020-08-03,3,random_forest,1,0.5418560283,0.02062106093
2020-08-04,3,catboost,1,0.4870256005,0.008301491304
2020-08-04,3,logistic_regression,1,0.5527965882,0.008301491304
2020-08-04,3,majority_baseline,1,0.6004819277,0.008301491304
2020-08-04,3,random_forest,1,0.4441948685,0.008301491304
2020-08-05,3,catboost,1,0.4066463676,0.01604895135
2020-08-05,3,logistic_regression,1,0.5296140002,0.01604895135
2020-08-05,3,majority_baseline,1,0.6004819277,0.01604895135
2020-08-05,3,random_forest,1,0.371878052,0.01604895135
2020-08-06,3,catboost,1,0.2738088006,0.007477642151
2020-08-06,3,logistic_regression,1,0.5910458944,0.007477642151
2020-08-06,3,majority_baseline,1,0.6004819277,0.007477642151
2020-08-06,3,random_forest,1,0.2928662409,0.007477642151
2020-08-07,3,catboost,1,0.2419692253,0.006784795261
2020-08-07,3,logistic_regression,1,0.5951559556,0.006784795261
2020-08-07,3,majority_baseline,1,0.6004819277,0.006784795261
2020-08-07,3,random_forest,1,0.2923870949,0.006784795261
2020-08-10,3,catboost,1,0.2361165776,0.006973198883
2020-08-10,3,logistic_regression,1,0.595013508,0.006973198883
2020-08-10,3,majority_baseline,1,0.6004819277,0.006973198883
2020-08-10,3,random_forest,1,0.292033815,0.006973198883
2020-08-11,3,catboost,1,0.4608758046,0.0175481581
2020-08-11,3,logistic_regression,1,0.6488545817,0.0175481581
2020-08-11,3,majority_baseline,1,0.6004819277,0.0175481581
2020-08-11,3,random_forest,1,0.4828134274,0.0175481581
2020-08-12,3,catboost,0,0.2827541179,-0.0006223073687
2020-08-12,3,logistic_regression,0,0.5591886634,-0.0006223073687
2020-08-12,3,majority_baseline,0,0.6004819277,-0.0006223073687
2020-08-12,3,random_forest,0,0.308077897,-0.0006223073687
2020-08-13,3,catboost,1,0.4912885005,0.004304878597
2020-08-13,3,logistic_regression,1,0.595867201,0.004304878597
2020-08-13,3,majority_baseline,1,0.6004819277,0.004304878597
2020-08-13,3,random_forest,1,0.3378592715,0.004304878597
2020-08-14,3,catboost,1,0.4328256965,0.007837592712
2020-08-14,3,logistic_regression,1,0.5791935215,0.007837592712
2020-08-14,3,majority_baseline,1,0.6004819277,0.007837592712
2020-08-14,3,random_forest,1,0.4073252042,0.007837592712
2020-08-17,3,catboost,1,0.5206477664,0.01482646162
2020-08-17,3,logistic_regression,1,0.5583568306,0.01482646162
2020-08-17,3,majority_baseline,1,0.6004819277,0.01482646162
2020-08-17,3,random_forest,1,0.3663773609,0.01482646162
2020-08-18,3,catboost,1,0.57330313,0.01618231828
2020-08-18,3,logistic_regression,1,0.5696232994,0.01618231828
2020-08-18,3,majority_baseline,1,0.6004819277,0.01618231828
2020-08-18,3,random_forest,1,0.3464075291,0.01618231828
2020-08-19,3,catboost,1,0.7121972708,0.03066155432
2020-08-19,3,logistic_regression,1,0.5541920874,0.03066155432
2020-08-19,3,majority_baseline,1,0.6004819277,0.03066155432
2020-08-19,3,random_forest,1,0.496126372,0.03066155432
2020-08-20,3,catboost,1,0.6943767931,0.02970908075
2020-08-20,3,logistic_regression,1,0.5584748516,0.02970908075
2020-08-20,3,majority_baseline,1,0.6004819277,0.02970908075
2020-08-20,3,random_forest,1,0.4702892444,0.02970908075
2020-08-21,3,catboost,1,0.497940995,0.03269699317
2020-08-21,3,logistic_regression,1,0.5549476439,0.03269699317
2020-08-21,3,majority_baseline,1,0.6004819277,0.03269699317
2020-08-21,3,random_forest,1,0.3862793578,0.03269699317
2020-08-24,3,catboost,1,0.1845560918,0.01863403695
2020-08-24,3,logistic_regression,1,0.5527414297,0.01863403695
2020-08-24,3,majority_baseline,1,0.6004819277,0.01863403695
2020-08-24,3,random_forest,1,0.3019907684,0.01863403695
2020-08-25,3,catboost,1,0.3462515688,0.02464259886
2020-08-25,3,logistic_regression,1,0.5783583828,0.02464259886
2020-08-25,3,majority_baseline,1,0.6004819277,0.02464259886
2020-08-25,3,random_forest,1,0.3215845786,0.02464259886
2020-08-26,3,catboost,1,0.1438945493,0.02914522165
2020-08-26,3,logistic_regression,1,0.5587107331,0.02914522165
2020-08-26,3,majority_baseline,1,0.6004819277,0.02914522165
2020-08-26,3,random_forest,1,0.2896606015,0.02914522165
2020-08-27,3,catboost,0,0.1586952815,-0.008440192097
2020-08-27,3,logistic_regression,0,0.5553979705,-0.008440192097
2020-08-27,3,majority_baseline,0,0.6004819277,-0.008440192097
2020-08-27,3,random_forest,0,0.2895266737,-0.008440192097
2020-08-28,3,catboost,0,0.1223717829,-0.02284779396
2020-08-28,3,logistic_regression,0,0.5454093823,-0.02284779396
2020-08-28,3,majority_baseline,0,0.6004819277,-0.02284779396
2020-08-28,3,random_forest,0,0.3029581219,-0.02284779396
2020-08-31,3,catboost,0,0.3076271875,-0.04609088263
2020-08-31,3,logistic_regression,0,0.5319322874,-0.04609088263
2020-08-31,3,majority_baseline,0,0.6004819277,-0.04609088263
2020-08-31,3,random_forest,0,0.3053653586,-0.04609088263
2020-09-01,3,catboost,0,0.123636725,-0.03633011168
2020-09-01,3,logistic_regression,0,0.5433105807,-0.03633011168
2020-09-01,3,majority_baseline,0,0.6004819277,-0.03633011168
2020-09-01,3,random_forest,0,0.2880939249,-0.03633011168
2020-09-02,3,catboost,0,0.1233536407,-0.06656415093
2020-09-02,3,logistic_regression,0,0.5559067835,-0.06656415093
2020-09-02,3,majority_baseline,0,0.6004819277,-0.06656415093
2020-09-02,3,random_forest,0,0.3032756493,-0.06656415093
2020-09-03,3,catboost,0,0.6799670074,-0.03280354533
2020-09-03,3,logistic_regression,0,0.6733939661,-0.03280354533
2020-09-03,3,majority_baseline,0,0.6004819277,-0.03280354533
2020-09-03,3,random_forest,0,0.5578422303,-0.03280354533
2020-09-04,3,catboost,0,0.6608223501,-0.01199759381
2020-09-04,3,logistic_regression,0,0.6547479629,-0.01199759381
2020-09-04,3,majority_baseline,0,0.6004819277,-0.01199759381
2020-09-04,3,random_forest,0,0.5657290162,-0.01199759381
2020-09-08,3,catboost,1,0.5254525225,0.02088779472
2020-09-08,3,logistic_regression,1,0.6341834415,0.02088779472
2020-09-08,3,majority_baseline,1,0.6004819277,0.02088779472
2020-09-08,3,random_forest,1,0.5581532068,0.02088779472
2020-09-09,3,catboost,0,0.5468817701,-0.002854707836
2020-09-09,3,logistic_regression,0,0.568552853,-0.002854707836
2020-09-09,3,majority_baseline,0,0.6004819277,-0.002854707836
2020-09-09,3,random_forest,0,0.5437198194,-0.002854707836
2020-09-10,3,catboost,1,0.7121877372,0.005840191724
2020-09-10,3,logistic_regression,1,0.623405598,0.005840191724
2020-09-10,3,majority_baseline,1,0.6004819277,0.005840191724
2020-09-10,3,random_forest,1,0.5537764913,0.005840191724
2020-09-11,3,catboost,0,0.6400522544,-0.01020775826
2020-09-11,3,logistic_regression,0,0.5671733814,-0.01020775826
2020-09-11,3,majority_baseline,0,0.6004819277,-0.01020775826
2020-09-11,3,random_forest,0,0.524781914,-0.01020775826
2020-09-14,3,catboost,0,0.5562486507,-0.03394785377
2020-09-14,3,logistic_regression,0,0.5403849789,-0.03394785377
2020-09-14,3,majority_baseline,0,0.6004819277,-0.03394785377
2020-09-14,3,random_forest,0,0.5171767635,-0.03394785377
2020-09-15,3,catboost,0,0.5757728646,-0.02901497843
2020-09-15,3,logistic_regression,0,0.5098245012,-0.02901497843
2020-09-15,3,majority_baseline,0,0.6004819277,-0.02901497843
2020-09-15,3,random_forest,0,0.5228621404,-0.02901497843
2020-09-16,3,catboost,0,0.621015956,-0.04775394709
2020-09-16,3,logistic_regression,0,0.5243987133,-0.04775394709
2020-09-16,3,majority_baseline,0,0.6004819277,-0.04775394709
2020-09-16,3,random_forest,0,0.5294667593,-0.04775394709
2020-09-17,3,catboost,0,0.7158563116,-0.03674367686
2020-09-17,3,logistic_regression,0,0.487209998,-0.03674367686
2020-09-17,3,majority_baseline,0,0.6004819277,-0.03674367686
2020-09-17,3,random_forest,0,0.527548633,-0.03674367686
2020-09-18,3,catboost,0,0.7087518991,-0.005806692682
2020-09-18,3,logistic_regression,0,0.6125331441,-0.005806692682
2020-09-18,3,majority_baseline,0,0.6004819277,-0.005806692682
2020-09-18,3,random_forest,0,0.5273462893,-0.005806692682
2020-09-21,3,catboost,1,0.8126302102,0.02208154012
2020-09-21,3,logistic_regression,1,0.6083782006,0.02208154012
2020-09-21,3,majority_baseline,1,0.6004819277,0.02208154012
2020-09-21,3,random_forest,1,0.5758715385,0.02208154012
2020-09-22,3,catboost,1,0.6724090161,0.006267052305
2020-09-22,3,logistic_regression,1,0.6500652651,0.006267052305
2020-09-22,3,majority_baseline,1,0.6004819277,0.006267052305
2020-09-22,3,random_forest,1,0.5616037063,0.006267052305
2020-09-23,3,catboost,1,0.7550819663,0.03796801217
2020-09-23,3,logistic_regression,1,0.6899160452,0.03796801217
2020-09-23,3,majority_baseline,1,0.6004819277,0.03796801217
2020-09-23,3,random_forest,1,0.5922485738,0.03796801217
2020-09-24,3,catboost,1,0.6810405191,0.04185474034
2020-09-24,3,logistic_regression,1,0.6694660073,0.04185474034
2020-09-24,3,majority_baseline,1,0.6004819277,0.04185474034
2020-09-24,3,random_forest,1,0.5414306206,0.04185474034
2020-09-25,3,catboost,1,0.6424289858,0.01554462668
2020-09-25,3,logistic_regression,1,0.6521227708,0.01554462668
2020-09-25,3,majority_baseline,1,0.6004819277,0.01554462668
2020-09-25,3,random_forest,1,0.5463266634,0.01554462668
2020-09-28,3,catboost,1,0.6808160097,0.01666718741
2020-09-28,3,logistic_regression,1,0.5196104689,0.01666718741
2020-09-28,3,majority_baseline,1,0.6004819277,0.01666718741
2020-09-28,3,random_forest,1,0.5534622127,0.01666718741
2020-09-29,3,catboost,1,0.5649864904,0.007702252423
2020-09-29,3,logistic_regression,1,0.5252764327,0.007702252423
2020-09-29,3,majority_baseline,1,0.6004819277,0.007702252423
2020-09-29,3,random_forest,1,0.5320112997,0.007702252423
2020-09-30,3,catboost,1,0.6873529172,0.01752812847
2020-09-30,3,logistic_regression,1,0.5458187668,0.01752812847
2020-09-30,3,majority_baseline,1,0.6004819277,0.01752812847
2020-09-30,3,random_forest,1,0.5497483677,0.01752812847
2020-10-01,3,catboost,1,0.6129763783,0.01999759711
2020-10-01,3,logistic_regression,1,0.4847967635,0.01999759711
2020-10-01,3,majority_baseline,1,0.6004819277,0.01999759711
2020-10-01,3,random_forest,1,0.5214176464,0.01999759711
2020-10-02,3,catboost,1,0.7031252819,0.03897079423
2020-10-02,3,logistic_regression,1,0.6029929415,0.03897079423
2020-10-02,3,majority_baseline,1,0.6004819277,0.03897079423
2020-10-02,3,random_forest,1,0.5668408121,0.03897079423
2020-10-05,3,catboost,1,0.6816605801,0.03729097756
2020-10-05,3,logistic_regression,1,0.6059966796,0.03729097756
2020-10-05,3,majority_baseline,1,0.6004819277,0.03729097756
2020-10-05,3,random_forest,1,0.5898937381,0.03729097756
2020-10-06,3,catboost,1,0.7401772394,0.04538265468
2020-10-06,3,logistic_regression,1,0.6840481395,0.04538265468
2020-10-06,3,majority_baseline,1,0.6004819277,0.04538265468
2020-10-06,3,random_forest,1,0.5766377302,0.04538265468
2020-10-07,3,catboost,1,0.7405596965,0.02104115123
2020-10-07,3,logistic_regression,1,0.636041476,0.02104115123
2020-10-07,3,majority_baseline,1,0.6004819277,0.02104115123
2020-10-07,3,random_forest,1,0.6082264811,0.02104115123
2020-10-08,3,catboost,1,0.8345297666,0.01082087734
2020-10-08,3,logistic_regression,1,0.6346393429,0.01082087734
2020-10-08,3,majority_baseline,1,0.6004819277,0.01082087734
2020-10-08,3,random_forest,1,0.631848873,0.01082087734
2020-10-09,3,catboost,1,0.8529849366,0.001268566793
2020-10-09,3,logistic_regression,1,0.6004370237,0.001268566793
2020-10-09,3,majority_baseline,1,0.6004819277,0.001268566793
2020-10-09,3,random_forest,1,0.6595371476,0.001268566793
2020-10-12,3,catboost,0,0.8551412599,-0.02956610707
2020-10-12,3,logistic_regression,0,0.552831712,-0.02956610707
2020-10-12,3,majority_baseline,0,0.6004819277,-0.02956610707
2020-10-12,3,random_forest,0,0.6424406509,-0.02956610707
2020-10-13,3,catboost,0,0.8237114238,-0.01927855341
2020-10-13,3,logistic_regression,0,0.5458414856,-0.01927855341
2020-10-13,3,majority_baseline,0,0.6004819277,-0.01927855341
2020-10-13,3,random_forest,0,0.628254689,-0.01927855341
2020-10-14,3,catboost,0,0.8025400286,-0.01494548274
2020-10-14,3,logistic_regression,0,0.5787304125,-0.01494548274
2020-10-14,3,majority_baseline,0,0.6004819277,-0.01494548274
2020-10-14,3,random_forest,0,0.6311152739,-0.01494548274
2020-10-15,3,catboost,0,0.7978711146,-0.008316588777
2020-10-15,3,logistic_regression,0,0.5879157217,-0.008316588777
2020-10-15,3,majority_baseline,0,0.6004819277,-0.008316588777
2020-10-15,3,random_forest,0,0.632146319,-0.008316588777
2020-10-16,3,catboost,0,0.8714210007,-0.004347979104
2020-10-16,3,logistic_regression,0,0.6036399892,-0.004347979104
2020-10-16,3,majority_baseline,0,0.6004819277,-0.004347979104
2020-10-16,3,random_forest,0,0.6037474096,-0.004347979104
2020-10-19,3,catboost,0,0.7493021751,-0.007660580465
2020-10-19,3,logistic_regression,0,0.6566766444,-0.007660580465
2020-10-19,3,majority_baseline,0,0.6004819277,-0.007660580465
2020-10-19,3,random_forest,0,0.5434024963,-0.007660580465
2020-10-20,3,catboost,0,0.6068663799,-0.01502709426
2020-10-20,3,logistic_regression,0,0.641803529,-0.01502709426
2020-10-20,3,majority_baseline,0,0.6004819277,-0.01502709426
2020-10-20,3,random_forest,0,0.5503676292,-0.01502709426
2020-10-21,3,catboost,0,0.6884447337,-0.04688824084
2020-10-21,3,logistic_regression,0,0.6291843604,-0.04688824084
2020-10-21,3,majority_baseline,0,0.6004819277,-0.04688824084
2020-10-21,3,random_forest,0,0.5447416367,-0.04688824084
2020-10-22,3,catboost,0,0.6322010735,-0.04245371585
2020-10-22,3,logistic_regression,0,0.6280033514,-0.04245371585
2020-10-22,3,majority_baseline,0,0.6004819277,-0.04245371585
2020-10-22,3,random_forest,0,0.5294421549,-0.04245371585
2020-10-23,3,catboost,0,0.5785675132,-0.05564228806
2020-10-23,3,logistic_regression,0,0.5850306763,-0.05564228806
2020-10-23,3,majority_baseline,0,0.6004819277,-0.05564228806
2020-10-23,3,random_forest,0,0.5181812464,-0.05564228806
2020-10-26,3,catboost,0,0.5568349387,-0.02707799878
2020-10-26,3,logistic_regression,0,0.6107918693,-0.02707799878
2020-10-26,3,majority_baseline,0,0.6004819277,-0.02707799878
2020-10-26,3,random_forest,0,0.5385356042,-0.02707799878
2020-10-27,3,catboost,0,0.5752346781,-0.006475082468
2020-10-27,3,logistic_regression,0,0.5536169559,-0.006475082468
2020-10-27,3,majority_baseline,0,0.6004819277,-0.006475082468
2020-10-27,3,random_forest,0,0.5497404367,-0.006475082468
2020-10-28,3,catboost,1,0.7296952834,0.05167453808
2020-10-28,3,logistic_regression,1,0.7053780606,0.05167453808
2020-10-28,3,majority_baseline,1,0.6004819277,0.05167453808
2020-10-28,3,random_forest,1,0.6077909075,0.05167453808
2020-10-29,3,catboost,1,0.6755022585,0.06139759538
2020-10-29,3,logistic_regression,1,0.6297593666,0.06139759538
2020-10-29,3,majority_baseline,1,0.6004819277,0.06139759538
2020-10-29,3,random_forest,1,0.5532890324,0.06139759538
2020-10-30,3,catboost,1,0.6022052822,0.07233415381
2020-10-30,3,logistic_regression,1,0.6310357289,0.07233415381
2020-10-30,3,majority_baseline,1,0.6004819277,0.07233415381
2020-10-30,3,random_forest,1,0.5474087363,0.07233415381
2020-11-02,3,catboost,1,0.6848190896,0.07377342368
2020-11-02,3,logistic_regression,1,0.6124184568,0.07377342368
2020-11-02,3,majority_baseline,1,0.6004819277,0.07377342368
2020-11-02,3,random_forest,1,0.5664175939,0.07377342368
2020-11-03,3,catboost,1,0.7298421009,0.05359643414
2020-11-03,3,logistic_regression,1,0.631936944,0.05359643414
2020-11-03,3,majority_baseline,1,0.6004819277,0.05359643414
2020-11-03,3,random_forest,1,0.5670399673,0.05359643414
2020-11-04,3,catboost,1,0.740741414,0.03821972572
2020-11-04,3,logistic_regression,1,0.5766933267,0.03821972572
2020-11-04,3,majority_baseline,1,0.6004819277,0.03821972572
2020-11-04,3,random_forest,1,0.5291999567,0.03821972572
2020-11-05,3,catboost,1,0.6911687955,0.008479903447
2020-11-05,3,logistic_regression,1,0.4738231206,0.008479903447
2020-11-05,3,majority_baseline,1,0.6004819277,0.008479903447
2020-11-05,3,random_forest,1,0.5739114276,0.008479903447
2020-11-06,3,catboost,1,0.6145181456,0.02267535503
2020-11-06,3,logistic_regression,1,0.4856748687,0.02267535503
2020-11-06,3,majority_baseline,1,0.6004819277,0.02267535503
2020-11-06,3,random_forest,1,0.5395950945,0.02267535503
2020-11-09,3,catboost,1,0.7714378733,0.02259140838
2020-11-09,3,logistic_regression,1,0.5790247878,0.02259140838
2020-11-09,3,majority_baseline,1,0.6004819277,0.02259140838
2020-11-09,3,random_forest,1,0.5596779983,0.02259140838
2020-11-10,3,catboost,1,0.7082151555,0.01858543227
2020-11-10,3,logistic_regression,1,0.5158793485,0.01858543227
2020-11-10,3,majority_baseline,1,0.6004819277,0.01858543227
2020-11-10,3,random_forest,1,0.5659501227,0.01858543227
2020-11-11,3,catboost,0,0.7484377681,-0.001093488618
2020-11-11,3,logistic_regression,0,0.6003054152,-0.001093488618
2020-11-11,3,majority_baseline,0,0.6004819277,-0.001093488618
2020-11-11,3,random_forest,0,0.5950410644,-0.001093488618
2020-11-12,3,catboost,1,0.6424118223,0.0129384995
2020-11-12,3,logistic_regression,1,0.6433360647,0.0129384995
2020-11-12,3,majority_baseline,1,0.6004819277,0.0129384995
2020-11-12,3,random_forest,1,0.6153043186,0.0129384995
2020-11-13,3,catboost,0,0.5933260221,-0.0077353238
2020-11-13,3,logistic_regression,0,0.6319281015,-0.0077353238
2020-11-13,3,majority_baseline,0,0.6004819277,-0.0077353238
2020-11-13,3,random_forest,0,0.5151089671,-0.0077353238
2020-11-16,3,catboost,0,0.315382467,-0.01409387345
2020-11-16,3,logistic_regression,0,0.6042878518,-0.01409387345
2020-11-16,3,majority_baseline,0,0.6004819277,-0.01409387345
2020-11-16,3,random_forest,0,0.4159520022,-0.01409387345
2020-11-17,3,catboost,1,0.465728364,0.007209822349
2020-11-17,3,logistic_regression,1,0.5753243395,0.007209822349
2020-11-17,3,majority_baseline,1,0.6004819277,0.007209822349
2020-11-17,3,random_forest,1,0.4620111498,0.007209822349
2020-11-18,3,catboost,1,0.6630139093,0.01790727776
2020-11-18,3,logistic_regression,1,0.5743982881,0.01790727776
2020-11-18,3,majority_baseline,1,0.6004819277,0.01790727776
2020-11-18,3,random_forest,1,0.5945288434,0.01790727776
2020-11-19,3,catboost,1,0.6218437256,0.01646267153
2020-11-19,3,logistic_regression,1,0.5067694837,0.01646267153
2020-11-19,3,majority_baseline,1,0.6004819277,0.01646267153
2020-11-19,3,random_forest,1,0.577013099,0.01646267153
2020-11-20,3,catboost,1,0.5470581984,0.01894017182
2020-11-20,3,logistic_regression,1,0.5076582925,0.01894017182
2020-11-20,3,majority_baseline,1,0.6004819277,0.01894017182
2020-11-20,3,random_forest,1,0.609539088,0.01894017182
2020-11-23,3,catboost,1,0.566473245,0.02394672887
2020-11-23,3,logistic_regression,1,0.5141091854,0.02394672887
2020-11-23,3,majority_baseline,1,0.6004819277,0.02394672887
2020-11-23,3,random_forest,1,0.5553946664,0.02394672887
2020-11-24,3,catboost,1,0.5195154223,0.009828773989
2020-11-24,3,logistic_regression,1,0.5165496949,0.009828773989
2020-11-24,3,majority_baseline,1,0.6004819277,0.009828773989
2020-11-24,3,random_forest,1,0.4687426018,0.009828773989
2020-11-25,3,catboost,1,0.7844680913,0.01111233293
2020-11-25,3,logistic_regression,1,0.5294871717,0.01111233293
2020-11-25,3,majority_baseline,1,0.6004819277,0.01111233293
2020-11-25,3,random_forest,1,0.4989711474,0.01111233293
2020-11-27,3,catboost,1,0.7464246753,0.01699340741
2020-11-27,3,logistic_regression,1,0.5605175837,0.01699340741
2020-11-27,3,majority_baseline,1,0.6004819277,0.01699340741
2020-11-27,3,random_forest,1,0.4680202565,0.01699340741
2020-11-30,3,catboost,1,0.6243440968,0.01941666781
2020-11-30,3,logistic_regression,1,0.6400885462,0.01941666781
2020-11-30,3,majority_baseline,1,0.6004819277,0.01941666781
2020-11-30,3,random_forest,1,0.5567257921,0.01941666781
2020-12-01,3,catboost,1,0.4148693574,0.01133824525
2020-12-01,3,logistic_regression,1,0.5201381617,0.01133824525
2020-12-01,3,majority_baseline,1,0.6004819277,0.01133824525
2020-12-01,3,random_forest,1,0.403317373,0.01133824525
2020-12-02,3,catboost,1,0.7738864585,0.0001635747938
2020-12-02,3,logistic_regression,1,0.543821028,0.0001635747938
2020-12-02,3,majority_baseline,1,0.6004819277,0.0001635747938
2020-12-02,3,random_forest,1,0.474536609,0.0001635747938
2020-12-03,3,catboost,1,0.7888200535,0.0001091074197
2020-12-03,3,logistic_regression,1,0.5879327875,0.0001091074197
2020-12-03,3,majority_baseline,1,0.6004819277,0.0001091074197
2020-12-03,3,random_forest,1,0.4526753173,0.0001091074197
2020-12-04,3,catboost,0,0.4621038576,-0.009598535194
2020-12-04,3,logistic_regression,0,0.5532731239,-0.009598535194
2020-12-04,3,majority_baseline,0,0.6004819277,-0.009598535194
2020-12-04,3,random_forest,0,0.4081569236,-0.009598535194
2020-12-07,3,catboost,0,0.6321230402,-0.01200247269
2020-12-07,3,logistic_regression,0,0.5792547287,-0.01200247269
2020-12-07,3,majority_baseline,0,0.6004819277,-0.01200247269
2020-12-07,3,random_forest,0,0.4434501819,-0.01200247269
2020-12-08,3,catboost,0,0.7313967808,-0.001566893803
2020-12-08,3,logistic_regression,0,0.5897509814,-0.001566893803
2020-12-08,3,majority_baseline,0,0.6004819277,-0.001566893803
2020-12-08,3,random_forest,0,0.4122212411,-0.001566893803
2020-12-09,3,catboost,1,0.8293081629,0.009050040193
2020-12-09,3,logistic_regression,1,0.5840083907,0.009050040193
2020-12-09,3,majority_baseline,1,0.6004819277,0.009050040193
2020-12-09,3,random_forest,1,0.5687890554,0.009050040193
2020-12-10,3,catboost,1,0.7705415248,0.01502462039
2020-12-10,3,logistic_regression,1,0.5565840396,0.01502462039
2020-12-10,3,majority_baseline,1,0.6004819277,0.01502462039
2020-12-10,3,random_forest,1,0.5524666234,0.01502462039
2020-12-11,3,catboost,1,0.7388151623,0.007862421501
2020-12-11,3,logistic_regression,1,0.5789552388,0.007862421501
2020-12-11,3,majority_baseline,1,0.6004819277,0.007862421501
2020-12-11,3,random_forest,1,0.5269717913,0.007862421501
2020-12-14,3,catboost,1,0.7904141044,0.008775247265
2020-12-14,3,logistic_regression,1,0.6060221403,0.008775247265
2020-12-14,3,majority_baseline,1,0.6004819277,0.008775247265
2020-12-14,3,random_forest,1,0.5466343197,0.008775247265
2020-12-15,3,catboost,0,0.6910390014,-0.006358413711
2020-12-15,3,logistic_regression,0,0.5326162206,-0.006358413711
2020-12-15,3,majority_baseline,0,0.6004819277,-0.006358413711
2020-12-15,3,random_forest,0,0.4887090776,-0.006358413711
2020-12-16,3,catboost,0,0.6288400332,-0.0070238161
2020-12-16,3,logistic_regression,0,0.5255108087,-0.0070238161
2020-12-16,3,majority_baseline,0,0.6004819277,-0.0070238161
2020-12-16,3,random_forest,0,0.4683524608,-0.0070238161
2020-12-17,3,catboost,0,0.4831043867,-0.008704035798
2020-12-17,3,logistic_regression,0,0.527672891,-0.008704035798
2020-12-17,3,majority_baseline,0,0.6004819277,-0.008704035798
2020-12-17,3,random_forest,0,0.4312315864,-0.008704035798
2020-12-18,3,catboost,1,0.6806393785,0.008099086514
2020-12-18,3,logistic_regression,1,0.5320825657,0.008099086514
2020-12-18,3,majority_baseline,1,0.6004819277,0.008099086514
2020-12-18,3,random_forest,1,0.5371751539,0.008099086514
2020-12-21,3,catboost,1,0.6728157155,0.009786348727
2020-12-21,3,logistic_regression,1,0.6899248893,0.009786348727
2020-12-21,3,majority_baseline,1,0.6004819277,0.009786348727
2020-12-21,3,random_forest,1,0.5328611796,0.009786348727
2020-12-22,3,catboost,1,0.7967152192,0.01293432123
2020-12-22,3,logistic_regression,1,0.5517794217,0.01293432123
2020-12-22,3,majority_baseline,1,0.6004819277,0.01293432123
2020-12-22,3,random_forest,1,0.5358983132,0.01293432123
2020-12-23,3,catboost,1,0.6634079774,0.01716679129
2020-12-23,3,logistic_regression,1,0.5874771542,0.01716679129
2020-12-23,3,majority_baseline,1,0.6004819277,0.01716679129
2020-12-23,3,random_forest,1,0.4892300694,0.01716679129
2020-12-24,3,catboost,0,0.6401677964,-0.0005690826558
2020-12-24,3,logistic_regression,0,0.5787051855,-0.0005690826558
2020-12-24,3,majority_baseline,0,0.6004819277,-0.0005690826558
2020-12-24,3,random_forest,0,0.4821886687,-0.0005690826558
2020-12-28,3,catboost,0,0.6729426081,-0.002257105005
2020-12-28,3,logistic_regression,0,0.592825025,-0.002257105005
2020-12-28,3,majority_baseline,0,0.6004819277,-0.002257105005
2020-12-28,3,random_forest,0,0.4864702663,-0.002257105005
2020-12-29,3,catboost,1,0.5882822034,0.005626437161
2020-12-29,3,logistic_regression,1,0.617535019,0.005626437161
2020-12-29,3,majority_baseline,1,0.6004819277,0.005626437161
2020-12-29,3,random_forest,1,0.4786241496,0.005626437161
2020-12-30,3,catboost,1,0.5867643144,0.01911346027
2020-12-30,3,logistic_regression,1,0.5498976368,0.01911346027
2020-12-30,3,majority_baseline,1,0.6004819277,0.01911346027
2020-12-30,3,random_forest,1,0.4424609913,0.01911346027
2020-12-31,3,catboost,1,0.5235853241,0.01973896652
2020-12-31,3,logistic_regression,1,0.5668593322,0.01973896652
2020-12-31,3,majority_baseline,1,0.6004819277,0.01973896652
2020-12-31,3,random_forest,1,0.4802799802,0.01973896652
2021-01-04,3,catboost,1,0.6441663781,0.02684452852
2021-01-04,3,logistic_regression,1,0.6328403782,0.02684452852
2021-01-04,3,majority_baseline,1,0.6004819277,0.02684452852
2021-01-04,3,random_forest,1,0.509631844,0.02684452852
2021-01-05,3,catboost,1,0.5415719765,0.02003609369
2021-01-05,3,logistic_regression,1,0.5686602105,0.02003609369
2021-01-05,3,majority_baseline,1,0.6004819277,0.02003609369
2021-01-05,3,random_forest,1,0.4703225651,0.02003609369
2021-01-06,3,catboost,1,0.5421339317,0.01670464705
2021-01-06,3,logistic_regression,1,0.6226975134,0.01670464705
2021-01-06,3,majority_baseline,1,0.6004819277,0.01670464705
2021-01-06,3,random_forest,1,0.491406553,0.01670464705
2021-01-07,3,catboost,0,0.5235919839,-0.001688247401
2021-01-07,3,logistic_regression,0,0.5510532087,-0.001688247401
2021-01-07,3,majority_baseline,0,0.6004819277,-0.001688247401
2021-01-07,3,random_forest,0,0.4507162955,-0.001688247401
2021-01-08,3,catboost,0,0.3156891908,-0.01458321738
2021-01-08,3,logistic_regression,0,0.5782215204,-0.01458321738
2021-01-08,3,majority_baseline,0,0.6004819277,-0.01458321738
2021-01-08,3,random_forest,0,0.3397845646,-0.01458321738
2021-01-11,3,catboost,0,0.5977016492,-0.0001056497392
2021-01-11,3,logistic_regression,0,0.5690119611,-0.0001056497392
2021-01-11,3,majority_baseline,0,0.6004819277,-0.0001056497392
2021-01-11,3,random_forest,0,0.4959851717,-0.0001056497392
2021-01-12,3,catboost,1,0.6042387485,0.013517506
2021-01-12,3,logistic_regression,1,0.5785534496,0.013517506
2021-01-12,3,majority_baseline,1,0.6004819277,0.013517506
2021-01-12,3,random_forest,1,0.4868537285,0.013517506
2021-01-13,3,catboost,1,0.6174164063,0.01171695305
2021-01-13,3,logistic_regression,1,0.5860787165,0.01171695305
2021-01-13,3,majority_baseline,1,0.6004819277,0.01171695305
2021-01-13,3,random_forest,1,0.4834947336,0.01171695305
2021-01-14,3,catboost,1,0.4908201458,0.01167894493
2021-01-14,3,logistic_regression,1,0.5954100041,0.01167894493
2021-01-14,3,majority_baseline,1,0.6004819277,0.01167894493
2021-01-14,3,random_forest,1,0.4735204008,0.01167894493
2021-01-15,3,catboost,1,0.6399518555,0.02313016268
2021-01-15,3,logistic_regression,1,0.6079453266,0.02313016268
2021-01-15,3,majority_baseline,1,0.6004819277,0.02313016268
2021-01-15,3,random_forest,1,0.5309084184,0.02313016268
2021-01-19,3,catboost,1,0.6104022703,0.01357457991
2021-01-19,3,logistic_regression,1,0.5859767376,0.01357457991
2021-01-19,3,majority_baseline,1,0.6004819277,0.01357457991
2021-01-19,3,random_forest,1,0.4881616294,0.01357457991
2021-01-20,3,catboost,0,0.6972687826,-0.02469460142
2021-01-20,3,logistic_regression,0,0.6002857295,-0.02469460142
2021-01-20,3,majority_baseline,0,0.6004819277,-0.02469460142
2021-01-20,3,random_forest,0,0.4932116022,-0.02469460142
2021-01-21,3,catboost,0,0.6220524928,-0.0172027521
2021-01-21,3,logistic_regression,0,0.563745695,-0.0172027521
2021-01-21,3,majority_baseline,0,0.6004819277,-0.0172027521
2021-01-21,3,random_forest,0,0.4626689019,-0.0172027521
2021-01-22,3,catboost,0,0.637295632,-0.0334569511
2021-01-22,3,logistic_regression,0,0.5595273782,-0.0334569511
2021-01-22,3,majority_baseline,0,0.6004819277,-0.0334569511
2021-01-22,3,random_forest,0,0.5082548588,-0.0334569511
2021-01-25,3,catboost,0,0.53116322,-0.02122844842
2021-01-25,3,logistic_regression,0,0.5899140519,-0.02122844842
2021-01-25,3,majority_baseline,0,0.6004819277,-0.02122844842
2021-01-25,3,random_forest,0,0.4675999639,-0.02122844842
2021-01-26,3,catboost,0,0.6395295772,-0.00583657899
2021-01-26,3,logistic_regression,0,0.5640343887,-0.00583657899
2021-01-26,3,majority_baseline,0,0.6004819277,-0.00583657899
2021-01-26,3,random_forest,0,0.4919785827,-0.00583657899
2021-01-27,3,catboost,1,0.5416564333,0.01987127034
2021-01-27,3,logistic_regression,1,0.674618703,0.01987127034
2021-01-27,3,majority_baseline,1,0.6004819277,0.01987127034
2021-01-27,3,random_forest,1,0.5148567664,0.01987127034
2021-01-28,3,catboost,1,0.6314550724,0.02266768368
2021-01-28,3,logistic_regression,1,0.5825011316,0.02266768368
2021-01-28,3,majority_baseline,1,0.6004819277,0.02266768368
2021-01-28,3,random_forest,1,0.5095605799,0.02266768368
2021-01-29,3,catboost,1,0.5580348058,0.04766661402
2021-01-29,3,logistic_regression,1,0.6393506937,0.04766661402
2021-01-29,3,majority_baseline,1,0.6004819277,0.04766661402
2021-01-29,3,random_forest,1,0.4963003269,0.04766661402
2021-02-01,3,catboost,1,0.6819902631,0.03795550164
2021-02-01,3,logistic_regression,1,0.6191810267,0.03795550164
2021-02-01,3,majority_baseline,1,0.6004819277,0.03795550164
2021-02-01,3,random_forest,1,0.5352466362,0.03795550164
2021-02-02,3,catboost,1,0.6326743235,0.02280176249
2021-02-02,3,logistic_regression,1,0.6133289343,0.02280176249
2021-02-02,3,majority_baseline,1,0.6004819277,0.02280176249
2021-02-02,3,random_forest,1,0.5289198109,0.02280176249
2021-02-03,3,catboost,1,0.5491208551,0.02155291441
2021-02-03,3,logistic_regression,1,0.5413799916,0.02155291441
2021-02-03,3,majority_baseline,1,0.6004819277,0.02155291441
2021-02-03,3,random_forest,1,0.5389391373,0.02155291441
2021-02-04,3,catboost,1,0.6195002994,0.01170405519
2021-02-04,3,logistic_regression,1,0.5445370053,0.01170405519
2021-02-04,3,majority_baseline,1,0.6004819277,0.01170405519
2021-02-04,3,random_forest,1,0.5537849427,0.01170405519
2021-02-05,3,catboost,1,0.7155445447,0.01271574942
2021-02-05,3,logistic_regression,1,0.5191259383,0.01271574942
2021-02-05,3,majority_baseline,1,0.6004819277,0.01271574942
2021-02-05,3,random_forest,1,0.5731643989,0.01271574942
2021-02-08,3,catboost,1,0.7315755299,0.004583693004
2021-02-08,3,logistic_regression,1,0.4994189921,0.004583693004
2021-02-08,3,majority_baseline,1,0.6004819277,0.004583693004
2021-02-08,3,random_forest,1,0.5883566996,0.004583693004
2021-02-09,3,catboost,1,0.7744930673,0.00548370173
2021-02-09,3,logistic_regression,1,0.5204563621,0.00548370173
2021-02-09,3,majority_baseline,1,0.6004819277,0.00548370173
2021-02-09,3,random_forest,1,0.6003626216,0.00548370173
2021-02-10,3,catboost,1,0.6747471208,0.001640726574
2021-02-10,3,logistic_regression,1,0.6311024464,0.001640726574
2021-02-10,3,majority_baseline,1,0.6004819277,0.001640726574
2021-02-10,3,random_forest,1,0.6017851411,0.001640726574
2021-02-11,3,catboost,0,0.7178392036,-0.001740402638
2021-02-11,3,logistic_regression,0,0.5787891679,-0.001740402638
2021-02-11,3,majority_baseline,0,0.6004819277,-0.001740402638
2021-02-11,3,random_forest,0,0.6055847275,-0.001740402638
2021-02-12,3,catboost,0,0.7539693551,-0.01428793702
2021-02-12,3,logistic_regression,0,0.6350206446,-0.01428793702
2021-02-12,3,majority_baseline,0,0.6004819277,-0.01428793702
2021-02-12,3,random_forest,0,0.6098108548,-0.01428793702
2021-02-16,3,catboost,0,0.767974939,-0.01223550331
2021-02-16,3,logistic_regression,0,0.6008727353,-0.01223550331
2021-02-16,3,majority_baseline,0,0.6004819277,-0.01223550331
2021-02-16,3,random_forest,0,0.6108023976,-0.01223550331
2021-02-17,3,catboost,0,0.7328512382,-0.001580125836
2021-02-17,3,logistic_regression,0,0.5774563393,-0.001580125836
2021-02-17,3,majority_baseline,0,0.6004819277,-0.001580125836
2021-02-17,3,random_forest,0,0.599690312,-0.001580125836
2021-02-18,3,catboost,0,0.6871354453,-0.02147321502
2021-02-18,3,logistic_regression,0,0.5809608362,-0.02147321502
2021-02-18,3,majority_baseline,0,0.6004819277,-0.02147321502
2021-02-18,3,random_forest,0,0.5870340666,-0.02147321502
2021-02-19,3,catboost,0,0.6158537006,-0.02479299908
2021-02-19,3,logistic_regression,0,0.5414929471,-0.02479299908
2021-02-19,3,majority_baseline,0,0.6004819277,-0.02479299908
2021-02-19,3,random_forest,0,0.5516769109,-0.02479299908
2021-02-22,3,catboost,1,0.5927306801,0.006588605038
2021-02-22,3,logistic_regression,1,0.5405848223,0.006588605038
2021-02-22,3,majority_baseline,1,0.6004819277,0.006588605038
2021-02-22,3,random_forest,1,0.5310345263,0.006588605038
2021-02-23,3,catboost,0,0.6838005661,-0.002477397419
2021-02-23,3,logistic_regression,0,0.5937628589,-0.002477397419
2021-02-23,3,majority_baseline,0,0.6004819277,-0.002477397419
2021-02-23,3,random_forest,0,0.5505662048,-0.002477397419
2021-02-24,3,catboost,0,0.6155683212,-0.02641850037
2021-02-24,3,logistic_regression,0,0.5535632183,-0.02641850037
2021-02-24,3,majority_baseline,0,0.6004819277,-0.02641850037
2021-02-24,3,random_forest,0,0.5382189185,-0.02641850037
2021-02-25,3,catboost,0,0.620375887,-0.01472543247
2021-02-25,3,logistic_regression,0,0.6613959341,-0.01472543247
2021-02-25,3,majority_baseline,0,0.6004819277,-0.01472543247
2021-02-25,3,random_forest,0,0.556052293,-0.01472543247
2021-02-26,3,catboost,1,0.6173890685,0.008597170117
2021-02-26,3,logistic_regression,1,0.5883734917,0.008597170117
2021-02-26,3,majority_baseline,1,0.6004819277,0.008597170117
2021-02-26,3,random_forest,1,0.5166979276,0.008597170117
2021-03-01,3,catboost,0,0.7316161343,-0.02017553691
2021-03-01,3,logistic_regression,0,0.6104937971,-0.02017553691
2021-03-01,3,majority_baseline,0,0.6004819277,-0.02017553691
2021-03-01,3,random_forest,0,0.5472759789,-0.02017553691
2021-03-02,3,catboost,1,0.6283746866,0.0016298569
2021-03-02,3,logistic_regression,1,0.5621694858,0.0016298569
2021-03-02,3,majority_baseline,1,0.6004819277,0.0016298569
2021-03-02,3,random_forest,1,0.5314819232,0.0016298569
2021-03-03,3,catboost,1,0.6751011402,0.02139366817
2021-03-03,3,logistic_regression,1,0.5980394577,0.02139366817
2021-03-03,3,majority_baseline,1,0.6004819277,0.02139366817
2021-03-03,3,random_forest,1,0.5529703919,0.02139366817
2021-03-04,3,catboost,1,0.6818624318,0.04467742515
2021-03-04,3,logistic_regression,1,0.6709698169,0.04467742515
2021-03-04,3,majority_baseline,1,0.6004819277,0.04467742515
2021-03-04,3,random_forest,1,0.5870862355,0.04467742515
2021-03-05,3,catboost,1,0.6614722549,0.0271876354
2021-03-05,3,logistic_regression,1,0.6293588079,0.0271876354
2021-03-05,3,majority_baseline,1,0.6004819277,0.0271876354
2021-03-05,3,random_forest,1,0.5464462556,0.0271876354
2021-03-08,3,catboost,1,0.5609702875,0.03848371176
2021-03-08,3,logistic_regression,1,0.5981055774,0.03848371176
2021-03-08,3,majority_baseline,1,0.6004819277,0.03848371176
2021-03-08,3,random_forest,1,0.5158913716,0.03848371176
2021-03-09,3,catboost,1,0.4264695896,0.02257403724
2021-03-09,3,logistic_regression,1,0.5569233006,0.02257403724
2021-03-09,3,majority_baseline,1,0.6004819277,0.02257403724
2021-03-09,3,random_forest,1,0.4798054601,0.02257403724
2021-03-10,3,catboost,1,0.5271958405,0.01971359789
2021-03-10,3,logistic_regression,1,0.5094273014,0.01971359789
2021-03-10,3,majority_baseline,1,0.6004819277,0.01971359789
2021-03-10,3,random_forest,1,0.4980408722,0.01971359789
2021-03-11,3,catboost,0,0.6852480309,-0.005209228791
2021-03-11,3,logistic_regression,0,0.5650193816,-0.005209228791
2021-03-11,3,majority_baseline,0,0.6004819277,-0.005209228791
2021-03-11,3,random_forest,0,0.549160254,-0.005209228791
2021-03-12,3,catboost,0,0.6844500154,-0.01162256161
2021-03-12,3,logistic_regression,0,0.5809315652,-0.01162256161
2021-03-12,3,majority_baseline,0,0.6004819277,-0.01162256161
2021-03-12,3,random_forest,0,0.5731417023,-0.01162256161
2021-03-15,3,catboost,0,0.599275917,-0.009636506053
2021-03-15,3,logistic_regression,0,0.5459460291,-0.009636506053
2021-03-15,3,majority_baseline,0,0.6004819277,-0.009636506053
2021-03-15,3,random_forest,0,0.5472421454,-0.009636506053
2021-03-16,3,catboost,0,0.631072512,-0.01619055755
2021-03-16,3,logistic_regression,0,0.5458794698,-0.01619055755
2021-03-16,3,majority_baseline,0,0.6004819277,-0.01619055755
2021-03-16,3,random_forest,0,0.564656538,-0.01619055755
2021-03-17,3,catboost,0,0.5994260041,-0.0245179997
2021-03-17,3,logistic_regression,0,0.6012346158,-0.0245179997
2021-03-17,3,majority_baseline,0,0.6004819277,-0.0245179997
2021-03-17,3,random_forest,0,0.5524736384,-0.0245179997
2021-03-18,3,catboost,0,0.4984121691,-0.004546844666
2021-03-18,3,logistic_regression,0,0.6515877095,-0.004546844666
2021-03-18,3,majority_baseline,0,0.6004819277,-0.004546844666
2021-03-18,3,random_forest,0,0.5145156034,-0.004546844666
2021-03-19,3,catboost,1,0.5491753666,0.01668891809
2021-03-19,3,logistic_regression,1,0.5975708859,0.01668891809
2021-03-19,3,majority_baseline,1,0.6004819277,0.01668891809
2021-03-19,3,random_forest,1,0.5108462104,0.01668891809
2021-03-22,4,catboost,1,0.6200187562,0.008125531802
2021-03-22,4,logistic_regression,1,0.6294276688,0.008125531802
2021-03-22,4,majority_baseline,1,0.6072976879,0.008125531802
2021-03-22,4,random_forest,1,0.5300528775,0.008125531802
2021-03-23,4,catboost,1,0.5914184383,0.01342749936
2021-03-23,4,logistic_regression,1,0.6408699553,0.01342749936
2021-03-23,4,majority_baseline,1,0.6072976879,0.01342749936
2021-03-23,4,random_forest,1,0.512912056,0.01342749936
2021-03-24,4,catboost,1,0.5225012004,0.02273430494
2021-03-24,4,logistic_regression,1,0.6270213228,0.02273430494
2021-03-24,4,majority_baseline,1,0.6072976879,0.02273430494
2021-03-24,4,random_forest,1,0.4971050496,0.02273430494
2021-03-25,4,catboost,1,0.5430194056,0.02799582463
2021-03-25,4,logistic_regression,1,0.5963564579,0.02799582463
2021-03-25,4,majority_baseline,1,0.6072976879,0.02799582463
2021-03-25,4,random_forest,1,0.4979155784,0.02799582463
2021-03-26,4,catboost,1,0.649505562,0.02621337975
2021-03-26,4,logistic_regression,1,0.5560288031,0.02621337975
2021-03-26,4,majority_baseline,1,0.6072976879,0.02621337975
2021-03-26,4,random_forest,1,0.5248500985,0.02621337975
2021-03-29,4,catboost,1,0.6236900624,0.02612561608
2021-03-29,4,logistic_regression,1,0.5540275006,0.02612561608
2021-03-29,4,majority_baseline,1,0.6072976879,0.02612561608
2021-03-29,4,random_forest,1,0.5074333318,0.02612561608
2021-03-30,4,catboost,1,0.6388717389,0.03004581605
2021-03-30,4,logistic_regression,1,0.5869618922,0.03004581605
2021-03-30,4,majority_baseline,1,0.6072976879,0.03004581605
2021-03-30,4,random_forest,1,0.5325039815,0.03004581605
2021-03-31,4,catboost,1,0.6650260565,0.03075720438
2021-03-31,4,logistic_regression,1,0.5899816988,0.03075720438
2021-03-31,4,majority_baseline,1,0.6072976879,0.03075720438
2021-03-31,4,random_forest,1,0.5282429941,0.03075720438
2021-04-01,4,catboost,1,0.6593312618,0.02715859613
2021-04-01,4,logistic_regression,1,0.5755505818,0.02715859613
2021-04-01,4,majority_baseline,1,0.6072976879,0.02715859613
2021-04-01,4,random_forest,1,0.5450443367,0.02715859613
2021-04-05,4,catboost,1,0.5369468613,0.01299347719
2021-04-05,4,logistic_regression,1,0.5851432529,0.01299347719
2021-04-05,4,majority_baseline,1,0.6072976879,0.01299347719
2021-04-05,4,random_forest,1,0.5266768629,0.01299347719
2021-04-06,4,catboost,1,0.8396689497,0.01659605629
2021-04-06,4,logistic_regression,1,0.615746799,0.01659605629
2021-04-06,4,majority_baseline,1,0.6072976879,0.01659605629
2021-04-06,4,random_forest,1,0.6174064789,0.01659605629
2021-04-07,4,catboost,1,0.730540545,0.01195311233
2021-04-07,4,logistic_regression,1,0.6484190548,0.01195311233
2021-04-07,4,majority_baseline,1,0.6072976879,0.01195311233
2021-04-07,4,random_forest,1,0.5590346103,0.01195311233
2021-04-08,4,catboost,1,0.7151049821,0.0179917906
2021-04-08,4,logistic_regression,1,0.6524732378,0.0179917906
2021-04-08,4,majority_baseline,1,0.6072976879,0.0179917906
2021-04-08,4,random_forest,1,0.5569164005,0.0179917906
2021-04-09,4,catboost,1,0.6351549718,0.01402225993
2021-04-09,4,logistic_regression,1,0.6376557095,0.01402225993
2021-04-09,4,majority_baseline,1,0.6072976879,0.01402225993
2021-04-09,4,random_forest,1,0.4746755003,0.01402225993
2021-04-12,4,catboost,1,0.6975170092,0.008672570142
2021-04-12,4,logistic_regression,1,0.6176418677,0.008672570142
2021-04-12,4,majority_baseline,1,0.6072976879,0.008672570142
2021-04-12,4,random_forest,1,0.5088521355,0.008672570142
2021-04-13,4,catboost,0,0.6778156064,-0.00167120095
2021-04-13,4,logistic_regression,0,0.6242849627,-0.00167120095
2021-04-13,4,majority_baseline,0,0.6072976879,-0.00167120095
2021-04-13,4,random_forest,0,0.5081536107,-0.00167120095
2021-04-14,4,catboost,1,0.6298670801,0.0112285696
2021-04-14,4,logistic_regression,1,0.637375589,0.0112285696
2021-04-14,4,majority_baseline,1,0.6072976879,0.0112285696
2021-04-14,4,random_forest,1,0.5310293957,0.0112285696
2021-04-15,4,catboost,0,0.5941723502,-0.008656566096
2021-04-15,4,logistic_regression,0,0.6114371448,-0.008656566096
2021-04-15,4,majority_baseline,0,0.6072976879,-0.008656566096
2021-04-15,4,random_forest,0,0.4823476291,-0.008656566096
2021-04-16,4,catboost,0,0.5345197738,-0.001246272319
2021-04-16,4,logistic_regression,0,0.5961066617,-0.001246272319
2021-04-16,4,majority_baseline,0,0.6072976879,-0.001246272319
2021-04-16,4,random_forest,0,0.4376509408,-0.001246272319
2021-04-19,4,catboost,1,0.5181443402,0.005780193033
2021-04-19,4,logistic_regression,1,0.5752669288,0.005780193033
2021-04-19,4,majority_baseline,1,0.6072976879,0.005780193033
2021-04-19,4,random_forest,1,0.4742393722,0.005780193033
2021-04-20,4,catboost,1,0.6263829102,0.01298002141
2021-04-20,4,logistic_regression,1,0.5970763732,0.01298002141
2021-04-20,4,majority_baseline,1,0.6072976879,0.01298002141
2021-04-20,4,random_forest,1,0.5216137291,0.01298002141
2021-04-21,4,catboost,1,0.5046708976,0.003196545237
2021-04-21,4,logistic_regression,1,0.5928047432,0.003196545237
2021-04-21,4,majority_baseline,1,0.6072976879,0.003196545237
2021-04-21,4,random_forest,1,0.4599537861,0.003196545237
2021-04-22,4,catboost,1,0.6822626087,0.01889540546
2021-04-22,4,logistic_regression,1,0.6044383255,0.01889540546
2021-04-22,4,majority_baseline,1,0.6072976879,0.01889540546
2021-04-22,4,random_forest,1,0.5312132765,0.01889540546
2021-04-23,4,catboost,1,0.5655802106,0.00134375777
2021-04-23,4,logistic_regression,1,0.5739971699,0.00134375777
2021-04-23,4,majority_baseline,1,0.6072976879,0.00134375777
2021-04-23,4,random_forest,1,0.4863291789,0.00134375777
2021-04-26,4,catboost,1,0.7001413493,0.001412865642
2021-04-26,4,logistic_regression,1,0.5900097327,0.001412865642
2021-04-26,4,majority_baseline,1,0.6072976879,0.001412865642
2021-04-26,4,random_forest,1,0.4835537596,0.001412865642
2021-04-27,4,catboost,0,0.6344125167,-0.004550665717
2021-04-27,4,logistic_regression,0,0.6128918964,-0.004550665717
2021-04-27,4,majority_baseline,0,0.6072976879,-0.004550665717
2021-04-27,4,random_forest,0,0.4741594925,-0.004550665717
2021-04-28,4,catboost,0,0.7113354576,-0.003953028088
2021-04-28,4,logistic_regression,0,0.6253487265,-0.003953028088
2021-04-28,4,majority_baseline,0,0.6072976879,-0.003953028088
2021-04-28,4,random_forest,0,0.5025459059,-0.003953028088
2021-04-29,4,catboost,0,0.5915337124,-0.002356783092
2021-04-29,4,logistic_regression,0,0.5894013043,-0.002356783092
2021-04-29,4,majority_baseline,0,0.6072976879,-0.002356783092
2021-04-29,4,random_forest,0,0.436966776,-0.002356783092
2021-04-30,4,catboost,1,0.772622146,0.01155046116
2021-04-30,4,logistic_regression,1,0.547022069,0.01155046116
2021-04-30,4,majority_baseline,1,0.6072976879,0.01155046116
2021-04-30,4,random_forest,1,0.5331304355,0.01155046116
2021-05-03,4,catboost,0,0.7652849906,-0.0006217355151
2021-05-03,4,logistic_regression,0,0.5727660342,-0.0006217355151
2021-05-03,4,majority_baseline,0,0.6072976879,-0.0006217355151
2021-05-03,4,random_forest,0,0.5432038081,-0.0006217355151
2021-05-04,4,catboost,0,0.7451911765,-0.003392530717
2021-05-04,4,logistic_regression,0,0.5772381891,-0.003392530717
2021-05-04,4,majority_baseline,0,0.6072976879,-0.003392530717
2021-05-04,4,random_forest,0,0.5483004469,-0.003392530717
2021-05-05,4,catboost,0,0.74175595,-0.02487070667
2021-05-05,4,logistic_regression,0,0.5913414867,-0.02487070667
2021-05-05,4,majority_baseline,0,0.6072976879,-0.02487070667
2021-05-05,4,random_forest,0,0.5467084031,-0.02487070667
2021-05-06,4,catboost,0,0.7168546837,-0.02097503602
2021-05-06,4,logistic_regression,0,0.6118264225,-0.02097503602
2021-05-06,4,majority_baseline,0,0.6072976879,-0.02097503602
2021-05-06,4,random_forest,0,0.5099852265,-0.02097503602
2021-05-07,4,catboost,0,0.6085884743,-0.01312425037
2021-05-07,4,logistic_regression,0,0.5775174024,-0.01312425037
2021-05-07,4,majority_baseline,0,0.6072976879,-0.01312425037
2021-05-07,4,random_forest,0,0.4944574206,-0.01312425037
2021-05-10,4,catboost,0,0.7211789294,-0.005790336857
2021-05-10,4,logistic_regression,0,0.5904336767,-0.005790336857
2021-05-10,4,majority_baseline,0,0.6072976879,-0.005790336857
2021-05-10,4,random_forest,0,0.5505344459,-0.005790336857
2021-05-11,4,catboost,0,0.6428874972,-0.005480285716
2021-05-11,4,logistic_regression,0,0.5628283064,-0.005480285716
2021-05-11,4,majority_baseline,0,0.6072976879,-0.005480285716
2021-05-11,4,random_forest,0,0.5077467426,-0.005480285716
2021-05-12,4,catboost,1,0.6234115486,0.01344313572
2021-05-12,4,logistic_regression,1,0.5731323175,0.01344313572
2021-05-12,4,majority_baseline,1,0.6072976879,0.01344313572
2021-05-12,4,random_forest,1,0.5042917566,0.01344313572
2021-05-13,4,catboost,1,0.6058896861,0.01218679929
2021-05-13,4,logistic_regression,1,0.5519118056,0.01218679929
2021-05-13,4,majority_baseline,1,0.6072976879,0.01218679929
2021-05-13,4,random_forest,1,0.5131213421,0.01218679929
2021-05-14,4,catboost,0,0.6137808189,-0.003936781057
2021-05-14,4,logistic_regression,0,0.5619024794,-0.003936781057
2021-05-14,4,majority_baseline,0,0.6072976879,-0.003936781057
2021-05-14,4,random_forest,0,0.5120014603,-0.003936781057
2021-05-17,4,catboost,1,0.5911916986,0.008784233001
2021-05-17,4,logistic_regression,1,0.5932160518,0.008784233001
2021-05-17,4,majority_baseline,1,0.6072976879,0.008784233001
2021-05-17,4,random_forest,1,0.5076896285,0.008784233001
2021-05-18,4,catboost,1,0.6457810385,0.01529345964
2021-05-18,4,logistic_regression,1,0.6375429455,0.01529345964
2021-05-18,4,majority_baseline,1,0.6072976879,0.01529345964
2021-05-18,4,random_forest,1,0.512337567,0.01529345964
2021-05-19,4,catboost,1,0.599754565,0.0199825298
2021-05-19,4,logistic_regression,1,0.6291851185,0.0199825298
2021-05-19,4,majority_baseline,1,0.6072976879,0.0199825298
2021-05-19,4,random_forest,1,0.5112068174,0.0199825298
2021-05-20,4,catboost,1,0.5921790227,0.009656159005
2021-05-20,4,logistic_regression,1,0.571640927,0.009656159005
2021-05-20,4,majority_baseline,1,0.6072976879,0.009656159005
2021-05-20,4,random_forest,1,0.5034373818,0.009656159005
2021-05-21,4,catboost,1,0.5455420098,0.01229094826
2021-05-21,4,logistic_regression,1,0.5801557673,0.01229094826
2021-05-21,4,majority_baseline,1,0.6072976879,0.01229094826
2021-05-21,4,random_forest,1,0.4876830895,0.01229094826
2021-05-24,4,catboost,1,0.6639726555,0.001192833418
2021-05-24,4,logistic_regression,1,0.5966608111,0.001192833418
2021-05-24,4,majority_baseline,1,0.6072976879,0.001192833418
2021-05-24,4,random_forest,1,0.5289921193,0.001192833418
2021-05-25,4,catboost,1,0.6694795786,0.004997122344
2021-05-25,4,logistic_regression,1,0.6330771069,0.004997122344
2021-05-25,4,majority_baseline,1,0.6072976879,0.004997122344
2021-05-25,4,random_forest,1,0.5311168923,0.004997122344
2021-05-26,4,catboost,0,0.6956487037,-0.0007159145125
2021-05-26,4,logistic_regression,0,0.6558870315,-0.0007159145125
2021-05-26,4,majority_baseline,0,0.6072976879,-0.0007159145125
2021-05-26,4,random_forest,0,0.5547665661,-0.0007159145125
2021-05-27,4,catboost,1,0.5388014559,0.007894291619
2021-05-27,4,logistic_regression,1,0.6534014346,0.007894291619
2021-05-27,4,majority_baseline,1,0.6072976879,0.007894291619
2021-05-27,4,random_forest,1,0.5090317858,0.007894291619
2021-05-28,4,catboost,1,0.5894497705,0.005118545511
2021-05-28,4,logistic_regression,1,0.6106308224,0.005118545511
2021-05-28,4,majority_baseline,1,0.6072976879,0.005118545511
2021-05-28,4,random_forest,1,0.5068391613,0.005118545511
2021-06-01,4,catboost,1,0.562234329,0.006219137219
2021-06-01,4,logistic_regression,1,0.6207738458,0.006219137219
2021-06-01,4,majority_baseline,1,0.6072976879,0.006219137219
2021-06-01,4,random_forest,1,0.5009793072,0.006219137219
2021-06-02,4,catboost,1,0.5845490308,0.003140407161
2021-06-02,4,logistic_regression,1,0.63145514,0.003140407161
2021-06-02,4,majority_baseline,1,0.6072976879,0.003140407161
2021-06-02,4,random_forest,1,0.504868697,0.003140407161
2021-06-03,4,catboost,1,0.603189084,0.01155764865
2021-06-03,4,logistic_regression,1,0.6512771542,0.01155764865
2021-06-03,4,majority_baseline,1,0.6072976879,0.01155764865
2021-06-03,4,random_forest,1,0.5225940657,0.01155764865
2021-06-04,4,catboost,1,0.608531323,0.004046359383
2021-06-04,4,logistic_regression,1,0.6119580544,0.004046359383
2021-06-04,4,majority_baseline,1,0.6072976879,0.004046359383
2021-06-04,4,random_forest,1,0.525344984,0.004046359383
2021-06-07,4,catboost,1,0.6657477423,0.007271625056
2021-06-07,4,logistic_regression,1,0.609910166,0.007271625056
2021-06-07,4,majority_baseline,1,0.6072976879,0.007271625056
2021-06-07,4,random_forest,1,0.526930709,0.007271625056
2021-06-08,4,catboost,1,0.6072991196,0.0052098423
2021-06-08,4,logistic_regression,1,0.6084049182,0.0052098423
2021-06-08,4,majority_baseline,1,0.6072976879,0.0052098423
2021-06-08,4,random_forest,1,0.520426675,0.0052098423
2021-06-09,4,catboost,1,0.6017249955,0.001090932068
2021-06-09,4,logistic_regression,1,0.6184591448,0.001090932068
2021-06-09,4,majority_baseline,1,0.6072976879,0.001090932068
2021-06-09,4,random_forest,1,0.523910404,0.001090932068
2021-06-10,4,catboost,0,0.4832314708,-0.0038714484
2021-06-10,4,logistic_regression,0,0.6199801498,-0.0038714484
2021-06-10,4,majority_baseline,0,0.6072976879,-0.0038714484
2021-06-10,4,random_forest,0,0.4381173954,-0.0038714484
2021-06-11,4,catboost,0,0.4090744075,-0.02213000932
2021-06-11,4,logistic_regression,0,0.6159149251,-0.02213000932
2021-06-11,4,majority_baseline,0,0.6072976879,-0.02213000932
2021-06-11,4,random_forest,0,0.4355101756,-0.02213000932
2021-06-14,4,catboost,0,0.5507165644,-0.01034666862
2021-06-14,4,logistic_regression,0,0.6209386053,-0.01034666862
2021-06-14,4,majority_baseline,0,0.6072976879,-0.01034666862
2021-06-14,4,random_forest,0,0.4662718251,-0.01034666862
2021-06-15,4,catboost,0,0.6223357881,-0.003227538552
2021-06-15,4,logistic_regression,0,0.625028074,-0.003227538552
2021-06-15,4,majority_baseline,0,0.6072976879,-0.003227538552
2021-06-15,4,random_forest,0,0.472086462,-0.003227538552
2021-06-16,4,catboost,1,0.6216422634,0.001160883933
2021-06-16,4,logistic_regression,1,0.6081204558,0.001160883933
2021-06-16,4,majority_baseline,1,0.6072976879,0.001160883933
2021-06-16,4,random_forest,1,0.5169810221,0.001160883933
2021-06-17,4,catboost,1,0.5214644744,0.007417600519
2021-06-17,4,logistic_regression,1,0.5500372922,0.007417600519
2021-06-17,4,majority_baseline,1,0.6072976879,0.007417600519
2021-06-17,4,random_forest,1,0.4830743121,0.007417600519
2021-06-18,4,catboost,1,0.5373028126,0.02817403746
2021-06-18,4,logistic_regression,1,0.545037792,0.02817403746
2021-06-18,4,majority_baseline,1,0.6072976879,0.02817403746
2021-06-18,4,random_forest,1,0.5035125145,0.02817403746
2021-06-21,4,catboost,1,0.6357352754,0.01570597355
2021-06-21,4,logistic_regression,1,0.5623130525,0.01570597355
2021-06-21,4,majority_baseline,1,0.6072976879,0.01570597355
2021-06-21,4,random_forest,1,0.4898076507,0.01570597355
2021-06-22,4,catboost,1,0.4300832782,0.01084830649
2021-06-22,4,logistic_regression,1,0.5839122218,0.01084830649
2021-06-22,4,majority_baseline,1,0.6072976879,0.01084830649
2021-06-22,4,random_forest,1,0.4328527914,0.01084830649
2021-06-23,4,catboost,1,0.4217341463,0.01291999863
2021-06-23,4,logistic_regression,1,0.6077499802,0.01291999863
2021-06-23,4,majority_baseline,1,0.6072976879,0.01291999863
2021-06-23,4,random_forest,1,0.4144560975,0.01291999863
2021-06-24,4,catboost,1,0.4349404429,0.0125381946
2021-06-24,4,logistic_regression,1,0.6054074132,0.0125381946
2021-06-24,4,majority_baseline,1,0.6072976879,0.0125381946
2021-06-24,4,random_forest,1,0.4107251963,0.0125381946
2021-06-25,4,catboost,1,0.6157282177,0.0166663136
2021-06-25,4,logistic_regression,1,0.5999010826,0.0166663136
2021-06-25,4,majority_baseline,1,0.6072976879,0.0166663136
2021-06-25,4,random_forest,1,0.470436627,0.0166663136
2021-06-28,4,catboost,1,0.594620438,0.01277280624
2021-06-28,4,logistic_regression,1,0.5857989424,0.01277280624
2021-06-28,4,majority_baseline,1,0.6072976879,0.01277280624
2021-06-28,4,random_forest,1,0.4621912406,0.01277280624
2021-06-29,4,catboost,1,0.5305990743,0.01580542228
2021-06-29,4,logistic_regression,1,0.6036318246,0.01580542228
2021-06-29,4,majority_baseline,1,0.6072976879,0.01580542228
2021-06-29,4,random_forest,1,0.4422644657,0.01580542228
2021-06-30,4,catboost,1,0.6275027475,0.006681343307
2021-06-30,4,logistic_regression,1,0.6370911635,0.006681343307
2021-06-30,4,majority_baseline,1,0.6072976879,0.006681343307
2021-06-30,4,random_forest,1,0.4678021579,0.006681343307
2021-07-01,4,catboost,1,0.540522988,0.01182537552
2021-07-01,4,logistic_regression,1,0.5917800648,0.01182537552
2021-07-01,4,majority_baseline,1,0.6072976879,0.01182537552
2021-07-01,4,random_forest,1,0.4414351899,0.01182537552
2021-07-02,4,catboost,1,0.4442877434,0.007746899822
2021-07-02,4,logistic_regression,1,0.6210616202,0.007746899822
2021-07-02,4,majority_baseline,1,0.6072976879,0.007746899822
2021-07-02,4,random_forest,1,0.4428706053,0.007746899822
2021-07-06,4,catboost,1,0.4951026287,0.006144188772
2021-07-06,4,logistic_regression,1,0.6017595048,0.006144188772
2021-07-06,4,majority_baseline,1,0.6072976879,0.006144188772
2021-07-06,4,random_forest,1,0.4349394099,0.006144188772
2021-07-07,4,catboost,1,0.5224414988,0.004097037092
2021-07-07,4,logistic_regression,1,0.5861713028,0.004097037092
2021-07-07,4,majority_baseline,1,0.6072976879,0.004097037092
2021-07-07,4,random_forest,1,0.4544273653,0.004097037092
2021-07-08,4,catboost,1,0.6284943938,0.00888792927
2021-07-08,4,logistic_regression,1,0.5943299598,0.00888792927
2021-07-08,4,majority_baseline,1,0.6072976879,0.00888792927
2021-07-08,4,random_forest,1,0.5156932958,0.00888792927
2021-07-09,4,catboost,0,0.5748714519,-0.009597705744
2021-07-09,4,logistic_regression,0,0.5617824721,-0.009597705744
2021-07-09,4,majority_baseline,0,0.6072976879,-0.009597705744
2021-07-09,4,random_forest,0,0.5080583774,-0.009597705744
2021-07-12,4,catboost,0,0.6277780537,-0.02770656578
2021-07-12,4,logistic_regression,0,0.5793996611,-0.02770656578
2021-07-12,4,majority_baseline,0,0.6072976879,-0.02770656578
2021-07-12,4,random_forest,0,0.540902778,-0.02770656578
2021-07-13,4,catboost,0,0.6261259504,-0.01039968488
2021-07-13,4,logistic_regression,0,0.6102784198,-0.01039968488
2021-07-13,4,majority_baseline,0,0.6072976879,-0.01039968488
2021-07-13,4,random_forest,0,0.5313241265,-0.01039968488
2021-07-14,4,catboost,0,0.6315242416,-0.003874019893
2021-07-14,4,logistic_regression,0,0.6095887436,-0.003874019893
2021-07-14,4,majority_baseline,0,0.6072976879,-0.003874019893
2021-07-14,4,random_forest,0,0.5229546034,-0.003874019893
2021-07-15,4,catboost,1,0.6111760837,0.001633102933
2021-07-15,4,logistic_regression,1,0.6053880736,0.001633102933
2021-07-15,4,majority_baseline,1,0.6072976879,0.001633102933
2021-07-15,4,random_forest,1,0.5218236035,0.001633102933
2021-07-16,4,catboost,1,0.6262921378,0.01993788235
2021-07-16,4,logistic_regression,1,0.6150930153,0.01993788235
2021-07-16,4,majority_baseline,1,0.6072976879,0.01993788235
2021-07-16,4,random_forest,1,0.508676537,0.01993788235
2021-07-19,4,catboost,1,0.4701842644,0.037767343
2021-07-19,4,logistic_regression,1,0.5855358843,0.037767343
2021-07-19,4,majority_baseline,1,0.6072976879,0.037767343
2021-07-19,4,random_forest,1,0.5227822142,0.037767343
2021-07-20,4,catboost,1,0.6469768166,0.01844293658
2021-07-20,4,logistic_regression,1,0.5430045526,0.01844293658
2021-07-20,4,majority_baseline,1,0.6072976879,0.01844293658
2021-07-20,4,random_forest,1,0.4893392535,0.01844293658
2021-07-21,4,catboost,1,0.6208250333,0.009849266874
2021-07-21,4,logistic_regression,1,0.5590099803,0.009849266874
2021-07-21,4,majority_baseline,1,0.6072976879,0.009849266874
2021-07-21,4,random_forest,1,0.5047207037,0.009849266874
2021-07-22,4,catboost,1,0.6289855466,0.01191843683
2021-07-22,4,logistic_regression,1,0.6021788941,0.01191843683
2021-07-22,4,majority_baseline,1,0.6072976879,0.01191843683
2021-07-22,4,random_forest,1,0.5283622175,0.01191843683
2021-07-23,4,catboost,0,0.7099350262,-0.003250426404
2021-07-23,4,logistic_regression,0,0.5985218039,-0.003250426404
2021-07-23,4,majority_baseline,0,0.6072976879,-0.003250426404
2021-07-23,4,random_forest,0,0.5453776802,-0.003250426404
2021-07-26,4,catboost,0,0.7807813771,-0.007777408702
2021-07-26,4,logistic_regression,0,0.5726495387,-0.007777408702
2021-07-26,4,majority_baseline,0,0.6072976879,-0.007777408702
2021-07-26,4,random_forest,0,0.5847179192,-0.007777408702
2021-07-27,4,catboost,1,0.7000461799,0.004874567896
2021-07-27,4,logistic_regression,1,0.6240480869,0.004874567896
2021-07-27,4,majority_baseline,1,0.6072976879,0.004874567896
2021-07-27,4,random_forest,1,0.5433248831,0.004874567896
2021-07-28,4,catboost,1,0.6380526927,0.0003418736289
2021-07-28,4,logistic_regression,1,0.59801319,0.0003418736289
2021-07-28,4,majority_baseline,1,0.6072976879,0.0003418736289
2021-07-28,4,random_forest,1,0.5240394278,0.0003418736289
2021-07-29,4,catboost,1,0.6085106773,0.002519042132
2021-07-29,4,logistic_regression,1,0.6085627891,0.002519042132
2021-07-29,4,majority_baseline,1,0.6072976879,0.002519042132
2021-07-29,4,random_forest,1,0.5142347421,0.002519042132
2021-07-30,4,catboost,1,0.6225655892,0.009076144925
2021-07-30,4,logistic_regression,1,0.637806017,0.009076144925
2021-07-30,4,majority_baseline,1,0.6072976879,0.009076144925
2021-07-30,4,random_forest,1,0.5128167659,0.009076144925
2021-08-02,4,catboost,1,0.5606070513,0.01037502831
2021-08-02,4,logistic_regression,1,0.6423445701,0.01037502831
2021-08-02,4,majority_baseline,1,0.6072976879,0.01037502831
2021-08-02,4,random_forest,1,0.4906674471,0.01037502831
2021-08-03,4,catboost,1,0.5664875289,0.00346820542
2021-08-03,4,logistic_regression,1,0.6217892029,0.00346820542
2021-08-03,4,majority_baseline,1,0.6072976879,0.00346820542
2021-08-03,4,random_forest,1,0.501920491,0.00346820542
2021-08-04,4,catboost,1,0.5828453146,0.01093441086
2021-08-04,4,logistic_regression,1,0.6145098033,0.01093441086
2021-08-04,4,majority_baseline,1,0.6072976879,0.01093441086
2021-08-04,4,random_forest,1,0.4994344269,0.01093441086
2021-08-05,4,catboost,1,0.5972576961,0.007583247749
2021-08-05,4,logistic_regression,1,0.6176065999,0.007583247749
2021-08-05,4,majority_baseline,1,0.6072976879,0.007583247749
2021-08-05,4,random_forest,1,0.4970795044,0.007583247749
2021-08-06,4,catboost,1,0.5167589612,0.007751640209
2021-08-06,4,logistic_regression,1,0.6084834046,0.007751640209
2021-08-06,4,majority_baseline,1,0.6072976879,0.007751640209
2021-08-06,4,random_forest,1,0.4896448549,0.007751640209
2021-08-09,4,catboost,1,0.5630768949,0.01094699805
2021-08-09,4,logistic_regression,1,0.596521987,0.01094699805
2021-08-09,4,majority_baseline,1,0.6072976879,0.01094699805
2021-08-09,4,random_forest,1,0.4865681112,0.01094699805
2021-08-10,4,catboost,1,0.5865066963,0.003072232363
2021-08-10,4,logistic_regression,1,0.6130272583,0.003072232363
2021-08-10,4,majority_baseline,1,0.6072976879,0.003072232363
2021-08-10,4,random_forest,1,0.4958192419,0.003072232363
2021-08-11,4,catboost,0,0.5115432249,-0.01036551019
2021-08-11,4,logistic_regression,0,0.6052792844,-0.01036551019
2021-08-11,4,majority_baseline,0,0.6072976879,-0.01036551019
2021-08-11,4,random_forest,0,0.4753582411,-0.01036551019
2021-08-12,4,catboost,0,0.5610707034,-0.01179483762
2021-08-12,4,logistic_regression,0,0.6001360349,-0.01179483762
2021-08-12,4,majority_baseline,0,0.6072976879,-0.01179483762
2021-08-12,4,random_forest,0,0.5105409576,-0.01179483762
2021-08-13,4,catboost,0,0.4252500528,-0.005741002698
2021-08-13,4,logistic_regression,0,0.6128871012,-0.005741002698
2021-08-13,4,majority_baseline,0,0.6072976879,-0.005741002698
2021-08-13,4,random_forest,0,0.4442968187,-0.005741002698
2021-08-16,4,catboost,1,0.5572634297,0.0006488323584
2021-08-16,4,logistic_regression,1,0.621562958,0.0006488323584
2021-08-16,4,majority_baseline,1,0.6072976879,0.0006488323584
2021-08-16,4,random_forest,1,0.465610586,0.0006488323584
2021-08-17,4,catboost,1,0.5701612535,0.008850537395
2021-08-17,4,logistic_regression,1,0.5362062708,0.008850537395
2021-08-17,4,majority_baseline,1,0.6072976879,0.008850537395
2021-08-17,4,random_forest,1,0.4897558278,0.008850537395
2021-08-18,4,catboost,1,0.6657414729,0.0221549505
2021-08-18,4,logistic_regression,1,0.5645391002,0.0221549505
2021-08-18,4,majority_baseline,1,0.6072976879,0.0221549505
2021-08-18,4,random_forest,1,0.5000285106,0.0221549505
2021-08-19,4,catboost,1,0.6569744989,0.01455014007
2021-08-19,4,logistic_regression,1,0.5581490416,0.01455014007
2021-08-19,4,majority_baseline,1,0.6072976879,0.01455014007
2021-08-19,4,random_forest,1,0.5058358014,0.01455014007
2021-08-20,4,catboost,1,0.5450442742,0.01554045206
2021-08-20,4,logistic_regression,1,0.5580476138,0.01554045206
2021-08-20,4,majority_baseline,1,0.6072976879,0.01554045206
2021-08-20,4,random_forest,1,0.4556996898,0.01554045206
2021-08-23,4,catboost,1,0.5450470291,0.01111210726
2021-08-23,4,logistic_regression,1,0.5815007523,0.01111210726
2021-08-23,4,majority_baseline,1,0.6072976879,0.01111210726
2021-08-23,4,random_forest,1,0.4721211317,0.01111210726
2021-08-24,4,catboost,1,0.446890142,0.008013921446
2021-08-24,4,logistic_regression,1,0.5983724961,0.008013921446
2021-08-24,4,majority_baseline,1,0.6072976879,0.008013921446
2021-08-24,4,random_forest,1,0.4482488905,0.008013921446
2021-08-25,4,catboost,1,0.6436535218,0.006437780571
2021-08-25,4,logistic_regression,1,0.6149592522,0.006437780571
2021-08-25,4,majority_baseline,1,0.6072976879,0.006437780571
2021-08-25,4,random_forest,1,0.4771645825,0.006437780571
2021-08-26,4,catboost,1,0.7003020568,0.01552904685
2021-08-26,4,logistic_regression,1,0.6195271045,0.01552904685
2021-08-26,4,majority_baseline,1,0.6072976879,0.01552904685
2021-08-26,4,random_forest,1,0.525627541,0.01552904685
2021-08-27,4,catboost,1,0.6014596888,0.00628536724
2021-08-27,4,logistic_regression,1,0.5722409695,0.00628536724
2021-08-27,4,majority_baseline,1,0.6072976879,0.00628536724
2021-08-27,4,random_forest,1,0.4769701233,0.00628536724
2021-08-30,4,catboost,0,0.605049793,-0.001702716497
2021-08-30,4,logistic_regression,0,0.566681288,-0.001702716497
2021-08-30,4,majority_baseline,0,0.6072976879,-0.001702716497
2021-08-30,4,random_forest,0,0.4903135032,-0.001702716497
2021-08-31,4,catboost,0,0.5776039842,-0.001439440835
2021-08-31,4,logistic_regression,0,0.6033501169,-0.001439440835
2021-08-31,4,majority_baseline,0,0.6072976879,-0.001439440835
2021-08-31,4,random_forest,0,0.4667893214,-0.001439440835
2021-09-01,4,catboost,0,0.569805767,-0.006241648686
2021-09-01,4,logistic_regression,0,0.6167734218,-0.006241648686
2021-09-01,4,majority_baseline,0,0.6072976879,-0.006241648686
2021-09-01,4,random_forest,0,0.4608849447,-0.006241648686
2021-09-02,4,catboost,0,0.5666063133,-0.01710099508
2021-09-02,4,logistic_regression,0,0.6257925952,-0.01710099508
2021-09-02,4,majority_baseline,0,0.6072976879,-0.01710099508
2021-09-02,4,random_forest,0,0.4738178463,-0.01710099508
2021-09-03,4,catboost,0,0.5810043289,-0.01434625274
2021-09-03,4,logistic_regression,0,0.6267051556,-0.01434625274
2021-09-03,4,majority_baseline,0,0.6072976879,-0.01434625274
2021-09-03,4,random_forest,0,0.4668835418,-0.01434625274
2021-09-07,4,catboost,0,0.6456095256,-0.01614756177
2021-09-07,4,logistic_regression,0,0.6170125013,-0.01614756177
2021-09-07,4,majority_baseline,0,0.6072976879,-0.01614756177
2021-09-07,4,random_forest,0,0.5252211062,-0.01614756177
2021-09-08,4,catboost,0,0.6204237419,-0.0067197418
2021-09-08,4,logistic_regression,0,0.6121888579,-0.0067197418
2021-09-08,4,majority_baseline,0,0.6072976879,-0.0067197418
2021-09-08,4,random_forest,0,0.5111892338,-0.0067197418
2021-09-09,4,catboost,0,0.5998333735,-0.004031354527
2021-09-09,4,logistic_regression,0,0.6119269343,-0.004031354527
2021-09-09,4,majority_baseline,0,0.6072976879,-0.004031354527
2021-09-09,4,random_forest,0,0.5012153303,-0.004031354527
2021-09-10,4,catboost,0,0.6762492536,-0.009069702941
2021-09-10,4,logistic_regression,0,0.6180380711,-0.009069702941
2021-09-10,4,majority_baseline,0,0.6072976879,-0.009069702941
2021-09-10,4,random_forest,0,0.5188492101,-0.009069702941
2021-09-13,4,catboost,0,0.6088040158,-0.02808002704
2021-09-13,4,logistic_regression,0,0.570166918,-0.02808002704
2021-09-13,4,majority_baseline,0,0.6072976879,-0.02808002704
2021-09-13,4,random_forest,0,0.4954133496,-0.02808002704
2021-09-14,4,catboost,0,0.5879583334,-0.02372967148
2021-09-14,4,logistic_regression,0,0.5790794856,-0.02372967148
2021-09-14,4,majority_baseline,0,0.6072976879,-0.02372967148
2021-09-14,4,random_forest,0,0.5081603439,-0.02372967148
2021-09-15,4,catboost,0,0.464996522,-0.02237210724
2021-09-15,4,logistic_regression,0,0.5710071298,-0.02237210724
2021-09-15,4,majority_baseline,0,0.6072976879,-0.02237210724
2021-09-15,4,random_forest,0,0.4292556945,-0.02237210724
2021-09-16,4,catboost,0,0.5087032953,-0.008922827069
2021-09-16,4,logistic_regression,0,0.5727661535,-0.008922827069
2021-09-16,4,majority_baseline,0,0.6072976879,-0.008922827069
2021-09-16,4,random_forest,0,0.444854723,-0.008922827069
2021-09-17,4,catboost,1,0.4461230521,0.005686474478
2021-09-17,4,logistic_regression,1,0.5643763998,0.005686474478
2021-09-17,4,majority_baseline,1,0.6072976879,0.005686474478
2021-09-17,4,random_forest,1,0.4827991533,0.005686474478
2021-09-20,4,catboost,1,0.6657774754,0.01981385571
2021-09-20,4,logistic_regression,1,0.5673685034,0.01981385571
2021-09-20,4,majority_baseline,1,0.6072976879,0.01981385571
2021-09-20,4,random_forest,1,0.5119055495,0.01981385571
2021-09-21,4,catboost,1,0.6985241526,0.0002075416807
2021-09-21,4,logistic_regression,1,0.5801298433,0.0002075416807
2021-09-21,4,majority_baseline,1,0.6072976879,0.0002075416807
2021-09-21,4,random_forest,1,0.5366561884,0.0002075416807
2021-09-22,4,catboost,0,0.5579843839,-0.007787816457
2021-09-22,4,logistic_regression,0,0.5891038233,-0.007787816457
2021-09-22,4,majority_baseline,0,0.6072976879,-0.007787816457
2021-09-22,4,random_forest,0,0.5094055307,-0.007787816457
2021-09-23,4,catboost,0,0.5696427137,-0.03168008108
2021-09-23,4,logistic_regression,0,0.5789864681,-0.03168008108
2021-09-23,4,majority_baseline,0,0.6072976879,-0.03168008108
2021-09-23,4,random_forest,0,0.4949694132,-0.03168008108
2021-09-24,4,catboost,0,0.5361573068,-0.02178372512
2021-09-24,4,logistic_regression,0,0.6084822921,-0.02178372512
2021-09-24,4,majority_baseline,0,0.6072976879,-0.02178372512
2021-09-24,4,random_forest,0,0.483388317,-0.02178372512
2021-09-27,4,catboost,0,0.6717588907,-0.03162841031
2021-09-27,4,logistic_regression,0,0.6175151255,-0.03162841031
2021-09-27,4,majority_baseline,0,0.6072976879,-0.03162841031
2021-09-27,4,random_forest,0,0.5405781698,-0.03162841031
2021-09-28,4,catboost,0,0.6680670326,-0.001429482381
2021-09-28,4,logistic_regression,0,0.663495962,-0.001429482381
2021-09-28,4,majority_baseline,0,0.6072976879,-0.001429482381
2021-09-28,4,random_forest,0,0.5350621078,-0.001429482381
2021-09-29,4,catboost,1,0.6796200325,0.00103575023
2021-09-29,4,logistic_regression,1,0.591680556,0.00103575023
2021-09-29,4,majority_baseline,1,0.6072976879,0.00103575023
2021-09-29,4,random_forest,1,0.5257506394,0.00103575023
2021-09-30,4,catboost,1,0.6152912237,0.02218387653
2021-09-30,4,logistic_regression,1,0.6271533178,0.02218387653
2021-09-30,4,majority_baseline,1,0.6072976879,0.02218387653
2021-09-30,4,random_forest,1,0.5279511207,0.02218387653
2021-10-01,4,catboost,1,0.6544157673,0.008336392966
2021-10-01,4,logistic_regression,1,0.5877195151,0.008336392966
2021-10-01,4,majority_baseline,1,0.6072976879,0.008336392966
2021-10-01,4,random_forest,1,0.5174143234,0.008336392966
2021-10-04,4,catboost,1,0.5919833802,0.01411437942
2021-10-04,4,logistic_regression,1,0.6260481894,0.01411437942
2021-10-04,4,majority_baseline,1,0.6072976879,0.01411437942
2021-10-04,4,random_forest,1,0.522296068,0.01411437942
2021-10-05,4,catboost,1,0.7221229496,0.001200621087
2021-10-05,4,logistic_regression,1,0.6256638269,0.001200621087
2021-10-05,4,majority_baseline,1,0.6072976879,0.001200621087
2021-10-05,4,random_forest,1,0.543035949,0.001200621087
2021-10-06,4,catboost,1,0.6841611574,0.0006438234167
2021-10-06,4,logistic_regression,1,0.6159484045,0.0006438234167
2021-10-06,4,majority_baseline,1,0.6072976879,0.0006438234167
2021-10-06,4,random_forest,1,0.5283992625,0.0006438234167
2021-10-07,4,catboost,1,0.7793345203,0.008753923922
2021-10-07,4,logistic_regression,1,0.5855518429,0.008753923922
2021-10-07,4,majority_baseline,1,0.6072976879,0.008753923922
2021-10-07,4,random_forest,1,0.558519438,0.008753923922
2021-10-08,4,catboost,1,0.6837182849,0.01829354124
2021-10-08,4,logistic_regression,1,0.6105703679,0.01829354124
2021-10-08,4,majority_baseline,1,0.6072976879,0.01829354124
2021-10-08,4,random_forest,1,0.5318367684,0.01829354124
2021-10-11,4,catboost,1,0.6271048248,0.0287561249
2021-10-11,4,logistic_regression,1,0.6287869888,0.0287561249
2021-10-11,4,majority_baseline,1,0.6072976879,0.0287561249
2021-10-11,4,random_forest,1,0.5270383451,0.0287561249
2021-10-12,4,catboost,1,0.6246047889,0.03925100247
2021-10-12,4,logistic_regression,1,0.6585134919,0.03925100247
2021-10-12,4,majority_baseline,1,0.6072976879,0.03925100247
2021-10-12,4,random_forest,1,0.522047894,0.03925100247
2021-10-13,4,catboost,1,0.6405009968,0.03959283811
2021-10-13,4,logistic_regression,1,0.6411615627,0.03959283811
2021-10-13,4,majority_baseline,1,0.6072976879,0.03959283811
2021-10-13,4,random_forest,1,0.5358578026,0.03959283811
2021-10-14,4,catboost,1,0.7856183819,0.02506213853
2021-10-14,4,logistic_regression,1,0.6302468064,0.02506213853
2021-10-14,4,majority_baseline,1,0.6072976879,0.02506213853
2021-10-14,4,random_forest,1,0.5563977676,0.02506213853
2021-10-15,4,catboost,1,0.771256088,0.01626034512
2021-10-15,4,logistic_regression,1,0.6060271297,0.01626034512
2021-10-15,4,majority_baseline,1,0.6072976879,0.01626034512
2021-10-15,4,random_forest,1,0.5799872128,0.01626034512
2021-10-18,4,catboost,1,0.7139330805,0.01869448189
2021-10-18,4,logistic_regression,1,0.6422194533,0.01869448189
2021-10-18,4,majority_baseline,1,0.6072976879,0.01869448189
2021-10-18,4,random_forest,1,0.5720961146,0.01869448189
2021-10-19,4,catboost,1,0.7370966456,0.01180538063
2021-10-19,4,logistic_regression,1,0.621214524,0.01180538063
2021-10-19,4,majority_baseline,1,0.6072976879,0.01180538063
2021-10-19,4,random_forest,1,0.5887954204,0.01180538063
2021-10-20,4,catboost,1,0.7126186254,0.003381885209
2021-10-20,4,logistic_regression,1,0.6246884168,0.003381885209
2021-10-20,4,majority_baseline,1,0.6072976879,0.003381885209
2021-10-20,4,random_forest,1,0.5743583155,0.003381885209
2021-10-21,4,catboost,1,0.7675401122,0.01042794382
2021-10-21,4,logistic_regression,1,0.6093587476,0.01042794382
2021-10-21,4,majority_baseline,1,0.6072976879,0.01042794382
2021-10-21,4,random_forest,1,0.5880388509,0.01042794382
2021-10-22,4,catboost,1,0.7777843528,0.0135284361
2021-10-22,4,logistic_regression,1,0.6393471937,0.0135284361
2021-10-22,4,majority_baseline,1,0.6072976879,0.0135284361
2021-10-22,4,random_forest,1,0.5845147828,0.0135284361
2021-10-25,4,catboost,1,0.7791057672,0.009856263462
2021-10-25,4,logistic_regression,1,0.618053744,0.009856263462
2021-10-25,4,majority_baseline,1,0.6072976879,0.009856263462
2021-10-25,4,random_forest,1,0.6046684393,0.009856263462
2021-10-26,4,catboost,1,0.751121769,0.01302746406
2021-10-26,4,logistic_regression,1,0.6472317909,0.01302746406
2021-10-26,4,majority_baseline,1,0.6072976879,0.01302746406
2021-10-26,4,random_forest,1,0.5562577499,0.01302746406
2021-10-27,4,catboost,1,0.6611487154,0.02374762908
2021-10-27,4,logistic_regression,1,0.6415356307,0.02374762908
2021-10-27,4,majority_baseline,1,0.6072976879,0.02374762908
2021-10-27,4,random_forest,1,0.5189257732,0.02374762908
2021-10-28,4,catboost,1,0.7026808626,0.01874235526
2021-10-28,4,logistic_regression,1,0.5977404599,0.01874235526
2021-10-28,4,majority_baseline,1,0.6072976879,0.01874235526
2021-10-28,4,random_forest,1,0.5686463994,0.01874235526
2021-10-29,4,catboost,1,0.5751893572,0.0202068564
2021-10-29,4,logistic_regression,1,0.6036459853,0.0202068564
2021-10-29,4,majority_baseline,1,0.6072976879,0.0202068564
2021-10-29,4,random_forest,1,0.512669209,0.0202068564
2021-11-01,4,catboost,1,0.5218151093,0.01932437187
2021-11-01,4,logistic_regression,1,0.6007399392,0.01932437187
2021-11-01,4,majority_baseline,1,0.6072976879,0.01932437187
2021-11-01,4,random_forest,1,0.4647191961,0.01932437187
2021-11-02,4,catboost,1,0.5185235075,0.01186406381
2021-11-02,4,logistic_regression,1,0.6058941171,0.01186406381
2021-11-02,4,majority_baseline,1,0.6072976879,0.01186406381
2021-11-02,4,random_forest,1,0.4349203109,0.01186406381
2021-11-03,4,catboost,0,0.513054277,-0.002367029818
2021-11-03,4,logistic_regression,0,0.5998444691,-0.002367029818
2021-11-03,4,majority_baseline,0,0.6072976879,-0.002367029818
2021-11-03,4,random_forest,0,0.4322036057,-0.002367029818
2021-11-04,4,catboost,0,0.4991235017,-0.006725096218
2021-11-04,4,logistic_regression,0,0.5856589018,-0.006725096218
2021-11-04,4,majority_baseline,0,0.6072976879,-0.006725096218
2021-11-04,4,random_forest,0,0.4181651949,-0.006725096218
2021-11-05,4,catboost,0,0.4033992528,-0.002689283084
2021-11-05,4,logistic_regression,0,0.5698927474,-0.002689283084
2021-11-05,4,majority_baseline,0,0.6072976879,-0.002689283084
2021-11-05,4,random_forest,0,0.3871199496,-0.002689283084
2021-11-08,4,catboost,0,0.5186811202,-0.003198771721
2021-11-08,4,logistic_regression,0,0.5864663975,-0.003198771721
2021-11-08,4,majority_baseline,0,0.6072976879,-0.003198771721
2021-11-08,4,random_forest,0,0.45630651,-0.003198771721
2021-11-09,4,catboost,1,0.6388193016,0.004065201506
2021-11-09,4,logistic_regression,1,0.6156793664,0.004065201506
2021-11-09,4,majority_baseline,1,0.6072976879,0.004065201506
2021-11-09,4,random_forest,1,0.5015574195,0.004065201506
2021-11-10,4,catboost,1,0.6549227181,0.009749405866
2021-11-10,4,logistic_regression,1,0.6039934037,0.009749405866
2021-11-10,4,majority_baseline,1,0.6072976879,0.009749405866
2021-11-10,4,random_forest,1,0.5174259217,0.009749405866
2021-11-11,4,catboost,1,0.6261229382,0.01285124553
2021-11-11,4,logistic_regression,1,0.6337543708,0.01285124553
2021-11-11,4,majority_baseline,1,0.6072976879,0.01285124553
2021-11-11,4,random_forest,1,0.516663294,0.01285124553
2021-11-12,4,catboost,1,0.5409262905,0.003467001173
2021-11-12,4,logistic_regression,1,0.6298385882,0.003467001173
2021-11-12,4,majority_baseline,1,0.6072976879,0.003467001173
2021-11-12,4,random_forest,1,0.4570543376,0.003467001173
2021-11-15,4,catboost,1,0.4998857866,0.0002995413264
2021-11-15,4,logistic_regression,1,0.6074236768,0.0002995413264
2021-11-15,4,majority_baseline,1,0.6072976879,0.0002995413264
2021-11-15,4,random_forest,1,0.4542193355,0.0002995413264
2021-11-16,4,catboost,0,0.5043332124,-0.00232269946
2021-11-16,4,logistic_regression,0,0.6079663349,-0.00232269946
2021-11-16,4,majority_baseline,0,0.6072976879,-0.00232269946
2021-11-16,4,random_forest,0,0.4464552918,-0.00232269946
2021-11-17,4,catboost,1,0.4965670573,0.00277692092
2021-11-17,4,logistic_regression,1,0.6008120918,0.00277692092
2021-11-17,4,majority_baseline,1,0.6072976879,0.00277692092
2021-11-17,4,random_forest,1,0.4480532274,0.00277692092
2021-11-18,4,catboost,0,0.5396411939,-0.02290679656
2021-11-18,4,logistic_regression,0,0.5957822204,-0.02290679656
2021-11-18,4,majority_baseline,0,0.6072976879,-0.02290679656
2021-11-18,4,random_forest,0,0.4529612527,-0.02290679656
2021-11-19,4,catboost,0,0.5565858782,-0.009149285262
2021-11-19,4,logistic_regression,0,0.5769541365,-0.009149285262
2021-11-19,4,majority_baseline,0,0.6072976879,-0.009149285262
2021-11-19,4,random_forest,0,0.4537505678,-0.009149285262
2021-11-22,4,catboost,0,0.6209839597,-0.02568601389
2021-11-22,4,logistic_regression,0,0.5554336158,-0.02568601389
2021-11-22,4,majority_baseline,0,0.6072976879,-0.02568601389
2021-11-22,4,random_forest,0,0.4971261452,-0.02568601389
2021-11-23,4,catboost,0,0.5967759033,-0.03778381065
2021-11-23,4,logistic_regression,0,0.5449933099,-0.03778381065
2021-11-23,4,majority_baseline,0,0.6072976879,-0.03778381065
2021-11-23,4,random_forest,0,0.4809162421,-0.03778381065
2021-11-24,4,catboost,0,0.4352941002,-0.02564759807
2021-11-24,4,logistic_regression,0,0.5764726919,-0.02564759807
2021-11-24,4,majority_baseline,0,0.6072976879,-0.02564759807
2021-11-24,4,random_forest,0,0.448297839,-0.02564759807
2021-11-26,4,catboost,0,0.6136513205,-0.012092267
2021-11-26,4,logistic_regression,0,0.5862718858,-0.012092267
2021-11-26,4,majority_baseline,0,0.6072976879,-0.012092267
2021-11-26,4,random_forest,0,0.517731639,-0.012092267
2021-11-29,4,catboost,0,0.6612414222,-0.01250537564
2021-11-29,4,logistic_regression,0,0.540232639,-0.01250537564
2021-11-29,4,majority_baseline,0,0.6072976879,-0.01250537564
2021-11-29,4,random_forest,0,0.4959542506,-0.01250537564
2021-11-30,4,catboost,1,0.6110760092,0.02792168159
2021-11-30,4,logistic_regression,1,0.5755992952,0.02792168159
2021-11-30,4,majority_baseline,1,0.6072976879,0.02792168159
2021-11-30,4,random_forest,1,0.5076133165,0.02792168159
2021-12-01,4,catboost,1,0.7808762671,0.04221973141
2021-12-01,4,logistic_regression,1,0.5816905786,0.04221973141
2021-12-01,4,majority_baseline,1,0.6072976879,0.04221973141
2021-12-01,4,random_forest,1,0.5258180924,0.04221973141
2021-12-02,4,catboost,1,0.588987662,0.01956714543
2021-12-02,4,logistic_regression,1,0.5531190512,0.01956714543
2021-12-02,4,majority_baseline,1,0.6072976879,0.01956714543
2021-12-02,4,random_forest,1,0.5088531526,0.01956714543
2021-12-03,4,catboost,1,0.7552473073,0.03819852739
2021-12-03,4,logistic_regression,1,0.5648861354,0.03819852739
2021-12-03,4,majority_baseline,1,0.6072976879,0.03819852739
2021-12-03,4,random_forest,1,0.5229391691,0.03819852739
2021-12-06,4,catboost,1,0.6264869813,0.01695764654
2021-12-06,4,logistic_regression,1,0.5580495339,0.01695764654
2021-12-06,4,majority_baseline,1,0.6072976879,0.01695764654
2021-12-06,4,random_forest,1,0.5158269784,0.01695764654
2021-12-07,4,catboost,0,0.6973587055,-0.01050656319
2021-12-07,4,logistic_regression,0,0.5498816913,-0.01050656319
2021-12-07,4,majority_baseline,0,0.6072976879,-0.01050656319
2021-12-07,4,random_forest,0,0.5287102126,-0.01050656319
2021-12-08,4,catboost,1,0.7188922528,0.002300257977
2021-12-08,4,logistic_regression,1,0.5462334117,0.002300257977
2021-12-08,4,majority_baseline,1,0.6072976879,0.002300257977
2021-12-08,4,random_forest,1,0.5439883906,0.002300257977
2021-12-09,4,catboost,1,0.6752372904,0.0002144442987
2021-12-09,4,logistic_regression,1,0.5852294252,0.0002144442987
2021-12-09,4,majority_baseline,1,0.6072976879,0.0002144442987
2021-12-09,4,random_forest,1,0.5237201782,0.0002144442987
2021-12-10,4,catboost,0,0.6903429513,-0.02309129313
2021-12-10,4,logistic_regression,0,0.6180850231,-0.02309129313
2021-12-10,4,majority_baseline,0,0.6072976879,-0.02309129313
2021-12-10,4,random_forest,0,0.5393727641,-0.02309129313
2021-12-13,4,catboost,0,0.6552997227,-0.02484085157
2021-12-13,4,logistic_regression,0,0.5975759818,-0.02484085157
2021-12-13,4,majority_baseline,0,0.6072976879,-0.02484085157
2021-12-13,4,random_forest,0,0.5215381293,-0.02484085157
2021-12-14,4,catboost,0,0.5075905069,-0.0006474184424
2021-12-14,4,logistic_regression,0,0.6339591237,-0.0006474184424
2021-12-14,4,majority_baseline,0,0.6072976879,-0.0006474184424
2021-12-14,4,random_forest,0,0.4957077655,-0.0006474184424
2021-12-15,4,catboost,0,0.6872249674,-0.006183603192
2021-12-15,4,logistic_regression,0,0.6202012164,-0.006183603192
2021-12-15,4,majority_baseline,0,0.6072976879,-0.006183603192
2021-12-15,4,random_forest,0,0.5233126306,-0.006183603192
2021-12-16,4,catboost,1,0.5337515712,0.008896974577
2021-12-16,4,logistic_regression,1,0.5962951721,0.008896974577
2021-12-16,4,majority_baseline,1,0.6072976879,0.008896974577
2021-12-16,4,random_forest,1,0.4984330437,0.008896974577
2021-12-17,4,catboost,1,0.503563189,0.03781506705
2021-12-17,4,logistic_regression,1,0.6239014272,0.03781506705
2021-12-17,4,majority_baseline,1,0.6072976879,0.03781506705
2021-12-17,4,random_forest,1,0.5034577533,0.03781506705
2021-12-20,4,catboost,1,0.6079898901,0.04811196881
2021-12-20,4,logistic_regression,1,0.6185094045,0.04811196881
2021-12-20,4,majority_baseline,1,0.6072976879,0.04811196881
2021-12-20,4,random_forest,1,0.5321286065,0.04811196881
2021-12-21,4,catboost,1,0.6477902046,0.03114070201
2021-12-21,4,logistic_regression,1,0.5952052355,0.03114070201
2021-12-21,4,majority_baseline,1,0.6072976879,0.03114070201
2021-12-21,4,random_forest,1,0.5290993947,0.03114070201
2021-12-22,4,catboost,1,0.60267353,0.01811028942
2021-12-22,4,logistic_regression,1,0.5959782602,0.01811028942
2021-12-22,4,majority_baseline,1,0.6072976879,0.01811028942
2021-12-22,4,random_forest,1,0.5165284816,0.01811028942
2021-12-23,4,catboost,1,0.6151504599,0.009264737236
2021-12-23,4,logistic_regression,1,0.6096709399,0.009264737236
2021-12-23,4,majority_baseline,1,0.6072976879,0.009264737236
2021-12-23,4,random_forest,1,0.5384338178,0.009264737236
2021-12-27,4,catboost,1,0.6588942974,0.0009428439231
2021-12-27,4,logistic_regression,1,0.588540296,0.0009428439231
2021-12-27,4,majority_baseline,1,0.6072976879,0.0009428439231
2021-12-27,4,random_forest,1,0.5494000078,0.0009428439231
2021-12-28,4,catboost,1,0.7309540205,0.001425949854
2021-12-28,4,logistic_regression,1,0.5954849349,0.001425949854
2021-12-28,4,majority_baseline,1,0.6072976879,0.001425949854
2021-12-28,4,random_forest,1,0.554547998,0.001425949854
2021-12-29,4,catboost,0,0.7574739536,-0.01905840222
2021-12-29,4,logistic_regression,0,0.6320217058,-0.01905840222
2021-12-29,4,majority_baseline,0,0.6072976879,-0.01905840222
2021-12-29,4,random_forest,0,0.5676627501,-0.01905840222
2021-12-30,4,catboost,0,0.695852084,-0.01726310743
2021-12-30,4,logistic_regression,0,0.6132455185,-0.01726310743
2021-12-30,4,majority_baseline,0,0.6072976879,-0.01726310743
2021-12-30,4,random_forest,0,0.5588297246,-0.01726310743
2021-12-31,4,catboost,0,0.6446487995,-0.01867524709
2021-12-31,4,logistic_regression,0,0.6268802465,-0.01867524709
2021-12-31,4,majority_baseline,0,0.6072976879,-0.01867524709
2021-12-31,4,random_forest,0,0.5467434293,-0.01867524709
2022-01-03,4,catboost,0,0.636930031,-0.02553846877
2022-01-03,4,logistic_regression,0,0.6348793645,-0.02553846877
2022-01-03,4,majority_baseline,0,0.6072976879,-0.02553846877
2022-01-03,4,random_forest,0,0.5193475137,-0.02553846877
2022-01-04,4,catboost,0,0.5972982119,-0.0163333431
2022-01-04,4,logistic_regression,0,0.6451823095,-0.0163333431
2022-01-04,4,majority_baseline,0,0.6072976879,-0.0163333431
2022-01-04,4,random_forest,0,0.5277008309,-0.0163333431
2022-01-05,4,catboost,1,0.6072361321,0.005636415031
2022-01-05,4,logistic_regression,1,0.6486079341,0.005636415031
2022-01-05,4,majority_baseline,1,0.6072976879,0.005636415031
2022-01-05,4,random_forest,1,0.5040746294,0.005636415031
2022-01-06,4,catboost,0,0.5526194527,-0.007287266706
2022-01-06,4,logistic_regression,0,0.6061757703,-0.007287266706
2022-01-06,4,majority_baseline,0,0.6072976879,-0.007287266706
2022-01-06,4,random_forest,0,0.4944718023,-0.007287266706
2022-01-07,4,catboost,0,0.6213439043,-0.002939335988
2022-01-07,4,logistic_regression,0,0.6071476179,-0.002939335988
2022-01-07,4,majority_baseline,0,0.6072976879,-0.002939335988
2022-01-07,4,random_forest,0,0.5100931054,-0.002939335988
2022-01-10,4,catboost,0,0.5787759522,-0.01937663941
2022-01-10,4,logistic_regression,0,0.5855466042,-0.01937663941
2022-01-10,4,majority_baseline,0,0.6072976879,-0.01937663941
2022-01-10,4,random_forest,0,0.508126836,-0.01937663941
2022-01-11,4,catboost,0,0.5555258894,-0.03831825439
2022-01-11,4,logistic_regression,0,0.5745080973,-0.03831825439
2022-01-11,4,majority_baseline,0,0.6072976879,-0.03831825439
2022-01-11,4,random_forest,0,0.5133038787,-0.03831825439
2022-01-12,4,catboost,0,0.5423465862,-0.05152645231
2022-01-12,4,logistic_regression,0,0.5865873874,-0.05152645231
2022-01-12,4,majority_baseline,0,0.6072976879,-0.05152645231
2022-01-12,4,random_forest,0,0.5010216506,-0.05152645231
2022-01-13,4,catboost,0,0.5897734993,-0.05715451719
2022-01-13,4,logistic_regression,0,0.6204775048,-0.05715451719
2022-01-13,4,majority_baseline,0,0.6072976879,-0.05715451719
2022-01-13,4,random_forest,0,0.5133501642,-0.05715451719
2022-01-14,4,catboost,0,0.5559655949,-0.05353762445
2022-01-14,4,logistic_regression,0,0.5861854009,-0.05353762445
2022-01-14,4,majority_baseline,0,0.6072976879,-0.05353762445
2022-01-14,4,random_forest,0,0.494802799,-0.05353762445
2022-01-18,4,catboost,0,0.5412198736,-0.04823761632
2022-01-18,4,logistic_regression,0,0.5790518025,-0.04823761632
2022-01-18,4,majority_baseline,0,0.6072976879,-0.04823761632
2022-01-18,4,random_forest,0,0.5062830981,-0.04823761632
2022-01-19,4,catboost,0,0.6148514203,-0.04066407327
2022-01-19,4,logistic_regression,0,0.5944991929,-0.04066407327
2022-01-19,4,majority_baseline,0,0.6072976879,-0.04066407327
2022-01-19,4,random_forest,0,0.5406782941,-0.04066407327
2022-01-20,4,catboost,0,0.7114653005,-0.03471742541
2022-01-20,4,logistic_regression,0,0.6333235037,-0.03471742541
2022-01-20,4,majority_baseline,0,0.6072976879,-0.03471742541
2022-01-20,4,random_forest,0,0.5923980887,-0.03471742541
2022-01-21,4,catboost,1,0.7350323218,0.00906434335
2022-01-21,4,logistic_regression,1,0.6244355735,0.00906434335
2022-01-21,4,majority_baseline,1,0.6072976879,0.00906434335
2022-01-21,4,random_forest,1,0.5865384411,0.00906434335
2022-01-24,4,catboost,1,0.670862739,0.02289470599
2022-01-24,4,logistic_regression,1,0.6097621076,0.02289470599
2022-01-24,4,majority_baseline,1,0.6072976879,0.02289470599
2022-01-24,4,random_forest,1,0.5660245181,0.02289470599
2022-01-25,4,catboost,1,0.7405089789,0.04253460757
2022-01-25,4,logistic_regression,1,0.6138964401,0.04253460757
2022-01-25,4,majority_baseline,1,0.6072976879,0.04253460757
2022-01-25,4,random_forest,1,0.5875310753,0.04253460757
2022-01-26,4,catboost,1,0.6009975609,0.05530943036
2022-01-26,4,logistic_regression,1,0.6235410321,0.05530943036
2022-01-26,4,majority_baseline,1,0.6072976879,0.05530943036
2022-01-26,4,random_forest,1,0.5206595144,0.05530943036
2022-01-27,4,catboost,1,0.6611732426,0.03561825491
2022-01-27,4,logistic_regression,1,0.6083610768,0.03561825491
2022-01-27,4,majority_baseline,1,0.6072976879,0.03561825491
2022-01-27,4,random_forest,1,0.5151442789,0.03561825491
2022-01-28,4,catboost,1,0.7052692572,0.01527322053
2022-01-28,4,logistic_regression,1,0.5905701093,0.01527322053
2022-01-28,4,majority_baseline,1,0.6072976879,0.01527322053
2022-01-28,4,random_forest,1,0.4875086779,0.01527322053
2022-01-31,4,catboost,0,0.6903210437,-0.005890053296
2022-01-31,4,logistic_regression,0,0.5482156865,-0.005890053296
2022-01-31,4,majority_baseline,0,0.6072976879,-0.005890053296
2022-01-31,4,random_forest,0,0.5342291394,-0.005890053296
2022-02-01,4,catboost,0,0.69789402,-0.004437597408
2022-02-01,4,logistic_regression,0,0.5729496079,-0.004437597408
2022-02-01,4,majority_baseline,0,0.6072976879,-0.004437597408
2022-02-01,4,random_forest,0,0.5330141102,-0.004437597408
2022-02-02,4,catboost,1,0.7202369392,0.0004154419973
2022-02-02,4,logistic_regression,1,0.5881308442,0.0004154419973
2022-02-02,4,majority_baseline,1,0.6072976879,0.0004154419973
2022-02-02,4,random_forest,1,0.539228282,0.0004154419973
2022-02-03,4,catboost,1,0.6198933857,0.006090463867
2022-02-03,4,logistic_regression,1,0.6479541151,0.006090463867
2022-02-03,4,majority_baseline,1,0.6072976879,0.006090463867
2022-02-03,4,random_forest,1,0.5075947433,0.006090463867
2022-02-04,4,catboost,0,0.5527873052,-0.01836420877
2022-02-04,4,logistic_regression,0,0.6720743915,-0.01836420877
2022-02-04,4,majority_baseline,0,0.6072976879,-0.01836420877
2022-02-04,4,random_forest,0,0.5190464677,-0.01836420877
2022-02-07,4,catboost,0,0.6055209907,-0.01842333457
2022-02-07,4,logistic_regression,0,0.6581808011,-0.01842333457
2022-02-07,4,majority_baseline,0,0.6072976879,-0.01842333457
2022-02-07,4,random_forest,0,0.5412931936,-0.01842333457
2022-02-08,4,catboost,0,0.6572217469,-0.01073312697
2022-02-08,4,logistic_regression,0,0.6806300076,-0.01073312697
2022-02-08,4,majority_baseline,0,0.6072976879,-0.01073312697
2022-02-08,4,random_forest,0,0.533090275,-0.01073312697
2022-02-09,4,catboost,0,0.731674702,-0.02391048257
2022-02-09,4,logistic_regression,0,0.6582746086,-0.02391048257
2022-02-09,4,majority_baseline,0,0.6072976879,-0.02391048257
2022-02-09,4,random_forest,0,0.5646836347,-0.02391048257
2022-02-10,4,catboost,0,0.6264031998,-0.02728569728
2022-02-10,4,logistic_regression,0,0.6945474745,-0.02728569728
2022-02-10,4,majority_baseline,0,0.6072976879,-0.02728569728
2022-02-10,4,random_forest,0,0.5283358304,-0.02728569728
2022-02-11,4,catboost,0,0.5505969881,-0.01414425968
2022-02-11,4,logistic_regression,0,0.6632110399,-0.01414425968
2022-02-11,4,majority_baseline,0,0.6072976879,-0.01414425968
2022-02-11,4,random_forest,0,0.5145203302,-0.01414425968
2022-02-14,4,catboost,0,0.5871202911,-0.02152517411
2022-02-14,4,logistic_regression,0,0.6186207491,-0.02152517411
2022-02-14,4,majority_baseline,0,0.6072976879,-0.02152517411
2022-02-14,4,random_forest,0,0.5063146772,-0.02152517411
2022-02-15,4,catboost,0,0.6730089628,-0.05413582957
2022-02-15,4,logistic_regression,0,0.590407496,-0.05413582957
2022-02-15,4,majority_baseline,0,0.6072976879,-0.05413582957
2022-02-15,4,random_forest,0,0.5215240655,-0.05413582957
2022-02-16,4,catboost,0,0.5496234924,-0.04097630553
2022-02-16,4,logistic_regression,0,0.6031295466,-0.04097630553
2022-02-16,4,majority_baseline,0,0.6072976879,-0.04097630553
2022-02-16,4,random_forest,0,0.5162627968,-0.04097630553
2022-02-17,4,catboost,1,0.562910348,0.001578736109
2022-02-17,4,logistic_regression,1,0.6781549387,0.001578736109
2022-02-17,4,majority_baseline,1,0.6072976879,0.001578736109
2022-02-17,4,random_forest,1,0.5007292801,0.001578736109
2022-02-18,4,catboost,1,0.6073510042,0.005527010661
2022-02-18,4,logistic_regression,1,0.6532837907,0.005527010661
2022-02-18,4,majority_baseline,1,0.6072976879,0.005527010661
2022-02-18,4,random_forest,1,0.5100784887,0.005527010661
2022-02-22,4,catboost,1,0.6949166176,0.000954451412
2022-02-22,4,logistic_regression,1,0.6446158731,0.000954451412
2022-02-22,4,majority_baseline,1,0.6072976879,0.000954451412
2022-02-22,4,random_forest,1,0.5051811529,0.000954451412
2022-02-23,4,catboost,1,0.7437345728,0.03777699239
2022-02-23,4,logistic_regression,1,0.6580940737,0.03777699239
2022-02-23,4,majority_baseline,1,0.6072976879,0.03777699239
2022-02-23,4,random_forest,1,0.5876712049,0.03777699239
2022-02-24,4,catboost,1,0.7270025111,0.0173009664
2022-02-24,4,logistic_regression,1,0.5810762897,0.0173009664
2022-02-24,4,majority_baseline,1,0.6072976879,0.0173009664
2022-02-24,4,random_forest,1,0.5409553026,0.0173009664
2022-02-25,4,catboost,0,0.7118264781,-0.0127469711
2022-02-25,4,logistic_regression,0,0.5671227943,-0.0127469711
2022-02-25,4,majority_baseline,0,0.6072976879,-0.0127469711
2022-02-25,4,random_forest,0,0.5371836178,-0.0127469711
2022-02-28,4,catboost,0,0.6549718682,-0.03939264825
2022-02-28,4,logistic_regression,0,0.6121406802,-0.03939264825
2022-02-28,4,majority_baseline,0,0.6072976879,-0.03939264825
2022-02-28,4,random_forest,0,0.5103628615,-0.03939264825
2022-03-01,4,catboost,0,0.6342213444,-0.03193174252
2022-03-01,4,logistic_regression,0,0.6361632856,-0.03193174252
2022-03-01,4,majority_baseline,0,0.6072976879,-0.03193174252
2022-03-01,4,random_forest,0,0.5037144494,-0.03193174252
2022-03-02,4,catboost,0,0.6380768968,-0.02393297529
2022-03-02,4,logistic_regression,0,0.5860123784,-0.02393297529
2022-03-02,4,majority_baseline,0,0.6072976879,-0.02393297529
2022-03-02,4,random_forest,0,0.5243550484,-0.02393297529
2022-03-03,4,catboost,0,0.7040429667,-0.02347887517
2022-03-03,4,logistic_regression,0,0.5977332432,-0.02347887517
2022-03-03,4,majority_baseline,0,0.6072976879,-0.02347887517
2022-03-03,4,random_forest,0,0.5282426324,-0.02347887517
2022-03-04,4,catboost,0,0.5418000876,-0.02799825468
2022-03-04,4,logistic_regression,0,0.6488851856,-0.02799825468
2022-03-04,4,majority_baseline,0,0.6072976879,-0.02799825468
2022-03-04,4,random_forest,0,0.5072718837,-0.02799825468
2022-03-07,4,catboost,0,0.7767079165,-0.005793559694
2022-03-07,4,logistic_regression,0,0.6864391839,-0.005793559694
2022-03-07,4,majority_baseline,0,0.6072976879,-0.005793559694
2022-03-07,4,random_forest,0,0.6228303703,-0.005793559694
2022-03-08,4,catboost,1,0.7718226278,0.02383186402
2022-03-08,4,logistic_regression,1,0.6689058325,0.02383186402
2022-03-08,4,majority_baseline,1,0.6072976879,0.02383186402
2022-03-08,4,random_forest,1,0.5978830523,0.02383186402
2022-03-09,4,catboost,1,0.5623027465,0.01920870202
2022-03-09,4,logistic_regression,1,0.6446232783,0.01920870202
2022-03-09,4,majority_baseline,1,0.6072976879,0.01920870202
2022-03-09,4,random_forest,1,0.5101289377,0.01920870202
2022-03-10,4,catboost,1,0.7451186203,0.03664096056
2022-03-10,4,logistic_regression,1,0.6510143767,0.03664096056
2022-03-10,4,majority_baseline,1,0.6072976879,0.03664096056
2022-03-10,4,random_forest,1,0.5430916038,0.03664096056
2022-03-11,4,catboost,1,0.7386271133,0.05820454037
2022-03-11,4,logistic_regression,1,0.661977567,0.05820454037
2022-03-11,4,majority_baseline,1,0.6072976879,0.05820454037
2022-03-11,4,random_forest,1,0.5479347759,0.05820454037
2022-03-14,4,catboost,1,0.7085700059,0.06568348825
2022-03-14,4,logistic_regression,1,0.6598377596,0.06568348825
2022-03-14,4,majority_baseline,1,0.6072976879,0.06568348825
2022-03-14,4,random_forest,1,0.5248845315,0.06568348825
2022-03-15,4,catboost,1,0.6037888915,0.05495455373
2022-03-15,4,logistic_regression,1,0.6307619407,0.05495455373
2022-03-15,4,majority_baseline,1,0.6072976879,0.05495455373
2022-03-15,4,random_forest,1,0.5217650461,0.05495455373
2022-03-16,4,catboost,1,0.58036284,0.01877781735
2022-03-16,4,logistic_regression,1,0.5541062608,0.01877781735
2022-03-16,4,majority_baseline,1,0.6072976879,0.01877781735
2022-03-16,4,random_forest,1,0.516332405,0.01877781735
2022-03-17,4,catboost,1,0.5760148053,0.02135711507
2022-03-17,4,logistic_regression,1,0.5516705535,0.02135711507
2022-03-17,4,majority_baseline,1,0.6072976879,0.02135711507
2022-03-17,4,random_forest,1,0.5209899528,0.02135711507
2022-03-18,4,catboost,1,0.5436907828,0.01837940611
2022-03-18,4,logistic_regression,1,0.5843402398,0.01837940611
2022-03-18,4,majority_baseline,1,0.6072976879,0.01837940611
2022-03-18,4,random_forest,1,0.5267292761,0.01837940611
2022-03-21,4,catboost,1,0.6127805988,0.02592315021
2022-03-21,4,logistic_regression,1,0.6353957681,0.02592315021
2022-03-21,4,majority_baseline,1,0.6072976879,0.02592315021
2022-03-21,4,random_forest,1,0.5529454973,0.02592315021
2022-03-22,4,catboost,1,0.5603848907,0.02660199648
2022-03-22,4,logistic_regression,1,0.6500463016,0.02660199648
2022-03-22,4,majority_baseline,1,0.6072976879,0.02660199648
2022-03-22,4,random_forest,1,0.5377385545,0.02660199648
2022-03-23,4,catboost,1,0.6999316318,0.03357373774
2022-03-23,4,logistic_regression,1,0.6493436316,0.03357373774
2022-03-23,4,majority_baseline,1,0.6072976879,0.03357373774
2022-03-23,4,random_forest,1,0.5588908423,0.03357373774
2022-03-24,4,catboost,1,0.7063383677,0.002552830085
2022-03-24,4,logistic_regression,1,0.6460411232,0.002552830085
2022-03-24,4,majority_baseline,1,0.6072976879,0.002552830085
2022-03-24,4,random_forest,1,0.5597325552,0.002552830085
2022-03-25,4,catboost,1,0.7596688455,0.0005080982544
2022-03-25,4,logistic_regression,1,0.6570452621,0.0005080982544
2022-03-25,4,majority_baseline,1,0.6072976879,0.0005080982544
2022-03-25,4,random_forest,1,0.5830708984,0.0005080982544
2022-03-28,4,catboost,1,0.6913970164,0.001952104786
2022-03-28,4,logistic_regression,1,0.6591245389,0.001952104786
2022-03-28,4,majority_baseline,1,0.6072976879,0.001952104786
2022-03-28,4,random_forest,1,0.5695738534,0.001952104786
2022-03-29,4,catboost,0,0.7247548572,-0.02279274028
2022-03-29,4,logistic_regression,0,0.6229806537,-0.02279274028
2022-03-29,4,majority_baseline,0,0.6072976879,-0.02279274028
2022-03-29,4,random_forest,0,0.5564832989,-0.02279274028
2022-03-30,4,catboost,0,0.7373730821,-0.02655335268
2022-03-30,4,logistic_regression,0,0.5889725722,-0.02655335268
2022-03-30,4,majority_baseline,0,0.6072976879,-0.02655335268
2022-03-30,4,random_forest,0,0.5586744275,-0.02655335268
2022-03-31,4,catboost,0,0.5644047731,-0.0063546752
2022-03-31,4,logistic_regression,0,0.6000035314,-0.0063546752
2022-03-31,4,majority_baseline,0,0.6072976879,-0.0063546752
2022-03-31,4,random_forest,0,0.5316960972,-0.0063546752
2022-04-01,4,catboost,0,0.6607807915,-0.01181225369
2022-04-01,4,logistic_regression,0,0.5663159228,-0.01181225369
2022-04-01,4,majority_baseline,0,0.6072976879,-0.01181225369
2022-04-01,4,random_forest,0,0.5405240201,-0.01181225369
2022-04-04,4,catboost,0,0.8197122496,-0.03695265948
2022-04-04,4,logistic_regression,0,0.5943392302,-0.03695265948
2022-04-04,4,majority_baseline,0,0.6072976879,-0.03695265948
2022-04-04,4,random_forest,0,0.615262666,-0.03695265948
2022-04-05,4,catboost,0,0.7996393388,-0.02824643668
2022-04-05,4,logistic_regression,0,0.6364363967,-0.02824643668
2022-04-05,4,majority_baseline,0,0.6072976879,-0.02824643668
2022-04-05,4,random_forest,0,0.5684217948,-0.02824643668
2022-04-06,4,catboost,0,0.5304909333,-0.007188908625
2022-04-06,4,logistic_regression,0,0.6263627661,-0.007188908625
2022-04-06,4,majority_baseline,0,0.6072976879,-0.007188908625
2022-04-06,4,random_forest,0,0.5144303183,-0.007188908625
2022-04-07,4,catboost,0,0.5302511705,-0.02446683328
2022-04-07,4,logistic_regression,0,0.5973383196,-0.02446683328
2022-04-07,4,majority_baseline,0,0.6072976879,-0.02446683328
2022-04-07,4,random_forest,0,0.5061510679,-0.02446683328
2022-04-08,4,catboost,0,0.534217241,-0.02144917207
2022-04-08,4,logistic_regression,0,0.6100977847,-0.02144917207
2022-04-08,4,majority_baseline,0,0.6072976879,-0.02144917207
2022-04-08,4,random_forest,0,0.5002077783,-0.02144917207
2022-04-11,4,catboost,1,0.5110487852,0.01163846823
2022-04-11,4,logistic_regression,1,0.6275015606,0.01163846823
2022-04-11,4,majority_baseline,1,0.6072976879,0.01163846823
2022-04-11,4,random_forest,1,0.5008625307,0.01163846823
2022-04-12,4,catboost,1,0.4884930969,0.01464779684
2022-04-12,4,logistic_regression,1,0.6134693342,0.01464779684
2022-04-12,4,majority_baseline,1,0.6072976879,0.01464779684
2022-04-12,4,random_forest,1,0.4958663788,0.01464779684
2022-04-13,4,catboost,0,0.5085610063,-0.01184272863
2022-04-13,4,logistic_regression,0,0.5984493804,-0.01184272863
2022-04-13,4,majority_baseline,0,0.6072976879,-0.01184272863
2022-04-13,4,random_forest,0,0.5039400892,-0.01184272863
2022-04-14,4,catboost,0,0.7062292418,-0.02683935168
2022-04-14,4,logistic_regression,0,0.6154825221,-0.02683935168
2022-04-14,4,majority_baseline,0,0.6072976879,-0.02683935168
2022-04-14,4,random_forest,0,0.5359468387,-0.02683935168
2022-04-18,4,catboost,0,0.6744380983,-0.02159963325
2022-04-18,4,logistic_regression,0,0.6273461241,-0.02159963325
2022-04-18,4,majority_baseline,0,0.6072976879,-0.02159963325
2022-04-18,4,random_forest,0,0.5153549974,-0.02159963325
2022-04-19,4,catboost,0,0.603064978,-0.06502786681
2022-04-19,4,logistic_regression,0,0.5964986759,-0.06502786681
2022-04-19,4,majority_baseline,0,0.6072976879,-0.06502786681
2022-04-19,4,random_forest,0,0.5224514177,-0.06502786681
2022-04-20,4,catboost,0,0.6364675761,-0.06170313918
2022-04-20,4,logistic_regression,0,0.6095144497,-0.06170313918
2022-04-20,4,majority_baseline,0,0.6072976879,-0.06170313918
2022-04-20,4,random_forest,0,0.5192558974,-0.06170313918
2022-04-21,4,catboost,0,0.6776918743,-0.02339862132
2022-04-21,4,logistic_regression,0,0.6616399302,-0.02339862132
2022-04-21,4,majority_baseline,0,0.6072976879,-0.02339862132
2022-04-21,4,random_forest,0,0.5266191548,-0.02339862132
2022-04-22,4,catboost,0,0.7744763647,-0.03295467144
2022-04-22,4,logistic_regression,0,0.6236466386,-0.03295467144
2022-04-22,4,majority_baseline,0,0.6072976879,-0.03295467144
2022-04-22,4,random_forest,0,0.6094865105,-0.03295467144
2022-04-25,4,catboost,0,0.6496329022,-0.03274135605
2022-04-25,4,logistic_regression,0,0.5838220598,-0.03274135605
2022-04-25,4,majority_baseline,0,0.6072976879,-0.03274135605
2022-04-25,4,random_forest,0,0.5428758768,-0.03274135605
2022-04-26,4,catboost,1,0.6887553135,0.0006729122708
2022-04-26,4,logistic_regression,1,0.6547424811,0.0006729122708
2022-04-26,4,majority_baseline,1,0.6072976879,0.0006729122708
2022-04-26,4,random_forest,1,0.5930290082,0.0006729122708
2022-04-27,4,catboost,1,0.6242919111,0.02825510799
2022-04-27,4,logistic_regression,1,0.6341478051,0.02825510799
2022-04-27,4,majority_baseline,1,0.6072976879,0.02825510799
2022-04-27,4,random_forest,1,0.5784590571,0.02825510799
2022-04-28,4,catboost,0,0.4963340292,-0.03272480793
2022-04-28,4,logistic_regression,0,0.5761339566,-0.03272480793
2022-04-28,4,majority_baseline,0,0.6072976879,-0.03272480793
2022-04-28,4,random_forest,0,0.500107242,-0.03272480793
2022-04-29,4,catboost,0,0.6876511739,-0.001601950728
2022-04-29,4,logistic_regression,0,0.629213005,-0.001601950728
2022-04-29,4,majority_baseline,0,0.6072976879,-0.001601950728
2022-04-29,4,random_forest,0,0.5560743957,-0.001601950728
2022-05-02,4,catboost,0,0.6579538951,-0.03935050465
2022-05-02,4,logistic_regression,0,0.5884971154,-0.03935050465
2022-05-02,4,majority_baseline,0,0.6072976879,-0.03935050465
2022-05-02,4,random_forest,0,0.543579987,-0.03935050465
2022-05-03,4,catboost,0,0.6325039646,-0.04152458907
2022-05-03,4,logistic_regression,0,0.5577568673,-0.04152458907
2022-05-03,4,majority_baseline,0,0.6072976879,-0.04152458907
2022-05-03,4,random_forest,0,0.5393154257,-0.04152458907
2022-05-04,4,catboost,0,0.6469689172,-0.08462685359
2022-05-04,4,logistic_regression,0,0.5393635161,-0.08462685359
2022-05-04,4,majority_baseline,0,0.6072976879,-0.08462685359
2022-05-04,4,random_forest,0,0.4737522305,-0.08462685359
2022-05-05,4,catboost,0,0.7076135202,-0.05188371819
2022-05-05,4,logistic_regression,0,0.5844249821,-0.05188371819
2022-05-05,4,majority_baseline,0,0.6072976879,-0.05188371819
2022-05-05,4,random_forest,0,0.5477511476,-0.05188371819
2022-05-06,4,catboost,0,0.600176432,-0.02338696744
2022-05-06,4,logistic_regression,0,0.6116251559,-0.02338696744
2022-05-06,4,majority_baseline,0,0.6072976879,-0.02338696744
2022-05-06,4,random_forest,0,0.5299688041,-0.02338696744
2022-05-09,4,catboost,1,0.7062700971,0.00482201782
2022-05-09,4,logistic_regression,1,0.6352115178,0.00482201782
2022-05-09,4,majority_baseline,1,0.6072976879,0.00482201782
2022-05-09,4,random_forest,1,0.5513238782,0.00482201782
2022-05-10,4,catboost,1,0.7358217547,0.0231276431
2022-05-10,4,logistic_regression,1,0.6710012727,0.0231276431
2022-05-10,4,majority_baseline,1,0.6072976879,0.0231276431
2022-05-10,4,random_forest,1,0.5707260096,0.0231276431
2022-05-11,4,catboost,0,0.7289258076,-0.002266109739
2022-05-11,4,logistic_regression,0,0.679617348,-0.002266109739
2022-05-11,4,majority_baseline,0,0.6072976879,-0.002266109739
2022-05-11,4,random_forest,0,0.5758345958,-0.002266109739
2022-05-12,4,catboost,0,0.7377072564,-0.007340584256
2022-05-12,4,logistic_regression,0,0.6347359803,-0.007340584256
2022-05-12,4,majority_baseline,0,0.6072976879,-0.007340584256
2022-05-12,4,random_forest,0,0.5439810132,-0.007340584256
2022-05-13,4,catboost,0,0.5661269077,-0.03009557967
2022-05-13,4,logistic_regression,0,0.6438780344,-0.03009557967
2022-05-13,4,majority_baseline,0,0.6072976879,-0.03009557967
2022-05-13,4,random_forest,0,0.4645717248,-0.03009557967
2022-05-16,4,catboost,0,0.5511066876,-0.007923174609
2022-05-16,4,logistic_regression,0,0.6512061386,-0.007923174609
2022-05-16,4,majority_baseline,0,0.6072976879,-0.007923174609
2022-05-16,4,random_forest,0,0.5237522701,-0.007923174609
2022-05-17,4,catboost,0,0.4023375141,-0.03533991096
2022-05-17,4,logistic_regression,0,0.6294700736,-0.03533991096
2022-05-17,4,majority_baseline,0,0.6072976879,-0.03533991096
2022-05-17,4,random_forest,0,0.4633900594,-0.03533991096
2022-05-18,4,catboost,1,0.5354261078,0.01406116956
2022-05-18,4,logistic_regression,1,0.6435371396,0.01406116956
2022-05-18,4,majority_baseline,1,0.6072976879,0.01406116956
2022-05-18,4,random_forest,1,0.4975846926,0.01406116956
2022-05-19,4,catboost,1,0.6105521362,0.0406973924
2022-05-19,4,logistic_regression,1,0.6621722733,0.0406973924
2022-05-19,4,majority_baseline,1,0.6072976879,0.0406973924
2022-05-19,4,random_forest,1,0.516187767,0.0406973924
2022-05-20,4,catboost,1,0.7331578359,0.06578036747
2022-05-20,4,logistic_regression,1,0.6664398887,0.06578036747
2022-05-20,4,majority_baseline,1,0.6072976879,0.06578036747
2022-05-20,4,random_forest,1,0.5294232873,0.06578036747
2022-05-23,4,catboost,1,0.7624943204,0.04033553048
2022-05-23,4,logistic_regression,1,0.6607220962,0.04033553048
2022-05-23,4,majority_baseline,1,0.6072976879,0.04033553048
2022-05-23,4,random_forest,1,0.55615383,0.04033553048
2022-05-24,4,catboost,1,0.7277912921,0.0398587959
2022-05-24,4,logistic_regression,1,0.6951560848,0.0398587959
2022-05-24,4,majority_baseline,1,0.6072976879,0.0398587959
2022-05-24,4,random_forest,1,0.5360503544,0.0398587959
2022-05-25,4,catboost,1,0.5331201388,0.05038130646
2022-05-25,4,logistic_regression,1,0.6839830698,0.05038130646
2022-05-25,4,majority_baseline,1,0.6072976879,0.05038130646
2022-05-25,4,random_forest,1,0.4880483004,0.05038130646
2022-05-26,4,catboost,1,0.418944203,0.01290373031
2022-05-26,4,logistic_regression,1,0.6513574546,0.01290373031
2022-05-26,4,majority_baseline,1,0.6072976879,0.01290373031
2022-05-26,4,random_forest,1,0.4536941733,0.01290373031
2022-05-27,4,catboost,0,0.352048144,-0.0083562135
2022-05-27,4,logistic_regression,0,0.5987003535,-0.0083562135
2022-05-27,4,majority_baseline,0,0.6072976879,-0.0083562135
2022-05-27,4,random_forest,0,0.4072514332,-0.0083562135
2022-05-31,4,catboost,1,0.389519985,0.006805021553
2022-05-31,4,logistic_regression,1,0.6166215013,0.006805021553
2022-05-31,4,majority_baseline,1,0.6072976879,0.006805021553
2022-05-31,4,random_forest,1,0.4317772033,0.006805021553
2022-06-01,4,catboost,1,0.2753094507,0.003979601345
2022-06-01,4,logistic_regression,1,0.6072907014,0.003979601345
2022-06-01,4,majority_baseline,1,0.6072976879,0.003979601345
2022-06-01,4,random_forest,1,0.427823771,0.003979601345
2022-06-02,4,catboost,0,0.661439474,-0.03821368898
2022-06-02,4,logistic_regression,0,0.636089916,-0.03821368898
2022-06-02,4,majority_baseline,0,0.6072976879,-0.03821368898
2022-06-02,4,random_forest,0,0.5195224425,-0.03821368898
2022-06-03,4,catboost,0,0.630492239,-0.05051887823
2022-06-03,4,logistic_regression,0,0.6682435533,-0.05051887823
2022-06-03,4,majority_baseline,0,0.6072976879,-0.05051887823
2022-06-03,4,random_forest,0,0.5077901844,-0.05051887823
2022-06-06,4,catboost,0,0.619673886,-0.08934167352
2022-06-06,4,logistic_regression,0,0.6821071751,-0.08934167352
2022-06-06,4,majority_baseline,0,0.6072976879,-0.08934167352
2022-06-06,4,random_forest,0,0.5157234758,-0.08934167352
2022-06-07,4,catboost,0,0.6176785804,-0.100711974
2022-06-07,4,logistic_regression,0,0.6636398465,-0.100711974
2022-06-07,4,majority_baseline,0,0.6072976879,-0.100711974
2022-06-07,4,random_forest,0,0.5169468195,-0.100711974
2022-06-08,4,catboost,0,0.5527625897,-0.07786583558
2022-06-08,4,logistic_regression,0,0.6777856923,-0.07786583558
2022-06-08,4,majority_baseline,0,0.6072976879,-0.07786583558
2022-06-08,4,random_forest,0,0.4921244343,-0.07786583558
2022-06-09,4,catboost,0,0.3045953184,-0.08666303381
2022-06-09,4,logistic_regression,0,0.7001488695,-0.08666303381
2022-06-09,4,majority_baseline,0,0.6072976879,-0.08666303381
2022-06-09,4,random_forest,0,0.4662099721,-0.08666303381
2022-06-10,4,catboost,0,0.7878867038,-0.06141611891
2022-06-10,4,logistic_regression,0,0.6348699059,-0.06141611891
2022-06-10,4,majority_baseline,0,0.6072976879,-0.06141611891
2022-06-10,4,random_forest,0,0.5828794808,-0.06141611891
2022-06-13,4,catboost,1,0.8312360565,0.0001866861333
2022-06-13,4,logistic_regression,1,0.5991018258,0.0001866861333
2022-06-13,4,majority_baseline,1,0.6072976879,0.0001866861333
2022-06-13,4,random_forest,1,0.5869342103,0.0001866861333
2022-06-14,4,catboost,1,0.8086229488,0.00139090996
2022-06-14,4,logistic_regression,1,0.6197745697,0.00139090996
2022-06-14,4,majority_baseline,1,0.6072976879,0.00139090996
2022-06-14,4,random_forest,1,0.5827047491,0.00139090996
2022-06-15,4,catboost,0,0.682009274,-0.003006367519
2022-06-15,4,logistic_regression,0,0.6081652386,-0.003006367519
2022-06-15,4,majority_baseline,0,0.6072976879,-0.003006367519
2022-06-15,4,random_forest,0,0.5548099353,-0.003006367519
2022-06-16,4,catboost,1,0.7024710177,0.06390288583
2022-06-16,4,logistic_regression,1,0.6020640367,0.06390288583
2022-06-16,4,majority_baseline,1,0.6072976879,0.06390288583
2022-06-16,4,random_forest,1,0.5499584214,0.06390288583
2022-06-17,4,catboost,1,0.782547117,0.06212762206
2022-06-17,4,logistic_regression,1,0.6276864601,0.06212762206
2022-06-17,4,majority_baseline,1,0.6072976879,0.06212762206
2022-06-17,4,random_forest,1,0.5551534791,0.06212762206
2022-06-21,4,catboost,1,0.5783886706,0.0148771869
2022-06-21,4,logistic_regression,1,0.5797632428,0.0148771869
2022-06-21,4,majority_baseline,1,0.6072976879,0.0148771869
2022-06-21,4,random_forest,1,0.4832053501,0.0148771869
2022-06-22,4,catboost,1,0.6705731189,0.015892469
2022-06-22,4,logistic_regression,1,0.5922128144,0.015892469
2022-06-22,4,majority_baseline,1,0.6072976879,0.015892469
2022-06-22,4,random_forest,1,0.4985660996,0.015892469
2022-06-23,4,catboost,0,0.6686880148,-0.002142510726
2022-06-23,4,logistic_regression,0,0.5867439602,-0.002142510726
2022-06-23,4,majority_baseline,0,0.6072976879,-0.002142510726
2022-06-23,4,random_forest,0,0.5122661864,-0.002142510726
2022-06-24,4,catboost,0,0.3905730255,-0.0226620096
2022-06-24,4,logistic_regression,0,0.568433679,-0.0226620096
2022-06-24,4,majority_baseline,0,0.6072976879,-0.0226620096
2022-06-24,4,random_forest,0,0.4154220194,-0.0226620096
2022-06-27,4,catboost,0,0.6457049419,-0.01706169707
2022-06-27,4,logistic_regression,0,0.6033424917,-0.01706169707
2022-06-27,4,majority_baseline,0,0.6072976879,-0.01706169707
2022-06-27,4,random_forest,0,0.4989277415,-0.01706169707
2022-06-28,4,catboost,1,0.7752766159,0.006830437782
2022-06-28,4,logistic_regression,1,0.7238554145,0.006830437782
2022-06-28,4,majority_baseline,1,0.6072976879,0.006830437782
2022-06-28,4,random_forest,1,0.5489338474,0.006830437782
2022-06-29,4,catboost,1,0.7071806399,0.02274279325
2022-06-29,4,logistic_regression,1,0.6840029558,0.02274279325
2022-06-29,4,majority_baseline,1,0.6072976879,0.02274279325
2022-06-29,4,random_forest,1,0.5451566451,0.02274279325
2022-06-30,4,catboost,1,0.7714958159,0.03027173863
2022-06-30,4,logistic_regression,1,0.6837471553,0.03027173863
2022-06-30,4,majority_baseline,1,0.6072976879,0.03027173863
2022-06-30,4,random_forest,1,0.5460674806,0.03027173863
2022-07-01,4,catboost,1,0.8131301682,0.007842883425
2022-07-01,4,logistic_regression,1,0.6810405072,0.007842883425
2022-07-01,4,majority_baseline,1,0.6072976879,0.007842883425
2022-07-01,4,random_forest,1,0.5484652003,0.007842883425
2022-07-05,4,catboost,0,0.648417294,-0.00295843786
2022-07-05,4,logistic_regression,0,0.6959599741,-0.00295843786
2022-07-05,4,majority_baseline,0,0.6072976879,-0.00295843786
2022-07-05,4,random_forest,0,0.5060468291,-0.00295843786
2022-07-06,4,catboost,0,0.5454676544,-0.01153297691
2022-07-06,4,logistic_regression,0,0.6449512452,-0.01153297691
2022-07-06,4,majority_baseline,0,0.6072976879,-0.01153297691
2022-07-06,4,random_forest,0,0.4859392822,-0.01153297691
2022-07-07,4,catboost,0,0.6731000383,-0.02848398874
2022-07-07,4,logistic_regression,0,0.6296847968,-0.02848398874
2022-07-07,4,majority_baseline,0,0.6072976879,-0.02848398874
2022-07-07,4,random_forest,0,0.5029179254,-0.02848398874
2022-07-08,4,catboost,0,0.5969814851,-0.009108005192
2022-07-08,4,logistic_regression,0,0.6166453278,-0.009108005192
2022-07-08,4,majority_baseline,0,0.6072976879,-0.009108005192
2022-07-08,4,random_forest,0,0.4815275179,-0.009108005192
2022-07-11,4,catboost,0,0.5102401872,-0.005933942521
2022-07-11,4,logistic_regression,0,0.5869793514,-0.005933942521
2022-07-11,4,majority_baseline,0,0.6072976879,-0.005933942521
2022-07-11,4,random_forest,0,0.4799251902,-0.005933942521
2022-07-12,4,catboost,1,0.3569535718,0.0300396576
2022-07-12,4,logistic_regression,1,0.6261929143,0.0300396576
2022-07-12,4,majority_baseline,1,0.6072976879,0.0300396576
2022-07-12,4,random_forest,1,0.437847391,0.0300396576
2022-07-13,4,catboost,1,0.3408866158,0.04207692887
2022-07-13,4,logistic_regression,1,0.6552803224,0.04207692887
2022-07-13,4,majority_baseline,1,0.6072976879,0.04207692887
2022-07-13,4,random_forest,1,0.4541936758,0.04207692887
2022-07-14,4,catboost,1,0.3667640175,0.05525126246
2022-07-14,4,logistic_regression,1,0.6339135419,0.05525126246
2022-07-14,4,majority_baseline,1,0.6072976879,0.05525126246
2022-07-14,4,random_forest,1,0.4637965533,0.05525126246
2022-07-15,4,catboost,1,0.4977986465,0.02586137479
2022-07-15,4,logistic_regression,1,0.605662469,0.02586137479
2022-07-15,4,majority_baseline,1,0.6072976879,0.02586137479
2022-07-15,4,random_forest,1,0.4851871237,0.02586137479
2022-07-18,4,catboost,1,0.5640448096,0.03565910372
2022-07-18,4,logistic_regression,1,0.6467669896,0.03565910372
2022-07-18,4,majority_baseline,1,0.6072976879,0.03565910372
2022-07-18,4,random_forest,1,0.5189600517,0.03565910372
2022-07-19,4,catboost,0,0.5573639888,-0.003517919899
2022-07-19,4,logistic_regression,0,0.6055226823,-0.003517919899
2022-07-19,4,majority_baseline,0,0.6072976879,-0.003517919899
2022-07-19,4,random_forest,0,0.488419114,-0.003517919899
2022-07-20,4,catboost,1,0.560865869,0.01588271569
2022-07-20,4,logistic_regression,1,0.5811081159,0.01588271569
2022-07-20,4,majority_baseline,1,0.6072976879,0.01588271569
2022-07-20,4,random_forest,1,0.5171479521,0.01588271569
2022-07-21,4,catboost,1,0.5937072801,0.01825521865
2022-07-21,4,logistic_regression,1,0.5817426774,0.01825521865
2022-07-21,4,majority_baseline,1,0.6072976879,0.01825521865
2022-07-21,4,random_forest,1,0.5242476229,0.01825521865
2022-07-22,4,catboost,1,0.6747446345,0.04277504887
2022-07-22,4,logistic_regression,1,0.6029288766,0.04277504887
2022-07-22,4,majority_baseline,1,0.6072976879,0.04277504887
2022-07-22,4,random_forest,1,0.5389839712,0.04277504887
2022-07-25,4,catboost,1,0.7588786035,0.03842551614
2022-07-25,4,logistic_regression,1,0.623071112,0.03842551614
2022-07-25,4,majority_baseline,1,0.6072976879,0.03842551614
2022-07-25,4,random_forest,1,0.5793503492,0.03842551614
2022-07-26,4,catboost,1,0.6870982763,0.04392535588
2022-07-26,4,logistic_regression,1,0.6680102657,0.04392535588
2022-07-26,4,majority_baseline,1,0.6072976879,0.04392535588
2022-07-26,4,random_forest,1,0.5345658752,0.04392535588
2022-07-27,4,catboost,1,0.5790504568,0.03343806956
2022-07-27,4,logistic_regression,1,0.6269592641,0.03343806956
2022-07-27,4,majority_baseline,1,0.6072976879,0.03343806956
2022-07-27,4,random_forest,1,0.5123653347,0.03343806956
2022-07-28,4,catboost,1,0.6758113408,0.01994731439
2022-07-28,4,logistic_regression,1,0.5976203738,0.01994731439
2022-07-28,4,majority_baseline,1,0.6072976879,0.01994731439
2022-07-28,4,random_forest,1,0.5597300728,0.01994731439
2022-07-29,4,catboost,1,0.3908006072,0.003592346987
2022-07-29,4,logistic_regression,1,0.5366680334,0.003592346987
2022-07-29,4,majority_baseline,1,0.6072976879,0.003592346987
2022-07-29,4,random_forest,1,0.4490696092,0.003592346987
2022-08-01,4,catboost,1,0.6010532018,0.005404487327
2022-08-01,4,logistic_regression,1,0.592990823,0.005404487327
2022-08-01,4,majority_baseline,1,0.6072976879,0.005404487327
2022-08-01,4,random_forest,1,0.5470060126,0.005404487327
2022-08-02,4,catboost,1,0.6083781327,0.0080625607
2022-08-02,4,logistic_regression,1,0.6009415942,0.0080625607
2022-08-02,4,majority_baseline,1,0.6072976879,0.0080625607
2022-08-02,4,random_forest,1,0.5439586953,0.0080625607
2022-08-03,4,catboost,1,0.5520521281,0.01336705957
2022-08-03,4,logistic_regression,1,0.5718297121,0.01336705957
2022-08-03,4,majority_baseline,1,0.6072976879,0.01336705957
2022-08-03,4,random_forest,1,0.4508686001,0.01336705957
2022-08-04,4,catboost,1,0.719389424,0.01405214432
2022-08-04,4,logistic_regression,1,0.5885639284,0.01405214432
2022-08-04,4,majority_baseline,1,0.6072976879,0.01405214432
2022-08-04,4,random_forest,1,0.548816139,0.01405214432
2022-08-05,4,catboost,1,0.7458023358,0.03296491852
2022-08-05,4,logistic_regression,1,0.62812772,0.03296491852
2022-08-05,4,majority_baseline,1,0.6072976879,0.03296491852
2022-08-05,4,random_forest,1,0.5296405825,0.03296491852
2022-08-08,4,catboost,1,0.7592721485,0.03842706985
2022-08-08,4,logistic_regression,1,0.6279138726,0.03842706985
2022-08-08,4,majority_baseline,1,0.6072976879,0.03842706985
2022-08-08,4,random_forest,1,0.569394894,0.03842706985
2022-08-09,4,catboost,1,0.7589312753,0.04460922773
2022-08-09,4,logistic_regression,1,0.6583017444,0.04460922773
2022-08-09,4,majority_baseline,1,0.6072976879,0.04460922773
2022-08-09,4,random_forest,1,0.6042882433,0.04460922773
2022-08-10,4,catboost,1,0.5849305853,0.0158575296
2022-08-10,4,logistic_regression,1,0.5904430638,0.0158575296
2022-08-10,4,majority_baseline,1,0.6072976879,0.0158575296
2022-08-10,4,random_forest,1,0.4596781738,0.0158575296
2022-08-11,4,catboost,1,0.5496025241,0.0188100302
2022-08-11,4,logistic_regression,1,0.5690172969,0.0188100302
2022-08-11,4,majority_baseline,1,0.6072976879,0.0188100302
2022-08-11,4,random_forest,1,0.4417912374,0.0188100302
2022-08-12,4,catboost,0,0.2954984957,-0.01161318527
2022-08-12,4,logistic_regression,0,0.5409042119,-0.01161318527
2022-08-12,4,majority_baseline,0,0.6072976879,-0.01161318527
2022-08-12,4,random_forest,0,0.4088285763,-0.01161318527
2022-08-15,4,catboost,0,0.4241369434,-0.03616560143
2022-08-15,4,logistic_regression,0,0.5617757914,-0.03616560143
2022-08-15,4,majority_baseline,0,0.6072976879,-0.03616560143
2022-08-15,4,random_forest,0,0.4345475709,-0.03616560143
2022-08-16,4,catboost,0,0.4274538233,-0.04037702026
2022-08-16,4,logistic_regression,0,0.5801431802,-0.04037702026
2022-08-16,4,majority_baseline,0,0.6072976879,-0.04037702026
2022-08-16,4,random_forest,0,0.4187178371,-0.04037702026
2022-08-17,4,catboost,0,0.6120749418,-0.03042301813
2022-08-17,4,logistic_regression,0,0.5660706681,-0.03042301813
2022-08-17,4,majority_baseline,0,0.6072976879,-0.03042301813
2022-08-17,4,random_forest,0,0.4635306989,-0.03042301813
2022-08-18,4,catboost,0,0.5849277415,-0.01958448319
2022-08-18,4,logistic_regression,0,0.5831582842,-0.01958448319
2022-08-18,4,majority_baseline,0,0.6072976879,-0.01958448319
2022-08-18,4,random_forest,0,0.5046891418,-0.01958448319
2022-08-19,4,catboost,0,0.6054961014,-0.03986832903
2022-08-19,4,logistic_regression,0,0.6020382259,-0.03986832903
2022-08-19,4,majority_baseline,0,0.6072976879,-0.03986832903
2022-08-19,4,random_forest,0,0.4727623602,-0.03986832903
2022-08-22,4,catboost,0,0.7061749647,-0.02593444065
2022-08-22,4,logistic_regression,0,0.6012831076,-0.02593444065
2022-08-22,4,majority_baseline,0,0.6072976879,-0.02593444065
2022-08-22,4,random_forest,0,0.5380935255,-0.02593444065
2022-08-23,4,catboost,0,0.571770639,-0.03429129233
2022-08-23,4,logistic_regression,0,0.6508926766,-0.03429129233
2022-08-23,4,majority_baseline,0,0.6072976879,-0.03429129233
2022-08-23,4,random_forest,0,0.5530516755,-0.03429129233
2022-08-24,4,catboost,0,0.5986718877,-0.04469751275
2022-08-24,4,logistic_regression,0,0.6292184307,-0.04469751275
2022-08-24,4,majority_baseline,0,0.6072976879,-0.04469751275
2022-08-24,4,random_forest,0,0.5395259851,-0.04469751275
2022-08-25,4,catboost,0,0.6852318486,-0.05504039441
2022-08-25,4,logistic_regression,0,0.6077959332,-0.05504039441
2022-08-25,4,majority_baseline,0,0.6072976879,-0.05504039441
2022-08-25,4,random_forest,0,0.4930992387,-0.05504039441
2022-08-26,4,catboost,0,0.765848282,-0.03224694056
2022-08-26,4,logistic_regression,0,0.5922454136,-0.03224694056
2022-08-26,4,majority_baseline,0,0.6072976879,-0.03224694056
2022-08-26,4,random_forest,0,0.5539421369,-0.03224694056
2022-08-29,4,catboost,0,0.8158765743,-0.02948114884
2022-08-29,4,logistic_regression,0,0.5684441864,-0.02948114884
2022-08-29,4,majority_baseline,0,0.6072976879,-0.02948114884
2022-08-29,4,random_forest,0,0.5569523378,-0.02948114884
2022-08-30,4,catboost,0,0.7978921021,-0.00107981394
2022-08-30,4,logistic_regression,0,0.5759435465,-0.00107981394
2022-08-30,4,majority_baseline,0,0.6072976879,-0.00107981394
2022-08-30,4,random_forest,0,0.5289008211,-0.00107981394
2022-08-31,4,catboost,1,0.8752985081,0.01315859177
2022-08-31,4,logistic_regression,1,0.5780771584,0.01315859177
2022-08-31,4,majority_baseline,1,0.6072976879,0.01315859177
2022-08-31,4,random_forest,1,0.5889876632,0.01315859177
2022-09-01,4,catboost,1,0.7715649404,0.02567981524
2022-09-01,4,logistic_regression,1,0.5700748768,0.02567981524
2022-09-01,4,majority_baseline,1,0.6072976879,0.02567981524
2022-09-01,4,random_forest,1,0.5898410967,0.02567981524
2022-09-02,4,catboost,1,0.7881176775,0.04775140595
2022-09-02,4,logistic_regression,1,0.5848626458,0.04775140595
2022-09-02,4,majority_baseline,1,0.6072976879,0.04775140595
2022-09-02,4,random_forest,1,0.5435436784,0.04775140595
2022-09-06,4,catboost,1,0.7891985974,0.005988320814
2022-09-06,4,logistic_regression,1,0.6122191406,0.005988320814
2022-09-06,4,majority_baseline,1,0.6072976879,0.005988320814
2022-09-06,4,random_forest,1,0.5563679479,0.005988320814
2022-09-07,4,catboost,0,0.6482353707,-0.007994350419
2022-09-07,4,logistic_regression,0,0.6079918976,-0.007994350419
2022-09-07,4,majority_baseline,0,0.6072976879,-0.007994350419
2022-09-07,4,random_forest,0,0.5082654471,-0.007994350419
2022-09-08,4,catboost,0,0.6925854534,-0.02562567979
2022-09-08,4,logistic_regression,0,0.5781118223,-0.02562567979
2022-09-08,4,majority_baseline,0,0.6072976879,-0.02562567979
2022-09-08,4,random_forest,0,0.5145861272,-0.02562567979
2022-09-09,4,catboost,0,0.6148957959,-0.05174620803
2022-09-09,4,logistic_regression,0,0.5338071983,-0.05174620803
2022-09-09,4,majority_baseline,0,0.6072976879,-0.05174620803
2022-09-09,4,random_forest,0,0.5257275957,-0.05174620803
2022-09-12,4,catboost,0,0.6742148659,-0.05455389283
2022-09-12,4,logistic_regression,0,0.5724983141,-0.05455389283
2022-09-12,4,majority_baseline,0,0.6072976879,-0.05455389283
2022-09-12,4,random_forest,0,0.5316397658,-0.05455389283
2022-09-13,4,catboost,0,0.716977259,-0.02292040107
2022-09-13,4,logistic_regression,0,0.634161899,-0.02292040107
2022-09-13,4,majority_baseline,0,0.6072976879,-0.02292040107
2022-09-13,4,random_forest,0,0.5905641778,-0.02292040107
2022-09-14,4,catboost,0,0.7631245821,-0.0436137639
2022-09-14,4,logistic_regression,0,0.6166341135,-0.0436137639
2022-09-14,4,majority_baseline,0,0.6072976879,-0.0436137639
2022-09-14,4,random_forest,0,0.5616688488,-0.0436137639
2022-09-15,4,catboost,0,0.6996279038,-0.04075667512
2022-09-15,4,logistic_regression,0,0.642764306,-0.04075667512
2022-09-15,4,majority_baseline,0,0.6072976879,-0.04075667512
2022-09-15,4,random_forest,0,0.5567682835,-0.04075667512
2022-09-16,4,catboost,0,0.6037184652,-0.0456737875
2022-09-16,4,logistic_regression,0,0.6272233756,-0.0456737875
2022-09-16,4,majority_baseline,0,0.6072976879,-0.0456737875
2022-09-16,4,random_forest,0,0.584414703,-0.0456737875
2022-09-19,4,catboost,0,0.7327042628,-0.06238577007
2022-09-19,4,logistic_regression,0,0.6463883702,-0.06238577007
2022-09-19,4,majority_baseline,0,0.6072976879,-0.06238577007
2022-09-19,4,random_forest,0,0.5911063893,-0.06238577007
2022-09-20,4,catboost,0,0.6724583858,-0.05391963238
2022-09-20,4,logistic_regression,0,0.6642331137,-0.05391963238
2022-09-20,4,majority_baseline,0,0.6072976879,-0.05391963238
2022-09-20,4,random_forest,0,0.5552433884,-0.05391963238
2022-09-21,4,catboost,0,0.654364969,-0.01817752334
2022-09-21,4,logistic_regression,0,0.6534160593,-0.01817752334
2022-09-21,4,majority_baseline,0,0.6072976879,-0.01817752334
2022-09-21,4,random_forest,0,0.5874354638,-0.01817752334
2022-09-22,4,catboost,0,0.6822161475,-0.03054351094
2022-09-22,4,logistic_regression,0,0.6181634277,-0.03054351094
2022-09-22,4,majority_baseline,0,0.6072976879,-0.03054351094
2022-09-22,4,random_forest,0,0.571875569,-0.03054351094
2022-09-23,4,catboost,0,0.7209642341,-0.02927033331
2022-09-23,4,logistic_regression,0,0.5833083456,-0.02927033331
2022-09-23,4,majority_baseline,0,0.6072976879,-0.02927033331
2022-09-23,4,random_forest,0,0.553936974,-0.02927033331
2022-09-26,4,catboost,1,0.8124551372,0.006313271157
2022-09-26,4,logistic_regression,1,0.5937723512,0.006313271157
2022-09-26,4,majority_baseline,1,0.6072976879,0.006313271157
2022-09-26,4,random_forest,1,0.5795330344,0.006313271157
2022-09-27,4,catboost,1,0.7719789499,0.04015079559
2022-09-27,4,logistic_regression,1,0.6391602229,0.04015079559
2022-09-27,4,majority_baseline,1,0.6072976879,0.04015079559
2022-09-27,4,random_forest,1,0.5498113982,0.04015079559
2022-09-28,4,catboost,1,0.7674661431,0.01770436273
2022-09-28,4,logistic_regression,1,0.5822247126,0.01770436273
2022-09-28,4,majority_baseline,1,0.6072976879,0.01770436273
2022-09-28,4,random_forest,1,0.5427359344,0.01770436273
2022-09-29,4,catboost,1,0.7895532067,0.02869429548
2022-09-29,4,logistic_regression,1,0.6147014232,0.02869429548
2022-09-29,4,majority_baseline,1,0.6072976879,0.02869429548
2022-09-29,4,random_forest,1,0.5309197391,0.02869429548
2022-09-30,4,catboost,1,0.8101193071,0.01570641109
2022-09-30,4,logistic_regression,1,0.6226480702,0.01570641109
2022-09-30,4,majority_baseline,1,0.6072976879,0.01570641109
2022-09-30,4,random_forest,1,0.5519654593,0.01570641109
2022-10-03,4,catboost,0,0.6565989487,-0.0179754962
2022-10-03,4,logistic_regression,0,0.6002760604,-0.0179754962
2022-10-03,4,majority_baseline,0,0.6072976879,-0.0179754962
2022-10-03,4,random_forest,0,0.5103902997,-0.0179754962
2022-10-04,4,catboost,0,0.5981734003,-0.05352279529
2022-10-04,4,logistic_regression,0,0.5849450478,-0.05352279529
2022-10-04,4,majority_baseline,0,0.6072976879,-0.05352279529
2022-10-04,4,random_forest,0,0.460917182,-0.05352279529
2022-10-05,4,catboost,0,0.6312544335,-0.05444323345
2022-10-05,4,logistic_regression,0,0.6239419686,-0.05444323345
2022-10-05,4,majority_baseline,0,0.6072976879,-0.05444323345
2022-10-05,4,random_forest,0,0.4883490841,-0.05444323345
2022-10-06,4,catboost,0,0.6197336059,-0.0193730192
2022-10-06,4,logistic_regression,0,0.6584888537,-0.0193730192
2022-10-06,4,majority_baseline,0,0.6072976879,-0.0193730192
2022-10-06,4,random_forest,0,0.5148296389,-0.0193730192
2022-10-07,4,catboost,0,0.7643376272,-0.01422311387
2022-10-07,4,logistic_regression,0,0.7014834838,-0.01422311387
2022-10-07,4,majority_baseline,0,0.6072976879,-0.01422311387
2022-10-07,4,random_forest,0,0.5844324512,-0.01422311387
2022-10-10,4,catboost,1,0.7841864849,0.01888789097
2022-10-10,4,logistic_regression,1,0.7038979907,0.01888789097
2022-10-10,4,majority_baseline,1,0.6072976879,0.01888789097
2022-10-10,4,random_forest,1,0.6105285271,0.01888789097
2022-10-11,4,catboost,1,0.8191524477,0.03742946013
2022-10-11,4,logistic_regression,1,0.7126909136,0.03742946013
2022-10-11,4,majority_baseline,1,0.6072976879,0.03742946013
2022-10-11,4,random_forest,1,0.6101820486,0.03742946013
2022-10-12,4,catboost,1,0.8271206264,0.03348665717
2022-10-12,4,logistic_regression,1,0.6707940039,0.03348665717
2022-10-12,4,majority_baseline,1,0.6072976879,0.03348665717
2022-10-12,4,random_forest,1,0.6109382999,0.03348665717
2022-10-13,4,catboost,0,0.801668017,-0.001530173233
2022-10-13,4,logistic_regression,0,0.6617077206,-0.001530173233
2022-10-13,4,majority_baseline,0,0.6072976879,-0.001530173233
2022-10-13,4,random_forest,0,0.502523482,-0.001530173233
2022-10-14,4,catboost,1,0.8005982603,0.04658446823
2022-10-14,4,logistic_regression,1,0.6594412128,0.04658446823
2022-10-14,4,majority_baseline,1,0.6072976879,0.04658446823
2022-10-14,4,random_forest,1,0.5303939922,0.04658446823
2022-10-17,4,catboost,1,0.6099769276,0.03284986522
2022-10-17,4,logistic_regression,1,0.6185372381,0.03284986522
2022-10-17,4,majority_baseline,1,0.6072976879,0.03284986522
2022-10-17,4,random_forest,1,0.497473464,0.03284986522
2022-10-18,4,catboost,1,0.5922437045,0.03715681383
2022-10-18,4,logistic_regression,1,0.5558278079,0.03715681383
2022-10-18,4,majority_baseline,1,0.6072976879,0.03715681383
2022-10-18,4,random_forest,1,0.4835606586,0.03715681383
2022-10-19,4,catboost,1,0.5899247863,0.03668925102
2022-10-19,4,logistic_regression,1,0.5888611273,0.03668925102
2022-10-19,4,majority_baseline,1,0.6072976879,0.03668925102
2022-10-19,4,random_forest,1,0.4799418591,0.03668925102
2022-10-20,4,catboost,1,0.5046033881,0.03987303892
2022-10-20,4,logistic_regression,1,0.6318865545,0.03987303892
2022-10-20,4,majority_baseline,1,0.6072976879,0.03987303892
2022-10-20,4,random_forest,1,0.49740126,0.03987303892
2022-10-21,4,catboost,1,0.3683936463,0.03935445822
2022-10-21,4,logistic_regression,1,0.6013517887,0.03935445822
2022-10-21,4,majority_baseline,1,0.6072976879,0.03935445822
2022-10-21,4,random_forest,1,0.4465706242,0.03935445822
2022-10-24,4,catboost,1,0.5468278694,0.0193733906
2022-10-24,4,logistic_regression,1,0.6049256717,0.0193733906
2022-10-24,4,majority_baseline,1,0.6072976879,0.0193733906
2022-10-24,4,random_forest,1,0.4968307582,0.0193733906
2022-10-25,4,catboost,0,0.4209124976,-0.001039240325
2022-10-25,4,logistic_regression,0,0.6334322398,-0.001039240325
2022-10-25,4,majority_baseline,0,0.6072976879,-0.001039240325
2022-10-25,4,random_forest,0,0.4699387373,-0.001039240325
2022-10-26,4,catboost,0,0.494054426,-0.01871628215
2022-10-26,4,logistic_regression,0,0.6432642535,-0.01871628215
2022-10-26,4,majority_baseline,0,0.6072976879,-0.01871628215
2022-10-26,4,random_forest,0,0.4925159735,-0.01871628215
2022-10-27,4,catboost,0,0.2783645544,-0.02360650808
2022-10-27,4,logistic_regression,0,0.6199372046,-0.02360650808
2022-10-27,4,majority_baseline,0,0.6072976879,-0.02360650808
2022-10-27,4,random_forest,0,0.4509336367,-0.02360650808
2022-10-28,4,catboost,0,0.3032644134,-0.03256897655
2022-10-28,4,logistic_regression,0,0.6371500518,-0.03256897655
2022-10-28,4,majority_baseline,0,0.6072976879,-0.03256897655
2022-10-28,4,random_forest,0,0.4513510857,-0.03256897655
2022-10-31,4,catboost,0,0.4904420179,-0.01620874508
2022-10-31,4,logistic_regression,0,0.5876172163,-0.01620874508
2022-10-31,4,majority_baseline,0,0.6072976879,-0.01620874508
2022-10-31,4,random_forest,0,0.4987237655,-0.01620874508
2022-11-01,4,catboost,0,0.5571947685,-0.006553596879
2022-11-01,4,logistic_regression,0,0.609942163,-0.006553596879
2022-11-01,4,majority_baseline,0,0.6072976879,-0.006553596879
2022-11-01,4,random_forest,0,0.5250714666,-0.006553596879
2022-11-02,4,catboost,0,0.5622536716,-0.001973991543
2022-11-02,4,logistic_regression,0,0.6418281069,-0.001973991543
2022-11-02,4,majority_baseline,0,0.6072976879,-0.001973991543
2022-11-02,4,random_forest,0,0.5194737144,-0.001973991543
2022-11-03,4,catboost,1,0.4531642969,0.06382575126
2022-11-03,4,logistic_regression,1,0.6514442614,0.06382575126
2022-11-03,4,majority_baseline,1,0.6072976879,0.06382575126
2022-11-03,4,random_forest,1,0.4964844689,0.06382575126
2022-11-04,4,catboost,1,0.5945922638,0.05888136931
2022-11-04,4,logistic_regression,1,0.6129331637,0.05888136931
2022-11-04,4,majority_baseline,1,0.6072976879,0.05888136931
2022-11-04,4,random_forest,1,0.5097565519,0.05888136931
2022-11-07,4,catboost,1,0.6662631141,0.0399262598
2022-11-07,4,logistic_regression,1,0.5954614865,0.0399262598
2022-11-07,4,majority_baseline,1,0.6072976879,0.0399262598
2022-11-07,4,random_forest,1,0.5414235733,0.0399262598
2022-11-08,4,catboost,1,0.7118406198,0.04316751361
2022-11-08,4,logistic_regression,1,0.5966173134,0.04316751361
2022-11-08,4,majority_baseline,1,0.6072976879,0.04316751361
2022-11-08,4,random_forest,1,0.5433171846,0.04316751361
2022-11-09,4,catboost,1,0.6205148689,0.05698555855
2022-11-09,4,logistic_regression,1,0.6327831948,0.05698555855
2022-11-09,4,majority_baseline,1,0.6072976879,0.05698555855
2022-11-09,4,random_forest,1,0.492855793,0.05698555855
2022-11-10,4,catboost,0,0.44992971,-0.001140166199
2022-11-10,4,logistic_regression,0,0.5089802662,-0.001140166199
2022-11-10,4,majority_baseline,0,0.6072976879,-0.001140166199
2022-11-10,4,random_forest,0,0.4690803169,-0.001140166199
2022-11-11,4,catboost,0,0.4933056563,-0.0062232088
2022-11-11,4,logistic_regression,0,0.4706054776,-0.0062232088
2022-11-11,4,majority_baseline,0,0.6072976879,-0.0062232088
2022-11-11,4,random_forest,0,0.463683234,-0.0062232088
2022-11-14,4,catboost,0,0.6826732412,-0.001341361628
2022-11-14,4,logistic_regression,0,0.5690587223,-0.001341361628
2022-11-14,4,majority_baseline,0,0.6072976879,-0.001341361628
2022-11-14,4,random_forest,0,0.5586473823,-0.001341361628
2022-11-15,4,catboost,1,0.5640835199,0.003538366671
2022-11-15,4,logistic_regression,1,0.5756059497,0.003538366671
2022-11-15,4,majority_baseline,1,0.6072976879,0.003538366671
2022-11-15,4,random_forest,1,0.4391718186,0.003538366671
2022-11-16,4,catboost,1,0.6989949922,0.01762549244
2022-11-16,4,logistic_regression,1,0.6168050842,0.01762549244
2022-11-16,4,majority_baseline,1,0.6072976879,0.01762549244
2022-11-16,4,random_forest,1,0.5657068953,0.01762549244
2022-11-17,4,catboost,1,0.7271320985,0.02052048651
2022-11-17,4,logistic_regression,1,0.6705487283,0.02052048651
2022-11-17,4,majority_baseline,1,0.6072976879,0.02052048651
2022-11-17,4,random_forest,1,0.5382101142,0.02052048651
2022-11-18,4,catboost,0,0.5714739624,-0.000302994976
2022-11-18,4,logistic_regression,0,0.6226445362,-0.000302994976
2022-11-18,4,majority_baseline,0,0.6072976879,-0.000302994976
2022-11-18,4,random_forest,0,0.4937657681,-0.000302994976
2022-11-21,4,catboost,1,0.6286066466,0.001621973963
2022-11-21,4,logistic_regression,1,0.6286841568,0.001621973963
2022-11-21,4,majority_baseline,1,0.6072976879,0.001621973963
2022-11-21,4,random_forest,1,0.5441592719,0.001621973963
2022-11-22,4,catboost,1,0.5625437102,0.01945486101
2022-11-22,4,logistic_regression,1,0.6311499744,0.01945486101
2022-11-22,4,majority_baseline,1,0.6072976879,0.01945486101
2022-11-22,4,random_forest,1,0.45059762,0.01945486101
2022-11-23,4,catboost,1,0.3227223187,0.01232540961
2022-11-23,4,logistic_regression,1,0.636976085,0.01232540961
2022-11-23,4,majority_baseline,1,0.6072976879,0.01232540961
2022-11-23,4,random_forest,1,0.4060263388,0.01232540961
2022-11-25,4,catboost,1,0.6803636713,0.01138373289
2022-11-25,4,logistic_regression,1,0.5664286241,0.01138373289
2022-11-25,4,majority_baseline,1,0.6072976879,0.01138373289
2022-11-25,4,random_forest,1,0.505490243,0.01138373289
2022-11-28,4,catboost,1,0.6831976162,0.009295023024
2022-11-28,4,logistic_regression,1,0.6526297532,0.009295023024
2022-11-28,4,majority_baseline,1,0.6072976879,0.009295023024
2022-11-28,4,random_forest,1,0.512182309,0.009295023024
2022-11-29,4,catboost,0,0.585426217,-0.003542302864
2022-11-29,4,logistic_regression,0,0.5885258101,-0.003542302864
2022-11-29,4,majority_baseline,0,0.6072976879,-0.003542302864
2022-11-29,4,random_forest,0,0.4987250608,-0.003542302864
2022-11-30,4,catboost,0,0.4137025681,-0.0356161432
2022-11-30,4,logistic_regression,0,0.5763407687,-0.0356161432
2022-11-30,4,majority_baseline,0,0.6072976879,-0.0356161432
2022-11-30,4,random_forest,0,0.404066885,-0.0356161432
2022-12-01,4,catboost,0,0.5685019012,-0.02734551172
2022-12-01,4,logistic_regression,0,0.5158071101,-0.02734551172
2022-12-01,4,majority_baseline,0,0.6072976879,-0.02734551172
2022-12-01,4,random_forest,0,0.468374387,-0.02734551172
2022-12-02,4,catboost,0,0.5874049809,-0.03349636228
2022-12-02,4,logistic_regression,0,0.5778228279,-0.03349636228
2022-12-02,4,majority_baseline,0,0.6072976879,-0.03349636228
2022-12-02,4,random_forest,0,0.4368073841,-0.03349636228
2022-12-05,4,catboost,0,0.6326151412,-0.001601601907
2022-12-05,4,logistic_regression,0,0.596686329,-0.001601601907
2022-12-05,4,majority_baseline,0,0.6072976879,-0.001601601907
2022-12-05,4,random_forest,0,0.4791347451,-0.001601601907
2022-12-06,4,catboost,1,0.6645100013,0.02066885427
2022-12-06,4,logistic_regression,1,0.6318677099,0.02066885427
2022-12-06,4,majority_baseline,1,0.6072976879,0.02066885427
2022-12-06,4,random_forest,1,0.5099631895,0.02066885427
2022-12-07,4,catboost,1,0.5086613071,0.01587137588
2022-12-07,4,logistic_regression,1,0.6043885422,0.01587137588
2022-12-07,4,majority_baseline,1,0.6072976879,0.01587137588
2022-12-07,4,random_forest,1,0.4877597588,0.01587137588
2022-12-08,4,catboost,0,0.5351966873,-0.01668177232
2022-12-08,4,logistic_regression,0,0.5985858754,-0.01668177232
2022-12-08,4,majority_baseline,0,0.6072976879,-0.01668177232
2022-12-08,4,random_forest,0,0.5127643139,-0.01668177232
2022-12-09,4,catboost,0,0.7141986678,-0.02545262874
2022-12-09,4,logistic_regression,0,0.6078991779,-0.02545262874
2022-12-09,4,majority_baseline,0,0.6072976879,-0.02545262874
2022-12-09,4,random_forest,0,0.5406398131,-0.02545262874
2022-12-12,4,catboost,0,0.7141545916,-0.04744961178
2022-12-12,4,logistic_regression,0,0.5893819668,-0.04744961178
2022-12-12,4,majority_baseline,0,0.6072976879,-0.04744961178
2022-12-12,4,random_forest,0,0.51982447,-0.04744961178
2022-12-13,4,catboost,0,0.7927995665,-0.05331241793
2022-12-13,4,logistic_regression,0,0.5818809792,-0.05331241793
2022-12-13,4,majority_baseline,0,0.6072976879,-0.05331241793
2022-12-13,4,random_forest,0,0.5580731665,-0.05331241793
2022-12-14,4,catboost,0,0.6567152511,-0.03297441938
2022-12-14,4,logistic_regression,0,0.5221550998,-0.03297441938
2022-12-14,4,majority_baseline,0,0.6072976879,-0.03297441938
2022-12-14,4,random_forest,0,0.5263203647,-0.03297441938
2022-12-15,4,catboost,0,0.6574372383,-0.02286785819
2022-12-15,4,logistic_regression,0,0.5678453484,-0.02286785819
2022-12-15,4,majority_baseline,0,0.6072976879,-0.02286785819
2022-12-15,4,random_forest,0,0.5355246961,-0.02286785819
2022-12-16,4,catboost,0,0.7706009999,-0.0009392472939
2022-12-16,4,logistic_regression,0,0.576983803,-0.0009392472939
2022-12-16,4,majority_baseline,0,0.6072976879,-0.0009392472939
2022-12-16,4,random_forest,0,0.564151361,-0.0009392472939
2022-12-19,4,catboost,1,0.8425573215,0.003631400821
2022-12-19,4,logistic_regression,1,0.6204555438,0.003631400821
2022-12-19,4,majority_baseline,1,0.6072976879,0.003631400821
2022-12-19,4,random_forest,1,0.6279241699,0.003631400821
2022-12-20,4,catboost,0,0.7608594316,-0.0101960496
2022-12-20,4,logistic_regression,0,0.648319272,-0.0101960496
2022-12-20,4,majority_baseline,0,0.6072976879,-0.0101960496
2022-12-20,4,random_forest,0,0.587231167,-0.0101960496
2022-12-21,4,catboost,0,0.6832064753,-0.007223697073
2022-12-21,4,logistic_regression,0,0.6246397572,-0.007223697073
2022-12-21,4,majority_baseline,0,0.6072976879,-0.007223697073
2022-12-21,4,random_forest,0,0.5303572073,-0.007223697073
2022-12-22,4,catboost,1,0.7604145721,0.004491467469
2022-12-22,4,logistic_regression,1,0.637130711,0.004491467469
2022-12-22,4,majority_baseline,1,0.6072976879,0.004491467469
2022-12-22,4,random_forest,1,0.5694637872,0.004491467469
2022-12-23,4,catboost,0,0.7222838646,-0.005458192212
2022-12-23,4,logistic_regression,0,0.6277986282,-0.005458192212
2022-12-23,4,majority_baseline,0,0.6072976879,-0.005458192212
2022-12-23,4,random_forest,0,0.5386040503,-0.005458192212
2022-12-27,4,catboost,1,0.4685521177,0.006187771205
2022-12-27,4,logistic_regression,1,0.628840282,0.006187771205
2022-12-27,4,majority_baseline,1,0.6072976879,0.006187771205
2022-12-27,4,random_forest,1,0.5077603874,0.006187771205
2022-12-28,4,catboost,1,0.6048319573,0.007221369865
2022-12-28,4,logistic_regression,1,0.6541041519,0.007221369865
2022-12-28,4,majority_baseline,1,0.6072976879,0.007221369865
2022-12-28,4,random_forest,1,0.5426290387,0.007221369865
2022-12-29,4,catboost,1,0.7163449866,0.01210093932
2022-12-29,4,logistic_regression,1,0.5990142949,0.01210093932
2022-12-29,4,majority_baseline,1,0.6072976879,0.01210093932
2022-12-29,4,random_forest,1,0.542329459,0.01210093932
2022-12-30,4,catboost,1,0.724975016,0.01419865806
2022-12-30,4,logistic_regression,1,0.6163214538,0.01419865806
2022-12-30,4,majority_baseline,1,0.6072976879,0.01419865806
2022-12-30,4,random_forest,1,0.5354784989,0.01419865806
2023-01-03,4,catboost,1,0.7129853561,0.0256288512
2023-01-03,4,logistic_regression,1,0.6490717931,0.0256288512
2023-01-03,4,majority_baseline,1,0.6072976879,0.0256288512
2023-01-03,4,random_forest,1,0.5236457372,0.0256288512
2023-01-04,4,catboost,1,0.6084719283,0.03064409761
2023-01-04,4,logistic_regression,1,0.6394959061,0.03064409761
2023-01-04,4,majority_baseline,1,0.6072976879,0.03064409761
2023-01-04,4,random_forest,1,0.5148800834,0.03064409761
2023-01-05,4,catboost,1,0.6370331927,0.04633872733
2023-01-05,4,logistic_regression,1,0.6411485109,0.04633872733
2023-01-05,4,majority_baseline,1,0.6072976879,0.04633872733
2023-01-05,4,random_forest,1,0.5242972877,0.04633872733
2023-01-06,4,catboost,1,0.7027585429,0.02685016945
2023-01-06,4,logistic_regression,1,0.5971185581,0.02685016945
2023-01-06,4,majority_baseline,1,0.6072976879,0.02685016945
2023-01-06,4,random_forest,1,0.5133668866,0.02685016945
2023-01-09,4,catboost,1,0.7183131547,0.02555046659
2023-01-09,4,logistic_regression,1,0.6106484888,0.02555046659
2023-01-09,4,majority_baseline,1,0.6072976879,0.02555046659
2023-01-09,4,random_forest,1,0.5461300339,0.02555046659
2023-01-10,4,catboost,1,0.6885138436,0.002329877698
2023-01-10,4,logistic_regression,1,0.6205285969,0.002329877698
2023-01-10,4,majority_baseline,1,0.6072976879,0.002329877698
2023-01-10,4,random_forest,1,0.5497768308,0.002329877698
2023-01-11,4,catboost,0,0.71007311,-0.01739475777
2023-01-11,4,logistic_regression,0,0.6107986807,-0.01739475777
2023-01-11,4,majority_baseline,0,0.6072976879,-0.01739475777
2023-01-11,4,random_forest,0,0.5659000756,-0.01739475777
2023-01-12,4,catboost,0,0.6101849305,-0.002720643448
2023-01-12,4,logistic_regression,0,0.6089255702,-0.002720643448
2023-01-12,4,majority_baseline,0,0.6072976879,-0.002720643448
2023-01-12,4,random_forest,0,0.5313479332,-0.002720643448
2023-01-13,4,catboost,1,0.7910951518,0.005345056211
2023-01-13,4,logistic_regression,1,0.5918793894,0.005345056211
2023-01-13,4,majority_baseline,1,0.6072976879,0.005345056211
2023-01-13,4,random_forest,1,0.5870300755,0.005345056211
2023-01-17,4,catboost,1,0.7619987401,0.006109116492
2023-01-17,4,logistic_regression,1,0.620438112,0.006109116492
2023-01-17,4,majority_baseline,1,0.6072976879,0.006109116492
2023-01-17,4,random_forest,1,0.57201845,0.006109116492
2023-01-18,4,catboost,1,0.5628845626,0.02263152602
2023-01-18,4,logistic_regression,1,0.6293823617,0.02263152602
2023-01-18,4,majority_baseline,1,0.6072976879,0.02263152602
2023-01-18,4,random_forest,1,0.5258283399,0.02263152602
2023-01-19,4,catboost,1,0.5592051735,0.0414522046
2023-01-19,4,logistic_regression,1,0.6034353017,0.0414522046
2023-01-19,4,majority_baseline,1,0.6072976879,0.0414522046
2023-01-19,4,random_forest,1,0.4977127005,0.0414522046
2023-01-20,4,catboost,1,0.6829215652,0.02475494513
2023-01-20,4,logistic_regression,1,0.6009995041,0.02475494513
2023-01-20,4,majority_baseline,1,0.6072976879,0.02475494513
2023-01-20,4,random_forest,1,0.5258096318,0.02475494513
2023-01-23,4,catboost,0,0.6589211592,-9.986421264e-05
2023-01-23,4,logistic_regression,0,0.5587159017,-9.986421264e-05
2023-01-23,4,majority_baseline,0,0.6072976879,-9.986421264e-05
2023-01-23,4,random_forest,0,0.5310869986,-9.986421264e-05
2023-01-24,4,catboost,1,0.7043885344,0.01569215045
2023-01-24,4,logistic_regression,1,0.6093690285,0.01569215045
2023-01-24,4,majority_baseline,1,0.6072976879,0.01569215045
2023-01-24,4,random_forest,1,0.5717418412,0.01569215045
2023-01-25,4,catboost,1,0.562305925,0.0261021145
2023-01-25,4,logistic_regression,1,0.6049908133,0.0261021145
2023-01-25,4,majority_baseline,1,0.6072976879,0.0261021145
2023-01-25,4,random_forest,1,0.5124022068,0.0261021145
2023-01-26,4,catboost,1,0.6684696537,0.02972204768
2023-01-26,4,logistic_regression,1,0.5655392264,0.02972204768
2023-01-26,4,majority_baseline,1,0.6072976879,0.02972204768
2023-01-26,4,random_forest,1,0.5382291018,0.02972204768
2023-01-27,4,catboost,1,0.754143036,0.0164415636
2023-01-27,4,logistic_regression,1,0.5882875733,0.0164415636
2023-01-27,4,majority_baseline,1,0.6072976879,0.0164415636
2023-01-27,4,random_forest,1,0.5786951155,0.0164415636
2023-01-30,4,catboost,1,0.6102049936,0.02306595368
2023-01-30,4,logistic_regression,1,0.606051829,0.02306595368
2023-01-30,4,majority_baseline,1,0.6072976879,0.02306595368
2023-01-30,4,random_forest,1,0.5229034446,0.02306595368
2023-01-31,4,catboost,1,0.6669242899,0.02142784679
2023-01-31,4,logistic_regression,1,0.5659658302,0.02142784679
2023-01-31,4,majority_baseline,1,0.6072976879,0.02142784679
2023-01-31,4,random_forest,1,0.5399052482,0.02142784679
2023-02-01,4,catboost,0,0.6853302681,-0.0003651263497
2023-02-01,4,logistic_regression,0,0.561174153,-0.0003651263497
2023-02-01,4,majority_baseline,0,0.6072976879,-0.0003651263497
2023-02-01,4,random_forest,0,0.5446196311,-0.0003651263497
2023-02-02,4,catboost,0,0.4689367003,-0.02324968215
2023-02-02,4,logistic_regression,0,0.5452483892,-0.02324968215
2023-02-02,4,majority_baseline,0,0.6072976879,-0.02324968215
2023-02-02,4,random_forest,0,0.4312194248,-0.02324968215
2023-02-03,4,catboost,0,0.7354391418,-0.0104522797
2023-02-03,4,logistic_regression,0,0.5685855215,-0.0104522797
2023-02-03,4,majority_baseline,0,0.6072976879,-0.0104522797
2023-02-03,4,random_forest,0,0.561139553,-0.0104522797
2023-02-06,4,catboost,1,0.7151128459,0.007320108577
2023-02-06,4,logistic_regression,1,0.6128287765,0.007320108577
2023-02-06,4,majority_baseline,1,0.6072976879,0.007320108577
2023-02-06,4,random_forest,1,0.5748741961,0.007320108577
2023-02-07,4,catboost,0,0.6229837502,-0.006141737001
2023-02-07,4,logistic_regression,0,0.6004019279,-0.006141737001
2023-02-07,4,majority_baseline,0,0.6072976879,-0.006141737001
2023-02-07,4,random_forest,0,0.4772879433,-0.006141737001
2023-02-08,4,catboost,1,0.6205044138,0.008109137098
2023-02-08,4,logistic_regression,1,0.6022052722,0.008109137098
2023-02-08,4,majority_baseline,1,0.6072976879,0.008109137098
2023-02-08,4,random_forest,1,0.531230508,0.008109137098
2023-02-09,4,catboost,1,0.6174024643,0.002923192687
2023-02-09,4,logistic_regression,1,0.6253669593,0.002923192687
2023-02-09,4,majority_baseline,1,0.6072976879,0.002923192687
2023-02-09,4,random_forest,1,0.5174123731,0.002923192687
2023-02-10,4,catboost,0,0.5918571931,-0.001911574071
2023-02-10,4,logistic_regression,0,0.6072780057,-0.001911574071
2023-02-10,4,majority_baseline,0,0.6072976879,-0.001911574071
2023-02-10,4,random_forest,0,0.518301908,-0.001911574071
2023-02-13,4,catboost,0,0.6647092412,-0.03328244252
2023-02-13,4,logistic_regression,0,0.6231946139,-0.03328244252
2023-02-13,4,majority_baseline,0,0.6072976879,-0.03328244252
2023-02-13,4,random_forest,0,0.5364328919,-0.03328244252
2023-02-14,4,catboost,0,0.6530082824,-0.03417023459
2023-02-14,4,logistic_regression,0,0.5928359322,-0.03417023459
2023-02-14,4,majority_baseline,0,0.6072976879,-0.03417023459
2023-02-14,4,random_forest,0,0.5176292865,-0.03417023459
2023-02-15,4,catboost,0,0.645253902,-0.03217548419
2023-02-15,4,logistic_regression,0,0.5997299518,-0.03217548419
2023-02-15,4,majority_baseline,0,0.6072976879,-0.03217548419
2023-02-15,4,random_forest,0,0.5532723248,-0.03217548419
2023-02-16,4,catboost,0,0.6040000911,-0.0291466492
2023-02-16,4,logistic_regression,0,0.603433536,-0.0291466492
2023-02-16,4,majority_baseline,0,0.6072976879,-0.0291466492
2023-02-16,4,random_forest,0,0.5224478205,-0.0291466492
2023-02-17,4,catboost,0,0.6341019941,-0.02340028132
2023-02-17,4,logistic_regression,0,0.581822487,-0.02340028132
2023-02-17,4,majority_baseline,0,0.6072976879,-0.02340028132
2023-02-17,4,random_forest,0,0.5027113349,-0.02340028132
2023-02-21,4,catboost,0,0.6520879084,-0.007091098565
2023-02-21,4,logistic_regression,0,0.6184973909,-0.007091098565
2023-02-21,4,majority_baseline,0,0.6072976879,-0.007091098565
2023-02-21,4,random_forest,0,0.5083441711,-0.007091098565
2023-02-22,4,catboost,0,0.6491669387,-0.009534847742
2023-02-22,4,logistic_regression,0,0.6006399128,-0.009534847742
2023-02-22,4,majority_baseline,0,0.6072976879,-0.009534847742
2023-02-22,4,random_forest,0,0.5080897815,-0.009534847742
2023-02-23,4,catboost,0,0.5332236151,-0.007113278275
2023-02-23,4,logistic_regression,0,0.5817544876,-0.007113278275
2023-02-23,4,majority_baseline,0,0.6072976879,-0.007113278275
2023-02-23,4,random_forest,0,0.4991289092,-0.007113278275
2023-02-24,4,catboost,1,0.6634206109,0.01970330845
2023-02-24,4,logistic_regression,1,0.5760496458,0.01970330845
2023-02-24,4,majority_baseline,1,0.6072976879,0.01970330845
2023-02-24,4,random_forest,1,0.5220169688,0.01970330845
2023-02-27,4,catboost,1,0.6377206477,0.0169461444
2023-02-27,4,logistic_regression,1,0.6101951236,0.0169461444
2023-02-27,4,majority_baseline,1,0.6072976879,0.0169461444
2023-02-27,4,random_forest,1,0.5181853046,0.0169461444
2023-02-28,4,catboost,1,0.5994646491,0.005072374578
2023-02-28,4,logistic_regression,1,0.5840022748,0.005072374578
2023-02-28,4,majority_baseline,1,0.6072976879,0.005072374578
2023-02-28,4,random_forest,1,0.4910852204,0.005072374578
2023-03-01,4,catboost,1,0.6521897711,0.01058930766
2023-03-01,4,logistic_regression,1,0.5715903254,0.01058930766
2023-03-01,4,majority_baseline,1,0.6072976879,0.01058930766
2023-03-01,4,random_forest,1,0.5015788682,0.01058930766
2023-03-02,4,catboost,0,0.6205762696,-0.01571101792
2023-03-02,4,logistic_regression,0,0.577943487,-0.01571101792
2023-03-02,4,majority_baseline,0,0.6072976879,-0.01571101792
2023-03-02,4,random_forest,0,0.5014425746,-0.01571101792
2023-03-03,4,catboost,0,0.6087232391,-0.04522625149
2023-03-03,4,logistic_regression,0,0.5606875368,-0.04522625149
2023-03-03,4,majority_baseline,0,0.6072976879,-0.04522625149
2023-03-03,4,random_forest,0,0.5212548818,-0.04522625149
2023-03-06,4,catboost,0,0.6695316812,-0.04724705354
2023-03-06,4,logistic_regression,0,0.5909420188,-0.04724705354
2023-03-06,4,majority_baseline,0,0.6072976879,-0.04724705354
2023-03-06,4,random_forest,0,0.5213773314,-0.04724705354
2023-03-07,4,catboost,0,0.5435051039,-0.01642096613
2023-03-07,4,logistic_regression,0,0.6162875416,-0.01642096613
2023-03-07,4,majority_baseline,0,0.6072976879,-0.01642096613
2023-03-07,4,random_forest,0,0.5211755736,-0.01642096613
2023-03-08,4,catboost,0,0.6285850019,-0.02416528195
2023-03-08,4,logistic_regression,0,0.6284021521,-0.02416528195
2023-03-08,4,majority_baseline,0,0.6072976879,-0.02416528195
2023-03-08,4,random_forest,0,0.5313654543,-0.02416528195
2023-03-09,4,catboost,1,0.6907619956,0.01162015484
2023-03-09,4,logistic_regression,1,0.6301349584,0.01162015484
2023-03-09,4,majority_baseline,1,0.6072976879,0.01162015484
2023-03-09,4,random_forest,1,0.5375116104,0.01162015484
2023-03-10,4,catboost,1,0.6901445208,0.01057237817
2023-03-10,4,logistic_regression,1,0.6113679605,0.01057237817
2023-03-10,4,majority_baseline,1,0.6072976879,0.01057237817
2023-03-10,4,random_forest,1,0.6072804862,0.01057237817
2023-03-13,4,catboost,1,0.70261947,0.02174591322
2023-03-13,4,logistic_regression,1,0.5916784227,0.02174591322
2023-03-13,4,majority_baseline,1,0.6072976879,0.02174591322
2023-03-13,4,random_forest,1,0.5772687389,0.02174591322
2023-03-14,4,catboost,1,0.7251631562,0.01832893191
2023-03-14,4,logistic_regression,1,0.5690665683,0.01832893191
2023-03-14,4,majority_baseline,1,0.6072976879,0.01832893191
2023-03-14,4,random_forest,1,0.5398098549,0.01832893191
2023-03-15,4,catboost,1,0.6437774939,0.007269797084
2023-03-15,4,logistic_regression,1,0.5805973278,0.007269797084
2023-03-15,4,majority_baseline,1,0.6072976879,0.007269797084
2023-03-15,4,random_forest,1,0.5163807151,0.007269797084
2023-03-16,4,catboost,0,0.6902979157,-0.007422110294
2023-03-16,4,logistic_regression,0,0.5616858287,-0.007422110294
2023-03-16,4,majority_baseline,0,0.6072976879,-0.007422110294
2023-03-16,4,random_forest,0,0.5290681441,-0.007422110294
2023-03-17,4,catboost,1,0.5611451017,0.01476963498
2023-03-17,4,logistic_regression,1,0.5632413531,0.01476963498
2023-03-17,4,majority_baseline,1,0.6072976879,0.01476963498
2023-03-17,4,random_forest,1,0.5199448879,0.01476963498
2023-03-20,4,catboost,1,0.7589459896,0.006984304537
2023-03-20,4,logistic_regression,1,0.5690011117,0.006984304537
2023-03-20,4,majority_baseline,1,0.6072976879,0.006984304537
2023-03-20,4,random_forest,1,0.5741188805,0.006984304537
2023-03-21,4,catboost,0,0.7332465303,-0.008297604897
2023-03-21,4,logistic_regression,0,0.5940418727,-0.008297604897
2023-03-21,4,majority_baseline,0,0.6072976879,-0.008297604897
2023-03-21,4,random_forest,0,0.5615245427,-0.008297604897
2023-03-22,4,catboost,1,0.6420071268,0.02356486966
2023-03-22,4,logistic_regression,1,0.6352430149,0.02356486966
2023-03-22,4,majority_baseline,1,0.6072976879,0.02356486966
2023-03-22,4,random_forest,1,0.5300881162,0.02356486966
2023-03-23,4,catboost,1,0.5784824284,0.02678230394
2023-03-23,4,logistic_regression,1,0.6399834542,0.02678230394
2023-03-23,4,majority_baseline,1,0.6072976879,0.02678230394
2023-03-23,4,random_forest,1,0.5003680791,0.02678230394
2023-03-24,4,catboost,1,0.6897521346,0.0344662403
2023-03-24,4,logistic_regression,1,0.637040644,0.0344662403
2023-03-24,4,majority_baseline,1,0.6072976879,0.0344662403
2023-03-24,4,random_forest,1,0.533862439,0.0344662403
2023-03-27,4,catboost,1,0.7097992421,0.03647008085
2023-03-27,4,logistic_regression,1,0.6489751837,0.03647008085
2023-03-27,4,majority_baseline,1,0.6072976879,0.03647008085
2023-03-27,4,random_forest,1,0.5304220072,0.03647008085
2023-03-28,4,catboost,1,0.5868450904,0.03303844059
2023-03-28,4,logistic_regression,1,0.6505429187,0.03303844059
2023-03-28,4,majority_baseline,1,0.6072976879,0.03303844059
2023-03-28,4,random_forest,1,0.5081921925,0.03303844059
2023-03-29,4,catboost,1,0.7297810662,0.01557244277
2023-03-29,4,logistic_regression,1,0.6471223944,0.01557244277
2023-03-29,4,majority_baseline,1,0.6072976879,0.01557244277
2023-03-29,4,random_forest,1,0.5688033276,0.01557244277
2023-03-30,4,catboost,1,0.7087599807,0.01359918265
2023-03-30,4,logistic_regression,1,0.6006031286,0.01359918265
2023-03-30,4,majority_baseline,1,0.6072976879,0.01359918265
2023-03-30,4,random_forest,1,0.5716866996,0.01359918265
2023-03-31,4,catboost,1,0.6184303271,0.0005373135449
2023-03-31,4,logistic_regression,1,0.6246162622,0.0005373135449
2023-03-31,4,majority_baseline,1,0.6072976879,0.0005373135449
2023-03-31,4,random_forest,1,0.5576687869,0.0005373135449
2023-04-03,4,catboost,0,0.8014049973,-0.002993091528
2023-04-03,4,logistic_regression,0,0.5815548205,-0.002993091528
2023-04-03,4,majority_baseline,0,0.6072976879,-0.002993091528
2023-04-03,4,random_forest,0,0.5986308881,-0.002993091528
2023-04-04,4,catboost,0,0.7240056282,-0.001517179092
2023-04-04,4,logistic_regression,0,0.6107919476,-0.001517179092
2023-04-04,4,majority_baseline,0,0.6072976879,-0.001517179092
2023-04-04,4,random_forest,0,0.563237031,-0.001517179092
2023-04-05,4,catboost,1,0.7281810593,0.01440136166
2023-04-05,4,logistic_regression,1,0.6387554367,0.01440136166
2023-04-05,4,majority_baseline,1,0.6072976879,0.01440136166
2023-04-05,4,random_forest,1,0.5685639448,0.01440136166
2023-04-06,4,catboost,1,0.7344688797,0.007991370954
2023-04-06,4,logistic_regression,1,0.6369215574,0.007991370954
2023-04-06,4,majority_baseline,1,0.6072976879,0.007991370954
2023-04-06,4,random_forest,1,0.5531783712,0.007991370954
2023-04-10,4,catboost,1,0.7131382254,0.01057107286
2023-04-10,4,logistic_regression,1,0.6369091453,0.01057107286
2023-04-10,4,majority_baseline,1,0.6072976879,0.01057107286
2023-04-10,4,random_forest,1,0.5418882677,0.01057107286
2023-04-11,4,catboost,1,0.7182623671,0.0109586798
2023-04-11,4,logistic_regression,1,0.6356520774,0.0109586798
2023-04-11,4,majority_baseline,1,0.6072976879,0.0109586798
2023-04-11,4,random_forest,1,0.5454628542,0.0109586798
2023-04-12,4,catboost,1,0.5939522497,0.01492470771
2023-04-12,4,logistic_regression,1,0.6571772898,0.01492470771
2023-04-12,4,majority_baseline,1,0.6072976879,0.01492470771
2023-04-12,4,random_forest,1,0.5223161686,0.01492470771
2023-04-13,4,catboost,0,0.6501791182,-0.003845493737
2023-04-13,4,logistic_regression,0,0.5942545478,-0.003845493737
2023-04-13,4,majority_baseline,0,0.6072976879,-0.003845493737
2023-04-13,4,random_forest,0,0.536827474,-0.003845493737
2023-04-14,4,catboost,0,0.6183835753,-0.0006303139828
2023-04-14,4,logistic_regression,0,0.5919169032,-0.0006303139828
2023-04-14,4,majority_baseline,0,0.6072976879,-0.0006303139828
2023-04-14,4,random_forest,0,0.5199229651,-0.0006303139828
2023-04-17,4,catboost,0,0.6322772779,-0.003164703803
2023-04-17,4,logistic_regression,0,0.5887475178,-0.003164703803
2023-04-17,4,majority_baseline,0,0.6072976879,-0.003164703803
2023-04-17,4,random_forest,0,0.5152122477,-0.003164703803
2023-04-18,4,catboost,0,0.6369078009,-0.0196277373
2023-04-18,4,logistic_regression,0,0.5945572884,-0.0196277373
2023-04-18,4,majority_baseline,0,0.6072976879,-0.0196277373
2023-04-18,4,random_forest,0,0.5212828751,-0.0196277373
2023-04-19,4,catboost,0,0.6327180967,-0.02361527226
2023-04-19,4,logistic_regression,0,0.6099064036,-0.02361527226
2023-04-19,4,majority_baseline,0,0.6072976879,-0.02361527226
2023-04-19,4,random_forest,0,0.5344795053,-0.02361527226
2023-04-20,4,catboost,1,0.6555157838,0.001286779629
2023-04-20,4,logistic_regression,1,0.6303914569,0.001286779629
2023-04-20,4,majority_baseline,1,0.6072976879,0.001286779629
2023-04-20,4,random_forest,1,0.5085227181,0.001286779629
2023-04-21,4,catboost,1,0.6208773056,0.009048957762
2023-04-21,4,logistic_regression,1,0.5990130125,0.009048957762
2023-04-21,4,majority_baseline,1,0.6072976879,0.009048957762
2023-04-21,4,random_forest,1,0.4915711055,0.009048957762
2023-04-24,4,catboost,1,0.445237111,0.006979630337
2023-04-24,4,logistic_regression,1,0.60920815,0.006979630337
2023-04-24,4,majority_baseline,1,0.6072976879,0.006979630337
2023-04-24,4,random_forest,1,0.4229255755,0.006979630337
2023-04-25,4,catboost,1,0.6848432363,0.01172185248
2023-04-25,4,logistic_regression,1,0.6047931091,0.01172185248
2023-04-25,4,majority_baseline,1,0.6072976879,0.01172185248
2023-04-25,4,random_forest,1,0.5249830418,0.01172185248
2023-04-26,4,catboost,1,0.6554955053,0.00905134962
2023-04-26,4,logistic_regression,1,0.6116299822,0.00905134962
2023-04-26,4,majority_baseline,1,0.6072976879,0.00905134962
2023-04-26,4,random_forest,1,0.5117607349,0.00905134962
2023-04-27,4,catboost,0,0.6359024652,-0.0176523332
2023-04-27,4,logistic_regression,0,0.5534224899,-0.0176523332
2023-04-27,4,majority_baseline,0,0.6072976879,-0.0176523332
2023-04-27,4,random_forest,0,0.4983506532,-0.0176523332
2023-04-28,4,catboost,0,0.6241134846,-0.007933998168
2023-04-28,4,logistic_regression,0,0.5414830818,-0.007933998168
2023-04-28,4,majority_baseline,0,0.6072976879,-0.007933998168
2023-04-28,4,random_forest,0,0.5161690646,-0.007933998168
2023-05-01,4,catboost,0,0.6151484797,-0.006666553235
2023-05-01,4,logistic_regression,0,0.586395002,-0.006666553235
2023-05-01,4,majority_baseline,0,0.6072976879,-0.006666553235
2023-05-01,4,random_forest,0,0.515642443,-0.006666553235
2023-05-02,4,catboost,1,0.6007353985,0.0002190546218
2023-05-02,4,logistic_regression,1,0.5805766893,0.0002190546218
2023-05-02,4,majority_baseline,1,0.6072976879,0.0002190546218
2023-05-02,4,random_forest,1,0.5121934072,0.0002190546218
2023-05-03,4,catboost,1,0.555096313,0.01183769725
2023-05-03,4,logistic_regression,1,0.5686389044,0.01183769725
2023-05-03,4,majority_baseline,1,0.6072976879,0.01183769725
2023-05-03,4,random_forest,1,0.4887283162,0.01183769725
2023-05-04,4,catboost,1,0.7034164312,0.01727840425
2023-05-04,4,logistic_regression,1,0.5842796172,0.01727840425
2023-05-04,4,majority_baseline,1,0.6072976879,0.01727840425
2023-05-04,4,random_forest,1,0.5240053946,0.01727840425
2023-05-05,4,catboost,0,0.6202884047,-0.00252043862
2023-05-05,4,logistic_regression,0,0.5653252496,-0.00252043862
2023-05-05,4,majority_baseline,0,0.6072976879,-0.00252043862
2023-05-05,4,random_forest,0,0.5017688735,-0.00252043862
2023-05-08,4,catboost,1,0.661376554,0.0006542123526
2023-05-08,4,logistic_regression,1,0.6125752715,0.0006542123526
2023-05-08,4,majority_baseline,1,0.6072976879,0.0006542123526
2023-05-08,4,random_forest,1,0.5335111921,0.0006542123526
2023-05-09,4,catboost,0,0.5690171378,-0.001654765318
2023-05-09,4,logistic_regression,0,0.6686189577,-0.001654765318
2023-05-09,4,majority_baseline,0,0.6072976879,-0.001654765318
2023-05-09,4,random_forest,0,0.5081390998,-0.001654765318
2023-05-10,4,catboost,1,0.5932896876,0.005764817403
2023-05-10,4,logistic_regression,1,0.6505964853,0.005764817403
2023-05-10,4,majority_baseline,1,0.6072976879,0.005764817403
2023-05-10,4,random_forest,1,0.5158165118,0.005764817403
2023-05-11,4,catboost,1,0.6611080904,0.01722758842
2023-05-11,4,logistic_regression,1,0.5857912667,0.01722758842
2023-05-11,4,majority_baseline,1,0.6072976879,0.01722758842
2023-05-11,4,random_forest,1,0.5285324149,0.01722758842
2023-05-12,4,catboost,1,0.5477970574,0.01708010122
2023-05-12,4,logistic_regression,1,0.6029335185,0.01708010122
2023-05-12,4,majority_baseline,1,0.6072976879,0.01708010122
2023-05-12,4,random_forest,1,0.4991195191,0.01708010122
2023-05-15,4,catboost,1,0.5225891552,0.01399481505
2023-05-15,4,logistic_regression,1,0.6075225719,0.01399481505
2023-05-15,4,majority_baseline,1,0.6072976879,0.01399481505
2023-05-15,4,random_forest,1,0.5010407486,0.01399481505
2023-05-16,4,catboost,1,0.5264213402,0.009360137233
2023-05-16,4,logistic_regression,1,0.6404029061,0.009360137233
2023-05-16,4,majority_baseline,1,0.6072976879,0.009360137233
2023-05-16,4,random_forest,1,0.5027013529,0.009360137233
2023-05-17,4,catboost,0,0.6513625126,-0.009970413001
2023-05-17,4,logistic_regression,0,0.6168671734,-0.009970413001
2023-05-17,4,majority_baseline,0,0.6072976879,-0.009970413001
2023-05-17,4,random_forest,0,0.5178726251,-0.009970413001
2023-05-18,4,catboost,0,0.6243210426,-0.01092483119
2023-05-18,4,logistic_regression,0,0.5722873829,-0.01092483119
2023-05-18,4,majority_baseline,0,0.6072976879,-0.01092483119
2023-05-18,4,random_forest,0,0.5325459773,-0.01092483119
2023-05-19,4,catboost,1,0.6361372804,0.003344307287
2023-05-19,4,logistic_regression,1,0.5422081307,0.003344307287
2023-05-19,4,majority_baseline,1,0.6072976879,0.003344307287
2023-05-19,4,random_forest,1,0.5261653552,0.003344307287
2023-05-22,4,catboost,1,0.7279440198,0.003319048143
2023-05-22,4,logistic_regression,1,0.5917225753,0.003319048143
2023-05-22,4,majority_baseline,1,0.6072976879,0.003319048143
2023-05-22,4,random_forest,1,0.5554791266,0.003319048143
2023-05-23,4,catboost,1,0.591473248,0.009080175405
2023-05-23,4,logistic_regression,1,0.631361964,0.009080175405
2023-05-23,4,majority_baseline,1,0.6072976879,0.009080175405
2023-05-23,4,random_forest,1,0.5191977038,0.009080175405
2023-05-24,4,catboost,1,0.6008080005,0.02610136733
2023-05-24,4,logistic_regression,1,0.6049255298,0.02610136733
2023-05-24,4,majority_baseline,1,0.6072976879,0.02610136733
2023-05-24,4,random_forest,1,0.4970285644,0.02610136733
2023-05-25,4,catboost,1,0.5312998189,0.03200294151
2023-05-25,4,logistic_regression,1,0.5865302472,0.03200294151
2023-05-25,4,majority_baseline,1,0.6072976879,0.03200294151
2023-05-25,4,random_forest,1,0.489761873,0.03200294151
2023-05-26,4,catboost,1,0.6299881963,0.01685638133
2023-05-26,4,logistic_regression,1,0.5664472902,0.01685638133
2023-05-26,4,majority_baseline,1,0.6072976879,0.01685638133
2023-05-26,4,random_forest,1,0.5122761524,0.01685638133
2023-05-30,4,catboost,1,0.6210315863,0.01868248426
2023-05-30,4,logistic_regression,1,0.5875629841,0.01868248426
2023-05-30,4,majority_baseline,1,0.6072976879,0.01868248426
2023-05-30,4,random_forest,1,0.5323051394,0.01868248426
2023-05-31,4,catboost,1,0.6313915857,0.02082082463
2023-05-31,4,logistic_regression,1,0.5939146166,0.02082082463
2023-05-31,4,majority_baseline,1,0.6072976879,0.02082082463
2023-05-31,4,random_forest,1,0.5190451681,0.02082082463
2023-06-01,4,catboost,1,0.6450175324,0.01732966069
2023-06-01,4,logistic_regression,1,0.5636526208,0.01732966069
2023-06-01,4,majority_baseline,1,0.6072976879,0.01732966069
2023-06-01,4,random_forest,1,0.5300673398,0.01732966069
2023-06-02,4,catboost,1,0.5308852242,0.004626987376
2023-06-02,4,logistic_regression,1,0.5410377867,0.004626987376
2023-06-02,4,majority_baseline,1,0.6072976879,0.004626987376
2023-06-02,4,random_forest,1,0.5212832646,0.004626987376
2023-06-05,4,catboost,1,0.7222056236,0.01568714962
2023-06-05,4,logistic_regression,1,0.5777422128,0.01568714962
2023-06-05,4,majority_baseline,1,0.6072976879,0.01568714962
2023-06-05,4,random_forest,1,0.5712783637,0.01568714962
2023-06-06,4,catboost,1,0.700656258,0.02016214967
2023-06-06,4,logistic_regression,1,0.6045122246,0.02016214967
2023-06-06,4,majority_baseline,1,0.6072976879,0.02016214967
2023-06-06,4,random_forest,1,0.5526618687,0.02016214967
2023-06-07,4,catboost,1,0.6271409486,0.024920889
2023-06-07,4,logistic_regression,1,0.6179441286,0.024920889
2023-06-07,4,majority_baseline,1,0.6072976879,0.024920889
2023-06-07,4,random_forest,1,0.5304768341,0.024920889
2023-06-08,4,catboost,1,0.6954701744,0.03138909199
2023-06-08,4,logistic_regression,1,0.6292772754,0.03138909199
2023-06-08,4,majority_baseline,1,0.6072976879,0.03138909199
2023-06-08,4,random_forest,1,0.5712693272,0.03138909199
2023-06-09,4,catboost,1,0.6229558492,0.02223772444
2023-06-09,4,logistic_regression,1,0.6163785013,0.02223772444
2023-06-09,4,majority_baseline,1,0.6072976879,0.02223772444
2023-06-09,4,random_forest,1,0.5113981512,0.02223772444
2023-06-12,4,catboost,1,0.6168486676,0.007791620551
2023-06-12,4,logistic_regression,1,0.5821561553,0.007791620551
2023-06-12,4,majority_baseline,1,0.6072976879,0.007791620551
2023-06-12,4,random_forest,1,0.524366112,0.007791620551
2023-06-13,4,catboost,0,0.4512650091,-0.003938994379
2023-06-13,4,logistic_regression,0,0.5633547384,-0.003938994379
2023-06-13,4,majority_baseline,0,0.6072976879,-0.003938994379
2023-06-13,4,random_forest,0,0.4631922345,-0.003938994379
2023-06-14,4,catboost,0,0.4520056361,-0.001532510433
2023-06-14,4,logistic_regression,0,0.5686242771,-0.001532510433
2023-06-14,4,majority_baseline,0,0.6072976879,-0.001532510433
2023-06-14,4,random_forest,0,0.4455939396,-0.001532510433
2023-06-15,4,catboost,0,0.3398349257,-0.0212155772
2023-06-15,4,logistic_regression,0,0.5364012302,-0.0212155772
2023-06-15,4,majority_baseline,0,0.6072976879,-0.0212155772
2023-06-15,4,random_forest,0,0.3890889643,-0.0212155772
2023-06-16,4,catboost,0,0.4607703469,-0.0182496456
2023-06-16,4,logistic_regression,0,0.5188202962,-0.0182496456
2023-06-16,4,majority_baseline,0,0.6072976879,-0.0182496456
2023-06-16,4,random_forest,0,0.4408663135,-0.0182496456
2023-06-20,4,catboost,0,0.6067330484,-0.002310213909
2023-06-20,4,logistic_regression,0,0.5878754016,-0.002310213909
2023-06-20,4,majority_baseline,0,0.6072976879,-0.002310213909
2023-06-20,4,random_forest,0,0.530387025,-0.002310213909
2023-06-21,4,catboost,1,0.6681249768,0.003333821198
2023-06-21,4,logistic_regression,1,0.615015773,0.003333821198
2023-06-21,4,majority_baseline,1,0.6072976879,0.003333821198
2023-06-21,4,random_forest,1,0.5326531988,0.003333821198
2023-06-22,4,catboost,1,0.6648717065,0.003665381238
2023-06-22,4,logistic_regression,1,0.6256486232,0.003665381238
2023-06-22,4,majority_baseline,1,0.6072976879,0.003665381238
2023-06-22,4,random_forest,1,0.5328419259,0.003665381238
2023-06-23,4,catboost,1,0.7228673675,0.02324509475
2023-06-23,4,logistic_regression,1,0.6156561512,0.02324509475
2023-06-23,4,majority_baseline,1,0.6072976879,0.02324509475
2023-06-23,4,random_forest,1,0.5448435061,0.02324509475
2023-06-26,4,catboost,1,0.6137344714,0.02862508351
2023-06-26,4,logistic_regression,1,0.6275675583,0.02862508351
2023-06-26,4,majority_baseline,1,0.6072976879,0.02862508351
2023-06-26,4,random_forest,1,0.5121559946,0.02862508351
2023-06-27,4,catboost,1,0.5521045645,0.01595706098
2023-06-27,4,logistic_regression,1,0.6101902073,0.01595706098
2023-06-27,4,majority_baseline,1,0.6072976879,0.01595706098
2023-06-27,4,random_forest,1,0.5040308827,0.01595706098
2023-06-28,4,catboost,1,0.5793219845,0.007493272052
2023-06-28,4,logistic_regression,1,0.5962662955,0.007493272052
2023-06-28,4,majority_baseline,1,0.6072976879,0.007493272052
2023-06-28,4,random_forest,1,0.5034803168,0.007493272052
2023-06-29,4,catboost,1,0.5386982178,0.001004319497
2023-06-29,4,logistic_regression,1,0.6038555001,0.001004319497
2023-06-29,4,majority_baseline,1,0.6072976879,0.001004319497
2023-06-29,4,random_forest,1,0.4934118984,0.001004319497
2023-06-30,4,catboost,0,0.4967504978,-0.008166384926
2023-06-30,4,logistic_regression,0,0.5366663701,-0.008166384926
2023-06-30,4,majority_baseline,0,0.6072976879,-0.008166384926
2023-06-30,4,random_forest,0,0.4726359211,-0.008166384926
2023-07-03,4,catboost,0,0.7058533883,-0.002996951203
2023-07-03,4,logistic_regression,0,0.5934351028,-0.002996951203
2023-07-03,4,majority_baseline,0,0.6072976879,-0.002996951203
2023-07-03,4,random_forest,0,0.4817503753,-0.002996951203
2023-07-05,4,catboost,1,0.6941927122,0.006521752235
2023-07-05,4,logistic_regression,1,0.6632722338,0.006521752235
2023-07-05,4,majority_baseline,1,0.6072976879,0.006521752235
2023-07-05,4,random_forest,1,0.5008834695,0.006521752235
2023-07-06,4,catboost,1,0.6526882396,0.02251738575
2023-07-06,4,logistic_regression,1,0.6284526889,0.02251738575
2023-07-06,4,majority_baseline,1,0.6072976879,0.02251738575
2023-07-06,4,random_forest,1,0.5287098936,0.02251738575
2023-07-07,4,catboost,1,0.5949602058,0.02446701926
2023-07-07,4,logistic_regression,1,0.6042513812,0.02446701926
2023-07-07,4,majority_baseline,1,0.6072976879,0.02446701926
2023-07-07,4,random_forest,1,0.5073951236,0.02446701926
2023-07-10,4,catboost,1,0.5599433548,0.02542872335
2023-07-10,4,logistic_regression,1,0.6239401578,0.02542872335
2023-07-10,4,majority_baseline,1,0.6072976879,0.02542872335
2023-07-10,4,random_forest,1,0.4785858183,0.02542872335
2023-07-11,4,catboost,1,0.4990518338,0.02651089618
2023-07-11,4,logistic_regression,1,0.6388852196,0.02651089618
2023-07-11,4,majority_baseline,1,0.6072976879,0.02651089618
2023-07-11,4,random_forest,1,0.4917167364,0.02651089618
2023-07-12,4,catboost,1,0.5783998627,0.0205820892
2023-07-12,4,logistic_regression,1,0.5943810731,0.0205820892
2023-07-12,4,majority_baseline,1,0.6072976879,0.0205820892
2023-07-12,4,random_forest,1,0.4891656258,0.0205820892
2023-07-13,4,catboost,1,0.4263123758,0.005827909765
2023-07-13,4,logistic_regression,1,0.5768397863,0.005827909765
2023-07-13,4,majority_baseline,1,0.6072976879,0.005827909765
2023-07-13,4,random_forest,1,0.4463040718,0.005827909765
2023-07-14,4,catboost,1,0.5137868638,0.00645475852
2023-07-14,4,logistic_regression,1,0.5933697982,0.00645475852
2023-07-14,4,majority_baseline,1,0.6072976879,0.00645475852
2023-07-14,4,random_forest,1,0.4637277117,0.00645475852
2023-07-17,4,catboost,1,0.6144816051,0.007452790186
2023-07-17,4,logistic_regression,1,0.5894039153,0.007452790186
2023-07-17,4,majority_baseline,1,0.6072976879,0.007452790186
2023-07-17,4,random_forest,1,0.4534736011,0.007452790186
2023-07-18,4,catboost,1,0.3850950064,0.002752152168
2023-07-18,4,logistic_regression,1,0.5814544381,0.002752152168
2023-07-18,4,majority_baseline,1,0.6072976879,0.002752152168
2023-07-18,4,random_forest,1,0.3634553414,0.002752152168
2023-07-19,4,catboost,1,0.3268487407,0.0006810140415
2023-07-19,4,logistic_regression,1,0.5687984888,0.0006810140415
2023-07-19,4,majority_baseline,1,0.6072976879,0.0006810140415
2023-07-19,4,random_forest,1,0.3809971387,0.0006810140415
2023-07-20,4,catboost,1,0.4756558119,0.0006855621766
2023-07-20,4,logistic_regression,1,0.609778634,0.0006855621766
2023-07-20,4,majority_baseline,1,0.6072976879,0.0006855621766
2023-07-20,4,random_forest,1,0.4725866945,0.0006855621766
2023-07-21,4,catboost,1,0.483204856,0.01048259714
2023-07-21,4,logistic_regression,1,0.6076063247,0.01048259714
2023-07-21,4,majority_baseline,1,0.6072976879,0.01048259714
2023-07-21,4,random_forest,1,0.4588795055,0.01048259714
2023-07-24,4,catboost,1,0.528383756,0.007903998687
2023-07-24,4,logistic_regression,1,0.6201372273,0.007903998687
2023-07-24,4,majority_baseline,1,0.6072976879,0.007903998687
2023-07-24,4,random_forest,1,0.4472941162,0.007903998687
2023-07-25,4,catboost,1,0.491604082,0.002283524931
2023-07-25,4,logistic_regression,1,0.6279138911,0.002283524931
2023-07-25,4,majority_baseline,1,0.6072976879,0.002283524931
2023-07-25,4,random_forest,1,0.4217781609,0.002283524931
2023-07-26,4,catboost,0,0.501405448,-0.01181094769
2023-07-26,4,logistic_regression,0,0.6087430081,-0.01181094769
2023-07-26,4,majority_baseline,0,0.6072976879,-0.01181094769
2023-07-26,4,random_forest,0,0.4462211191,-0.01181094769
2023-07-27,4,catboost,0,0.6378607211,-0.008066463301
2023-07-27,4,logistic_regression,0,0.582016502,-0.008066463301
2023-07-27,4,majority_baseline,0,0.6072976879,-0.008066463301
2023-07-27,4,random_forest,0,0.5120869196,-0.008066463301
2023-07-28,4,catboost,0,0.4696202151,-0.02212644556
2023-07-28,4,logistic_regression,0,0.5621038665,-0.02212644556
2023-07-28,4,majority_baseline,0,0.6072976879,-0.02212644556
2023-07-28,4,random_forest,0,0.4325368553,-0.02212644556
2023-07-31,4,catboost,0,0.5131227852,-0.01546564335
2023-07-31,4,logistic_regression,0,0.5763137538,-0.01546564335
2023-07-31,4,majority_baseline,0,0.6072976879,-0.01546564335
2023-07-31,4,random_forest,0,0.4544428407,-0.01546564335
2023-08-01,4,catboost,0,0.522183264,-0.01693395289
2023-08-01,4,logistic_regression,0,0.6087913587,-0.01693395289
2023-08-01,4,majority_baseline,0,0.6072976879,-0.01693395289
2023-08-01,4,random_forest,0,0.4672353219,-0.01693395289
2023-08-02,4,catboost,0,0.6505377151,-0.009730533073
2023-08-02,4,logistic_regression,0,0.5920440113,-0.009730533073
2023-08-02,4,majority_baseline,0,0.6072976879,-0.009730533073
2023-08-02,4,random_forest,0,0.5293446868,-0.009730533073
2023-08-03,4,catboost,0,0.584238939,-0.006527922253
2023-08-03,4,logistic_regression,0,0.6100036709,-0.006527922253
2023-08-03,4,majority_baseline,0,0.6072976879,-0.006527922253
2023-08-03,4,random_forest,0,0.4908378775,-0.006527922253
2023-08-04,4,catboost,0,0.6491307079,-0.002596190117
2023-08-04,4,logistic_regression,0,0.5961746309,-0.002596190117
2023-08-04,4,majority_baseline,0,0.6072976879,-0.002596190117
2023-08-04,4,random_forest,0,0.5049038862,-0.002596190117
2023-08-07,4,catboost,0,0.5283461241,-0.005768689732
2023-08-07,4,logistic_regression,0,0.6007178503,-0.005768689732
2023-08-07,4,majority_baseline,0,0.6072976879,-0.005768689732
2023-08-07,4,random_forest,0,0.4487078125,-0.005768689732
2023-08-08,4,catboost,0,0.5808448219,-0.01305846329
2023-08-08,4,logistic_regression,0,0.6213839429,-0.01305846329
2023-08-08,4,majority_baseline,0,0.6072976879,-0.01305846329
2023-08-08,4,random_forest,0,0.4734585543,-0.01305846329
2023-08-09,4,catboost,0,0.6727484996,-0.01370720224
2023-08-09,4,logistic_regression,0,0.6019712649,-0.01370720224
2023-08-09,4,majority_baseline,0,0.6072976879,-0.01370720224
2023-08-09,4,random_forest,0,0.494556849,-0.01370720224
2023-08-10,4,catboost,0,0.5906698519,-0.02157384925
2023-08-10,4,logistic_regression,0,0.5884584484,-0.02157384925
2023-08-10,4,majority_baseline,0,0.6072976879,-0.02157384925
2023-08-10,4,random_forest,0,0.4721475368,-0.02157384925
2023-08-11,4,catboost,0,0.5292232324,-0.02053179407
2023-08-11,4,logistic_regression,0,0.5899037184,-0.02053179407
2023-08-11,4,majority_baseline,0,0.6072976879,-0.02053179407
2023-08-11,4,random_forest,0,0.4391662981,-0.02053179407
2023-08-14,4,catboost,0,0.4535425546,-0.01957106377
2023-08-14,4,logistic_regression,0,0.6221658628,-0.01957106377
2023-08-14,4,majority_baseline,0,0.6072976879,-0.01957106377
2023-08-14,4,random_forest,0,0.4390057274,-0.01957106377
2023-08-15,4,catboost,0,0.7923787931,-0.01070247814
2023-08-15,4,logistic_regression,0,0.6362691901,-0.01070247814
2023-08-15,4,majority_baseline,0,0.6072976879,-0.01070247814
2023-08-15,4,random_forest,0,0.5446789739,-0.01070247814
2023-08-16,4,catboost,1,0.7021815774,0.007710818141
2023-08-16,4,logistic_regression,1,0.6217815479,0.007710818141
2023-08-16,4,majority_baseline,1,0.6072976879,0.007710818141
2023-08-16,4,random_forest,1,0.517887645,0.007710818141
2023-08-17,4,catboost,1,0.7056162986,0.001375246025
2023-08-17,4,logistic_regression,1,0.6112621397,0.001375246025
2023-08-17,4,majority_baseline,1,0.6072976879,0.001375246025
2023-08-17,4,random_forest,1,0.5265163658,0.001375246025
2023-08-18,4,catboost,1,0.6748432229,0.007949601833
2023-08-18,4,logistic_regression,1,0.5952157113,0.007949601833
2023-08-18,4,majority_baseline,1,0.6072976879,0.007949601833
2023-08-18,4,random_forest,1,0.5184210999,0.007949601833
2023-08-21,4,catboost,1,0.5763600984,0.007784434672
2023-08-21,4,logistic_regression,1,0.6068526361,0.007784434672
2023-08-21,4,majority_baseline,1,0.6072976879,0.007784434672
2023-08-21,4,random_forest,1,0.5020504052,0.007784434672
2023-08-22,4,catboost,1,0.6426823458,0.02512840341
2023-08-22,4,logistic_regression,1,0.6342589183,0.02512840341
2023-08-22,4,majority_baseline,1,0.6072976879,0.02512840341
2023-08-22,4,random_forest,1,0.49044714,0.02512840341
2023-08-23,4,catboost,1,0.6223769808,0.0180123491
2023-08-23,4,logistic_regression,1,0.6261364209,0.0180123491
2023-08-23,4,majority_baseline,1,0.6072976879,0.0180123491
2023-08-23,4,random_forest,1,0.511112247,0.0180123491
2023-08-24,4,catboost,1,0.6419414365,0.03080864989
2023-08-24,4,logistic_regression,1,0.6249856507,0.03080864989
2023-08-24,4,majority_baseline,1,0.6072976879,0.03080864989
2023-08-24,4,random_forest,1,0.5244522836,0.03080864989
2023-08-25,4,catboost,1,0.6723364914,0.02550174141
2023-08-25,4,logistic_regression,1,0.5763056684,0.02550174141
2023-08-25,4,majority_baseline,1,0.6072976879,0.02550174141
2023-08-25,4,random_forest,1,0.5144140723,0.02550174141
2023-08-28,4,catboost,1,0.6607302458,0.01463542383
2023-08-28,4,logistic_regression,1,0.5895123363,0.01463542383
2023-08-28,4,majority_baseline,1,0.6072976879,0.01463542383
2023-08-28,4,random_forest,1,0.5197690263,0.01463542383
2023-08-29,4,catboost,0,0.6302262682,-0.006545557209
2023-08-29,4,logistic_regression,0,0.6013198876,-0.006545557209
2023-08-29,4,majority_baseline,0,0.6072976879,-0.006545557209
2023-08-29,4,random_forest,0,0.5269397483,-0.006545557209
2023-08-30,4,catboost,0,0.6914849441,-0.01365824165
2023-08-30,4,logistic_regression,0,0.6007327357,-0.01365824165
2023-08-30,4,majority_baseline,0,0.6072976879,-0.01365824165
2023-08-30,4,random_forest,0,0.5458132222,-0.01365824165
2023-08-31,4,catboost,0,0.7123266938,-0.0107250295
2023-08-31,4,logistic_regression,0,0.633221191,-0.0107250295
2023-08-31,4,majority_baseline,0,0.6072976879,-0.0107250295
2023-08-31,4,random_forest,0,0.5503741555,-0.0107250295
2023-09-01,4,catboost,0,0.7311085456,-0.006072807876
2023-09-01,4,logistic_regression,0,0.6449249452,-0.006072807876
2023-09-01,4,majority_baseline,0,0.6072976879,-0.006072807876
2023-09-01,4,random_forest,0,0.5510834062,-0.006072807876
2023-09-05,4,catboost,0,0.6537122002,-0.007234440546
2023-09-05,4,logistic_regression,0,0.6468627143,-0.007234440546
2023-09-05,4,majority_baseline,0,0.6072976879,-0.007234440546
2023-09-05,4,random_forest,0,0.5361864458,-0.007234440546
2023-09-06,4,catboost,1,0.5971988028,0.0006499229062
2023-09-06,4,logistic_regression,1,0.6578292311,0.0006499229062
2023-09-06,4,majority_baseline,1,0.6072976879,0.0006499229062
2023-09-06,4,random_forest,1,0.5026875866,0.0006499229062
2023-09-07,4,catboost,1,0.5929791154,0.01238615089
2023-09-07,4,logistic_regression,1,0.624464759,0.01238615089
2023-09-07,4,majority_baseline,1,0.6072976879,0.01238615089
2023-09-07,4,random_forest,1,0.5072112915,0.01238615089
2023-09-08,4,catboost,0,0.5846293198,-0.004825807939
2023-09-08,4,logistic_regression,0,0.6452478979,-0.004825807939
2023-09-08,4,majority_baseline,0,0.6072976879,-0.004825807939
2023-09-08,4,random_forest,0,0.5122450739,-0.004825807939
2023-09-11,4,catboost,0,0.6063345231,-0.01074814844
2023-09-11,4,logistic_regression,0,0.6335035596,-0.01074814844
2023-09-11,4,majority_baseline,0,0.6072976879,-0.01074814844
2023-09-11,4,random_forest,0,0.5212748572,-0.01074814844
2023-09-12,4,catboost,0,0.5769783906,-0.007354422234
2023-09-12,4,logistic_regression,0,0.631037284,-0.007354422234
2023-09-12,4,majority_baseline,0,0.6072976879,-0.007354422234
2023-09-12,4,random_forest,0,0.5043507728,-0.007354422234
2023-09-13,4,catboost,0,0.5374384147,-0.01762557396
2023-09-13,4,logistic_regression,0,0.6131682241,-0.01762557396
2023-09-13,4,majority_baseline,0,0.6072976879,-0.01762557396
2023-09-13,4,random_forest,0,0.5057259936,-0.01762557396
2023-09-14,4,catboost,0,0.6170399618,-0.0421217946
2023-09-14,4,logistic_regression,0,0.5756114497,-0.0421217946
2023-09-14,4,majority_baseline,0,0.6072976879,-0.0421217946
2023-09-14,4,random_forest,0,0.5095956512,-0.0421217946
2023-09-15,4,catboost,0,0.4996196787,-0.02920806966
2023-09-15,4,logistic_regression,0,0.5513069104,-0.02920806966
2023-09-15,4,majority_baseline,0,0.6072976879,-0.02920806966
2023-09-15,4,random_forest,0,0.496094264,-0.02920806966
2023-09-18,4,catboost,0,0.5843566673,-0.02569707588
2023-09-18,4,logistic_regression,0,0.6048304335,-0.02569707588
2023-09-18,4,majority_baseline,0,0.6072976879,-0.02569707588
2023-09-18,4,random_forest,0,0.5129348051,-0.02569707588
2023-09-19,4,catboost,0,0.5691754521,-0.03801582734
2023-09-19,4,logistic_regression,0,0.628761008,-0.03801582734
2023-09-19,4,majority_baseline,0,0.6072976879,-0.03801582734
2023-09-19,4,random_forest,0,0.5061720268,-0.03801582734
2023-09-20,4,catboost,0,0.6407529953,-0.02870241287
2023-09-20,4,logistic_regression,0,0.629206154,-0.02870241287
2023-09-20,4,majority_baseline,0,0.6072976879,-0.02870241287
2023-09-20,4,random_forest,0,0.5177992707,-0.02870241287
2023-09-21,4,catboost,0,0.5323497376,-0.006652971796
2023-09-21,4,logistic_regression,0,0.614412237,-0.006652971796
2023-09-21,4,majority_baseline,0,0.6072976879,-0.006652971796
2023-09-21,4,random_forest,0,0.5296291808,-0.006652971796
2023-09-22,4,catboost,0,0.5235280941,-0.006830542978
2023-09-22,4,logistic_regression,0,0.5973887176,-0.006830542978
2023-09-22,4,majority_baseline,0,0.6072976879,-0.006830542978
2023-09-22,4,random_forest,0,0.4923212698,-0.006830542978
2023-09-25,4,catboost,0,0.5413200114,-0.0113828593
2023-09-25,4,logistic_regression,0,0.6058607404,-0.0113828593
2023-09-25,4,majority_baseline,0,0.6072976879,-0.0113828593
2023-09-25,4,random_forest,0,0.5079609268,-0.0113828593
2023-09-26,4,catboost,0,0.6293925069,-0.01007328015
2023-09-26,4,logistic_regression,0,0.628078284,-0.01007328015
2023-09-26,4,majority_baseline,0,0.6072976879,-0.01007328015
2023-09-26,4,random_forest,0,0.5306522374,-0.01007328015
2023-09-27,4,catboost,0,0.5940610296,-0.003262490646
2023-09-27,4,logistic_regression,0,0.5917857148,-0.003262490646
2023-09-27,4,majority_baseline,0,0.6072976879,-0.003262490646
2023-09-27,4,random_forest,0,0.5313102751,-0.003262490646
2023-09-28,4,catboost,0,0.482157597,-0.009381100306
2023-09-28,4,logistic_regression,0,0.5676327861,-0.009381100306
2023-09-28,4,majority_baseline,0,0.6072976879,-0.009381100306
2023-09-28,4,random_forest,0,0.4842784437,-0.009381100306
2023-09-29,4,catboost,1,0.5417366929,0.004818932925
2023-09-29,4,logistic_regression,1,0.5822453173,0.004818932925
2023-09-29,4,majority_baseline,1,0.6072976879,0.004818932925
2023-09-29,4,random_forest,1,0.493893551,0.004818932925
2023-10-02,4,catboost,1,0.505857346,0.01165432807
2023-10-02,4,logistic_regression,1,0.594112645,0.01165432807
2023-10-02,4,majority_baseline,1,0.6072976879,0.01165432807
2023-10-02,4,random_forest,1,0.5224430113,0.01165432807
2023-10-03,4,catboost,1,0.6131079797,0.03071707658
2023-10-03,4,logistic_regression,1,0.6172183274,0.03071707658
2023-10-03,4,majority_baseline,1,0.6072976879,0.03071707658
2023-10-03,4,random_forest,1,0.5217732593,0.03071707658
2023-10-04,4,catboost,1,0.5583612657,0.02745726816
2023-10-04,4,logistic_regression,1,0.6099211021,0.02745726816
2023-10-04,4,majority_baseline,1,0.6072976879,0.02745726816
2023-10-04,4,random_forest,1,0.501548309,0.02745726816
2023-10-05,4,catboost,1,0.5703833735,0.02157833616
2023-10-05,4,logistic_regression,1,0.6488991997,0.02157833616
2023-10-05,4,majority_baseline,1,0.6072976879,0.02157833616
2023-10-05,4,random_forest,1,0.5138331304,0.02157833616
2023-10-06,4,catboost,1,0.6898918639,0.004563001027
2023-10-06,4,logistic_regression,1,0.6319383507,0.004563001027
2023-10-06,4,majority_baseline,1,0.6072976879,0.004563001027
2023-10-06,4,random_forest,1,0.5372029238,0.004563001027
2023-10-09,4,catboost,1,0.7178240966,0.008674732069
2023-10-09,4,logistic_regression,1,0.602459697,0.008674732069
2023-10-09,4,majority_baseline,1,0.6072976879,0.008674732069
2023-10-09,4,random_forest,1,0.5401284902,0.008674732069
2023-10-10,4,catboost,1,0.6785907691,0.003405855551
2023-10-10,4,logistic_regression,1,0.6356214845,0.003405855551
2023-10-10,4,majority_baseline,1,0.6072976879,0.003405855551
2023-10-10,4,random_forest,1,0.5434571256,0.003405855551
2023-10-11,4,catboost,0,0.6976724042,-0.01400351966
2023-10-11,4,logistic_regression,0,0.6458159222,-0.01400351966
2023-10-11,4,majority_baseline,0,0.6072976879,-0.01400351966
2023-10-11,4,random_forest,0,0.5507014848,-0.01400351966
2023-10-12,4,catboost,0,0.7243983391,-0.01667207245
2023-10-12,4,logistic_regression,0,0.6488683802,-0.01667207245
2023-10-12,4,majority_baseline,0,0.6072976879,-0.01667207245
2023-10-12,4,random_forest,0,0.5341776286,-0.01667207245
2023-10-13,4,catboost,0,0.68622896,-0.02389338957
2023-10-13,4,logistic_regression,0,0.6293245861,-0.02389338957
2023-10-13,4,majority_baseline,0,0.6072976879,-0.02389338957
2023-10-13,4,random_forest,0,0.5095279881,-0.02389338957
2023-10-16,4,catboost,0,0.7113641571,-0.0357307052
2023-10-16,4,logistic_regression,0,0.6197606461,-0.0357307052
2023-10-16,4,majority_baseline,0,0.6072976879,-0.0357307052
2023-10-16,4,random_forest,0,0.5447216151,-0.0357307052
2023-10-17,4,catboost,0,0.7146715724,-0.02841609195
2023-10-17,4,logistic_regression,0,0.656827635,-0.02841609195
2023-10-17,4,majority_baseline,0,0.6072976879,-0.02841609195
2023-10-17,4,random_forest,0,0.5287424553,-0.02841609195
2023-10-18,4,catboost,0,0.6893965355,-0.02942749808
2023-10-18,4,logistic_regression,0,0.6494117865,-0.02942749808
2023-10-18,4,majority_baseline,0,0.6072976879,-0.02942749808
2023-10-18,4,random_forest,0,0.5207576732,-0.02942749808
2023-10-19,4,catboost,0,0.6209434433,-0.03254931674
2023-10-19,4,logistic_regression,0,0.6163811707,-0.03254931674
2023-10-19,4,majority_baseline,0,0.6072976879,-0.03254931674
2023-10-19,4,random_forest,0,0.5151386236,-0.03254931674
2023-10-20,4,catboost,0,0.5203234159,-0.02495313194
2023-10-20,4,logistic_regression,0,0.5886154442,-0.02495313194
2023-10-20,4,majority_baseline,0,0.6072976879,-0.02495313194
2023-10-20,4,random_forest,0,0.5047681335,-0.02495313194
2023-10-23,4,catboost,0,0.6103221794,-0.01158254126
2023-10-23,4,logistic_regression,0,0.619365502,-0.01158254126
2023-10-23,4,majority_baseline,0,0.6072976879,-0.01158254126
2023-10-23,4,random_forest,0,0.519543484,-0.01158254126
2023-10-24,4,catboost,0,0.6231485774,-0.01281777173
2023-10-24,4,logistic_regression,0,0.6217174098,-0.01281777173
2023-10-24,4,majority_baseline,0,0.6072976879,-0.01281777173
2023-10-24,4,random_forest,0,0.5234352274,-0.01281777173
2023-10-25,4,catboost,1,0.621889585,0.01223809376
2023-10-25,4,logistic_regression,1,0.6266541553,0.01223809376
2023-10-25,4,majority_baseline,1,0.6072976879,0.01223809376
2023-10-25,4,random_forest,1,0.5151334613,0.01223809376
2023-10-26,4,catboost,1,0.7290581689,0.04414015886
2023-10-26,4,logistic_regression,1,0.6153195745,0.04414015886
2023-10-26,4,majority_baseline,1,0.6072976879,0.04414015886
2023-10-26,4,random_forest,1,0.5327049779,0.04414015886
2023-10-27,4,catboost,1,0.6627701595,0.05846403557
2023-10-27,4,logistic_regression,1,0.6078212783,0.05846403557
2023-10-27,4,majority_baseline,1,0.6072976879,0.05846403557
2023-10-27,4,random_forest,1,0.5309285242,0.05846403557
2023-10-30,4,catboost,1,0.6758928966,0.0483649902
2023-10-30,4,logistic_regression,1,0.5944680607,0.0483649902
2023-10-30,4,majority_baseline,1,0.6072976879,0.0483649902
2023-10-30,4,random_forest,1,0.5143375358,0.0483649902
2023-10-31,4,catboost,1,0.6524523787,0.04478713523
2023-10-31,4,logistic_regression,1,0.6055479306,0.04478713523
2023-10-31,4,majority_baseline,1,0.6072976879,0.04478713523
2023-10-31,4,random_forest,1,0.5330853638,0.04478713523
2023-11-01,4,catboost,1,0.7170729239,0.03451946286
2023-11-01,4,logistic_regression,1,0.5975426286,0.03451946286
2023-11-01,4,majority_baseline,1,0.6072976879,0.03451946286
2023-11-01,4,random_forest,1,0.5348631102,0.03451946286
2023-11-02,4,catboost,1,0.6286369782,0.007150121715
2023-11-02,4,logistic_regression,1,0.5729938562,0.007150121715
2023-11-02,4,majority_baseline,1,0.6072976879,0.007150121715
2023-11-02,4,random_forest,1,0.5310055081,0.007150121715
2023-11-03,4,catboost,1,0.5236840072,0.01361886164
2023-11-03,4,logistic_regression,1,0.5745395862,0.01361886164
2023-11-03,4,majority_baseline,1,0.6072976879,0.01361886164
2023-11-03,4,random_forest,1,0.5276586292,0.01361886164
2023-11-06,4,catboost,1,0.6685667085,0.01032844448
2023-11-06,4,logistic_regression,1,0.6209001337,0.01032844448
2023-11-06,4,majority_baseline,1,0.6072976879,0.01032844448
2023-11-06,4,random_forest,1,0.5685837193,0.01032844448
2023-11-07,4,catboost,1,0.6918448593,0.02700665667
2023-11-07,4,logistic_regression,1,0.632516054,0.02700665667
2023-11-07,4,majority_baseline,1,0.6072976879,0.02700665667
2023-11-07,4,random_forest,1,0.5450368122,0.02700665667
2023-11-08,4,catboost,1,0.7568793054,0.02842765626
2023-11-08,4,logistic_regression,1,0.6591644183,0.02842765626
2023-11-08,4,majority_baseline,1,0.6072976879,0.02842765626
2023-11-08,4,random_forest,1,0.5736032619,0.02842765626
2023-11-09,4,catboost,1,0.709842961,0.03777893887
2023-11-09,4,logistic_regression,1,0.6819027551,0.03777893887
2023-11-09,4,majority_baseline,1,0.6072976879,0.03777893887
2023-11-09,4,random_forest,1,0.5411643868,0.03777893887
2023-11-10,4,catboost,1,0.6974889459,0.02310438582
2023-11-10,4,logistic_regression,1,0.6466600581,0.02310438582
2023-11-10,4,majority_baseline,1,0.6072976879,0.02310438582
2023-11-10,4,random_forest,1,0.5608159108,0.02310438582
2023-11-13,4,catboost,1,0.7995183995,0.03196348696
2023-11-13,4,logistic_regression,1,0.6480391546,0.03196348696
2023-11-13,4,majority_baseline,1,0.6072976879,0.03196348696
2023-11-13,4,random_forest,1,0.6174896233,0.03196348696
2023-11-14,4,catboost,1,0.6118892421,0.01011739328
2023-11-14,4,logistic_regression,1,0.6303290649,0.01011739328
2023-11-14,4,majority_baseline,1,0.6072976879,0.01011739328
2023-11-14,4,random_forest,1,0.5711026818,0.01011739328
2023-11-15,4,catboost,1,0.7470020995,0.01187510315
2023-11-15,4,logistic_regression,1,0.58347682,0.01187510315
2023-11-15,4,majority_baseline,1,0.6072976879,0.01187510315
2023-11-15,4,random_forest,1,0.5924196606,0.01187510315
2023-11-16,4,catboost,1,0.7581855081,0.01126085929
2023-11-16,4,logistic_regression,1,0.5879802864,0.01126085929
2023-11-16,4,majority_baseline,1,0.6072976879,0.01126085929
2023-11-16,4,random_forest,1,0.5775662353,0.01126085929
2023-11-17,4,catboost,1,0.7200157098,0.008185635064
2023-11-17,4,logistic_regression,1,0.5785907356,0.008185635064
2023-11-17,4,majority_baseline,1,0.6072976879,0.008185635064
2023-11-17,4,random_forest,1,0.5628205782,0.008185635064
2023-11-20,4,catboost,1,0.6776779254,0.001474888578
2023-11-20,4,logistic_regression,1,0.5755749749,0.001474888578
2023-11-20,4,majority_baseline,1,0.6072976879,0.001474888578
2023-11-20,4,random_forest,1,0.5530760457,0.001474888578
2023-11-21,4,catboost,1,0.8047089772,0.002956287494
2023-11-21,4,logistic_regression,1,0.6031329709,0.002956287494
2023-11-21,4,majority_baseline,1,0.6072976879,0.002956287494
2023-11-21,4,random_forest,1,0.6191179278,0.002956287494
2023-11-22,4,catboost,1,0.8365186572,0.003032844564
2023-11-22,4,logistic_regression,1,0.6228101781,0.003032844564
2023-11-22,4,majority_baseline,1,0.6072976879,0.003032844564
2023-11-22,4,random_forest,1,0.570242377,0.003032844564
2023-11-24,4,catboost,1,0.8390050822,0.008346185816
2023-11-24,4,logistic_regression,1,0.636061431,0.008346185816
2023-11-24,4,majority_baseline,1,0.6072976879,0.008346185816
2023-11-24,4,random_forest,1,0.5636242202,0.008346185816
2023-11-27,4,catboost,1,0.8165169451,0.004862681188
2023-11-27,4,logistic_regression,1,0.6683169654,0.004862681188
2023-11-27,4,majority_baseline,1,0.6072976879,0.004862681188
2023-11-27,4,random_forest,1,0.5606642749,0.004862681188
2023-11-28,4,catboost,1,0.7586700219,0.003670923937
2023-11-28,4,logistic_regression,1,0.6301906612,0.003670923937
2023-11-28,4,majority_baseline,1,0.6072976879,0.003670923937
2023-11-28,4,random_forest,1,0.5604217894,0.003670923937
2023-11-29,4,catboost,1,0.7117959078,0.0003300068296
2023-11-29,4,logistic_regression,1,0.5967503353,0.0003300068296
2023-11-29,4,majority_baseline,1,0.6072976879,0.0003300068296
2023-11-29,4,random_forest,1,0.5468632889,0.0003300068296
2023-11-30,4,catboost,1,0.6810547492,0.004009678187
2023-11-30,4,logistic_regression,1,0.5780251074,0.004009678187
2023-11-30,4,majority_baseline,1,0.6072976879,0.004009678187
2023-11-30,4,random_forest,1,0.5038437807,0.004009678187
2023-12-01,4,catboost,1,0.3415018623,0.002396005414
2023-12-01,4,logistic_regression,1,0.5466662948,0.002396005414
2023-12-01,4,majority_baseline,1,0.6072976879,0.002396005414
2023-12-01,4,random_forest,1,0.3485177456,0.002396005414
2023-12-04,4,catboost,1,0.4968726646,0.01160521967
2023-12-04,4,logistic_regression,1,0.5681183027,0.01160521967
2023-12-04,4,majority_baseline,1,0.6072976879,0.01160521967
2023-12-04,4,random_forest,1,0.4389557954,0.01160521967
2023-12-05,4,catboost,1,0.6353979211,0.01642575537
2023-12-05,4,logistic_regression,1,0.5746398973,0.01642575537
2023-12-05,4,majority_baseline,1,0.6072976879,0.01642575537
2023-12-05,4,random_forest,1,0.4860075763,0.01642575537
2023-12-06,4,catboost,1,0.6863948956,0.034611641
2023-12-06,4,logistic_regression,1,0.5928928581,0.034611641
2023-12-06,4,majority_baseline,1,0.6072976879,0.034611641
2023-12-06,4,random_forest,1,0.5232610722,0.034611641
2023-12-07,4,catboost,1,0.706261896,0.03007223113
2023-12-07,4,logistic_regression,1,0.5792858693,0.03007223113
2023-12-07,4,majority_baseline,1,0.6072976879,0.03007223113
2023-12-07,4,random_forest,1,0.5329627667,0.03007223113
2023-12-08,4,catboost,1,0.6206557546,0.01983914419
2023-12-08,4,logistic_regression,1,0.567469806,0.01983914419
2023-12-08,4,majority_baseline,1,0.6072976879,0.01983914419
2023-12-08,4,random_forest,1,0.4494840984,0.01983914419
2023-12-11,4,catboost,1,0.5003055466,0.02160222345
2023-12-11,4,logistic_regression,1,0.5739370122,0.02160222345
2023-12-11,4,majority_baseline,1,0.6072976879,0.02160222345
2023-12-11,4,random_forest,1,0.4454306801,0.02160222345
2023-12-12,4,catboost,1,0.5484013209,0.0231415429
2023-12-12,4,logistic_regression,1,0.5881466575,0.0231415429
2023-12-12,4,majority_baseline,1,0.6072976879,0.0231415429
2023-12-12,4,random_forest,1,0.4229376165,0.0231415429
2023-12-13,4,catboost,0,0.227057326,-0.004760871838
2023-12-13,4,logistic_regression,0,0.543120436,-0.004760871838
2023-12-13,4,majority_baseline,0,0.6072976879,-0.004760871838
2023-12-13,4,random_forest,0,0.3132851324,-0.004760871838
2023-12-14,4,catboost,1,0.2461746278,0.00146183849
2023-12-14,4,logistic_regression,1,0.5015168735,0.00146183849
2023-12-14,4,majority_baseline,1,0.6072976879,0.00146183849
2023-12-14,4,random_forest,1,0.3065194752,0.00146183849
2023-12-15,4,catboost,1,0.35141459,0.009204626645
2023-12-15,4,logistic_regression,1,0.5010229835,0.009204626645
2023-12-15,4,majority_baseline,1,0.6072976879,0.009204626645
2023-12-15,4,random_forest,1,0.4123248229,0.009204626645
2023-12-18,4,catboost,1,0.3113959998,0.007797090261
2023-12-18,4,logistic_regression,1,0.5570802023,0.007797090261
2023-12-18,4,majority_baseline,1,0.6072976879,0.007797090261
2023-12-18,4,random_forest,1,0.350438782,0.007797090261
2023-12-19,4,catboost,1,0.3519480071,0.003517002597
2023-12-19,4,logistic_regression,1,0.5872567851,0.003517002597
2023-12-19,4,majority_baseline,1,0.6072976879,0.003517002597
2023-12-19,4,random_forest,1,0.357990327,0.003517002597
2023-12-20,5,catboost,1,0.6165434759,0.01800280277
2023-12-20,5,logistic_regression,1,0.6154757487,0.01800280277
2023-12-20,5,majority_baseline,1,0.600982375,0.01800280277
2023-12-20,5,random_forest,1,0.4466646802,0.01800280277
2023-12-21,5,catboost,1,0.3870450404,0.005521441364
2023-12-21,5,logistic_regression,1,0.5459820039,0.005521441364
2023-12-21,5,majority_baseline,1,0.600982375,0.005521441364
2023-12-21,5,random_forest,1,0.3857623623,0.005521441364
2023-12-22,5,catboost,0,0.3295262205,-0.002111263618
2023-12-22,5,logistic_regression,0,0.5648347998,-0.002111263618
2023-12-22,5,majority_baseline,0,0.600982375,-0.002111263618
2023-12-22,5,random_forest,0,0.4005320285,-0.002111263618
2023-12-26,5,catboost,0,0.3496975736,-0.01442233888
2023-12-26,5,logistic_regression,0,0.5897523023,-0.01442233888
2023-12-26,5,majority_baseline,0,0.600982375,-0.01442233888
2023-12-26,5,random_forest,0,0.4140277064,-0.01442233888
2023-12-27,5,catboost,0,0.4008302784,-0.01937002541
2023-12-27,5,logistic_regression,0,0.5905450374,-0.01937002541
2023-12-27,5,majority_baseline,0,0.600982375,-0.01937002541
2023-12-27,5,random_forest,0,0.3991926136,-0.01937002541
2023-12-28,5,catboost,0,0.3941551331,-0.01839767764
2023-12-28,5,logistic_regression,0,0.5591276161,-0.01839767764
2023-12-28,5,majority_baseline,0,0.600982375,-0.01839767764
2023-12-28,5,random_forest,0,0.3868673639,-0.01839767764
2023-12-29,5,catboost,0,0.5204695107,-0.00149374409
2023-12-29,5,logistic_regression,0,0.525148107,-0.00149374409
2023-12-29,5,majority_baseline,0,0.600982375,-0.00149374409
2023-12-29,5,random_forest,0,0.4551355721,-0.00149374409
2024-01-02,5,catboost,1,0.5985351069,0.002602371767
2024-01-02,5,logistic_regression,1,0.5090206809,0.002602371767
2024-01-02,5,majority_baseline,1,0.600982375,0.002602371767
2024-01-02,5,random_forest,1,0.4801788345,0.002602371767
2024-01-03,5,catboost,1,0.6245768139,0.01657456208
2024-01-03,5,logistic_regression,1,0.5440970634,0.01657456208
2024-01-03,5,majority_baseline,1,0.600982375,0.01657456208
2024-01-03,5,random_forest,1,0.4858172321,0.01657456208
2024-01-04,5,catboost,1,0.602502418,0.0194102194
2024-01-04,5,logistic_regression,1,0.5733546138,0.0194102194
2024-01-04,5,majority_baseline,1,0.600982375,0.0194102194
2024-01-04,5,random_forest,1,0.4852501013,0.0194102194
2024-01-05,5,catboost,1,0.6205067521,0.01872110414
2024-01-05,5,logistic_regression,1,0.6007756817,0.01872110414
2024-01-05,5,majority_baseline,1,0.600982375,0.01872110414
2024-01-05,5,random_forest,1,0.4751631879,0.01872110414
2024-01-08,5,catboost,1,0.5431444875,0.0006952941335
2024-01-08,5,logistic_regression,1,0.5751125596,0.0006952941335
2024-01-08,5,majority_baseline,1,0.600982375,0.0006952941335
2024-01-08,5,random_forest,1,0.4603628529,0.0006952941335
2024-01-09,5,catboost,0,0.5852462385,-0.003355272186
2024-01-09,5,logistic_regression,0,0.5888679192,-0.003355272186
2024-01-09,5,majority_baseline,0,0.600982375,-0.003355272186
2024-01-09,5,random_forest,0,0.4975390176,-0.003355272186
2024-01-10,5,catboost,0,0.6602214407,-0.0001469015451
2024-01-10,5,logistic_regression,0,0.5938197303,-0.0001469015451
2024-01-10,5,majority_baseline,0,0.600982375,-0.0001469015451
2024-01-10,5,random_forest,0,0.5221628984,-0.0001469015451
2024-01-11,5,catboost,1,0.6035254095,0.01276369586
2024-01-11,5,logistic_regression,1,0.5928495045,0.01276369586
2024-01-11,5,majority_baseline,1,0.600982375,0.01276369586
2024-01-11,5,random_forest,1,0.4775950422,0.01276369586
2024-01-12,5,catboost,1,0.5766499637,0.01420244106
2024-01-12,5,logistic_regression,1,0.5900664036,0.01420244106
2024-01-12,5,majority_baseline,1,0.600982375,0.01420244106
2024-01-12,5,random_forest,1,0.4935802866,0.01420244106
2024-01-16,5,catboost,1,0.6184081156,0.02090832934
2024-01-16,5,logistic_regression,1,0.6040097204,0.02090832934
2024-01-16,5,majority_baseline,1,0.600982375,0.02090832934
2024-01-16,5,random_forest,1,0.5021864314,0.02090832934
2024-01-17,5,catboost,1,0.6136957999,0.02773720778
2024-01-17,5,logistic_regression,1,0.6067720959,0.02773720778
2024-01-17,5,majority_baseline,1,0.600982375,0.02773720778
2024-01-17,5,random_forest,1,0.4972618064,0.02773720778
2024-01-18,5,catboost,1,0.5602216839,0.02421878494
2024-01-18,5,logistic_regression,1,0.5911417316,0.02421878494
2024-01-18,5,majority_baseline,1,0.600982375,0.02421878494
2024-01-18,5,random_forest,1,0.4816256571,0.02421878494
2024-01-19,5,catboost,1,0.4927267278,0.01032276408
2024-01-19,5,logistic_regression,1,0.5312932339,0.01032276408
2024-01-19,5,majority_baseline,1,0.600982375,0.01032276408
2024-01-19,5,random_forest,1,0.4839799515,0.01032276408
2024-01-22,5,catboost,1,0.5617341956,0.01617535754
2024-01-22,5,logistic_regression,1,0.5766244938,0.01617535754
2024-01-22,5,majority_baseline,1,0.600982375,0.01617535754
2024-01-22,5,random_forest,1,0.4699543488,0.01617535754
2024-01-23,5,catboost,1,0.6189556645,0.01243664023
2024-01-23,5,logistic_regression,1,0.6056137261,0.01243664023
2024-01-23,5,majority_baseline,1,0.600982375,0.01243664023
2024-01-23,5,random_forest,1,0.4957455796,0.01243664023
2024-01-24,5,catboost,0,0.6630723424,-0.005171119357
2024-01-24,5,logistic_regression,0,0.61896297,-0.005171119357
2024-01-24,5,majority_baseline,0,0.600982375,-0.005171119357
2024-01-24,5,random_forest,0,0.4949338676,-0.005171119357
2024-01-25,5,catboost,1,0.5125838875,0.002397421066
2024-01-25,5,logistic_regression,1,0.57613382,0.002397421066
2024-01-25,5,majority_baseline,1,0.600982375,0.002397421066
2024-01-25,5,random_forest,1,0.4629371981,0.002397421066
2024-01-26,5,catboost,1,0.4656716721,0.0142385309
2024-01-26,5,logistic_regression,1,0.587396291,0.0142385309
2024-01-26,5,majority_baseline,1,0.600982375,0.0142385309
2024-01-26,5,random_forest,1,0.4577523498,0.0142385309
2024-01-29,5,catboost,1,0.5484642358,0.002605489504
2024-01-29,5,logistic_regression,1,0.5944048676,0.002605489504
2024-01-29,5,majority_baseline,1,0.600982375,0.002605489504
2024-01-29,5,random_forest,1,0.4561560535,0.002605489504
2024-01-30,5,catboost,1,0.465307809,0.006294681717
2024-01-30,5,logistic_regression,1,0.6144962433,0.006294681717
2024-01-30,5,majority_baseline,1,0.600982375,0.006294681717
2024-01-30,5,random_forest,1,0.4305425204,0.006294681717
2024-01-31,5,catboost,1,0.595325397,0.03151922019
2024-01-31,5,logistic_regression,1,0.6027858996,0.03151922019
2024-01-31,5,majority_baseline,1,0.600982375,0.03151922019
2024-01-31,5,random_forest,1,0.5129861044,0.03151922019
2024-02-01,5,catboost,1,0.6546565426,0.01864267145
2024-02-01,5,logistic_regression,1,0.5496576987,0.01864267145
2024-02-01,5,majority_baseline,1,0.600982375,0.01864267145
2024-02-01,5,random_forest,1,0.5251354883,0.01864267145
2024-02-02,5,catboost,1,0.4881471209,0.01385659152
2024-02-02,5,logistic_regression,1,0.5253056458,0.01385659152
2024-02-02,5,majority_baseline,1,0.600982375,0.01385659152
2024-02-02,5,random_forest,1,0.4766226747,0.01385659152
2024-02-05,5,catboost,1,0.647443442,0.01711506123
2024-02-05,5,logistic_regression,1,0.5688539759,0.01711506123
2024-02-05,5,majority_baseline,1,0.600982375,0.01711506123
2024-02-05,5,random_forest,1,0.529698152,0.01711506123
2024-02-06,5,catboost,1,0.6697732395,0.0002023879464
2024-02-06,5,logistic_regression,1,0.5989964481,0.0002023879464
2024-02-06,5,majority_baseline,1,0.600982375,0.0002023879464
2024-02-06,5,random_forest,1,0.5635488656,0.0002023879464
2024-02-07,5,catboost,1,0.6601770225,0.000943588023
2024-02-07,5,logistic_regression,1,0.5928811214,0.000943588023
2024-02-07,5,majority_baseline,1,0.600982375,0.000943588023
2024-02-07,5,random_forest,1,0.523401043,0.000943588023
2024-02-08,5,catboost,1,0.6555495714,0.007404885307
2024-02-08,5,logistic_regression,1,0.5886789654,0.007404885307
2024-02-08,5,majority_baseline,1,0.600982375,0.007404885307
2024-02-08,5,random_forest,1,0.5475918977,0.007404885307
2024-02-09,5,catboost,0,0.6745307368,-0.003371912129
2024-02-09,5,logistic_regression,0,0.6023873384,-0.003371912129
2024-02-09,5,majority_baseline,0,0.600982375,-0.003371912129
2024-02-09,5,random_forest,0,0.5228310592,-0.003371912129
2024-02-12,5,catboost,0,0.6504251538,-0.00842349217
2024-02-12,5,logistic_regression,0,0.592797415,-0.00842349217
2024-02-12,5,majority_baseline,0,0.600982375,-0.00842349217
2024-02-12,5,random_forest,0,0.5444310492,-0.00842349217
2024-02-13,5,catboost,1,0.7195326136,0.006335016566
2024-02-13,5,logistic_regression,1,0.6017717782,0.006335016566
2024-02-13,5,majority_baseline,1,0.600982375,0.006335016566
2024-02-13,5,random_forest,1,0.5159291449,0.006335016566
2024-02-14,5,catboost,1,0.6522737659,0.0179112112
2024-02-14,5,logistic_regression,1,0.5998678562,0.0179112112
2024-02-14,5,majority_baseline,1,0.600982375,0.0179112112
2024-02-14,5,random_forest,1,0.5125127962,0.0179112112
2024-02-15,5,catboost,1,0.6260193756,0.0116332268
2024-02-15,5,logistic_regression,1,0.5905920483,0.0116332268
2024-02-15,5,majority_baseline,1,0.600982375,0.0116332268
2024-02-15,5,random_forest,1,0.5279590161,0.0116332268
2024-02-16,5,catboost,1,0.6540627786,0.01297267377
2024-02-16,5,logistic_regression,1,0.5868146406,0.01297267377
2024-02-16,5,majority_baseline,1,0.600982375,0.01297267377
2024-02-16,5,random_forest,1,0.5117939699,0.01297267377
2024-02-20,5,catboost,1,0.6615149663,0.02047262803
2024-02-20,5,logistic_regression,1,0.5960055072,0.02047262803
2024-02-20,5,majority_baseline,1,0.600982375,0.02047262803
2024-02-20,5,random_forest,1,0.5089503722,0.02047262803
2024-02-21,5,catboost,1,0.590218935,0.01820160185
2024-02-21,5,logistic_regression,1,0.605707073,0.01820160185
2024-02-21,5,majority_baseline,1,0.600982375,0.01820160185
2024-02-21,5,random_forest,1,0.5045010252,0.01820160185
2024-02-22,5,catboost,1,0.5343155911,0.001142830739
2024-02-22,5,logistic_regression,1,0.5530848121,0.001142830739
2024-02-22,5,majority_baseline,1,0.600982375,0.001142830739
2024-02-22,5,random_forest,1,0.4642907033,0.001142830739
2024-02-23,5,catboost,1,0.6712717781,0.009845366624
2024-02-23,5,logistic_regression,1,0.550808499,0.009845366624
2024-02-23,5,majority_baseline,1,0.600982375,0.009845366624
2024-02-23,5,random_forest,1,0.5347203613,0.009845366624
2024-02-26,5,catboost,1,0.6695901785,0.01247059768
2024-02-26,5,logistic_regression,1,0.5894397048,0.01247059768
2024-02-26,5,majority_baseline,1,0.600982375,0.01247059768
2024-02-26,5,random_forest,1,0.5534759917,0.01247059768
2024-02-27,5,catboost,1,0.7057325886,0.0004931647439
2024-02-27,5,logistic_regression,1,0.5956210447,0.0004931647439
2024-02-27,5,majority_baseline,1,0.600982375,0.0004931647439
2024-02-27,5,random_forest,1,0.5516668114,0.0004931647439
2024-02-28,5,catboost,1,0.6860793182,0.006893671498
2024-02-28,5,logistic_regression,1,0.6134962189,0.006893671498
2024-02-28,5,majority_baseline,1,0.600982375,0.006893671498
2024-02-28,5,random_forest,1,0.5410413951,0.006893671498
2024-02-29,5,catboost,1,0.6412446047,0.01324596752
2024-02-29,5,logistic_regression,1,0.5821288237,0.01324596752
2024-02-29,5,majority_baseline,1,0.600982375,0.01324596752
2024-02-29,5,random_forest,1,0.5069944023,0.01324596752
2024-03-01,5,catboost,0,0.53987118,-0.002203323494
2024-03-01,5,logistic_regression,0,0.5321290322,-0.002203323494
2024-03-01,5,majority_baseline,0,0.600982375,-0.002203323494
2024-03-01,5,random_forest,0,0.4560772537,-0.002203323494
2024-03-04,5,catboost,0,0.6788175685,-0.001990999462
2024-03-04,5,logistic_regression,0,0.5848977693,-0.001990999462
2024-03-04,5,majority_baseline,0,0.600982375,-0.001990999462
2024-03-04,5,random_forest,0,0.5461885389,-0.001990999462
2024-03-05,5,catboost,1,0.654494025,0.01892826361
2024-03-05,5,logistic_regression,1,0.6200381441,0.01892826361
2024-03-05,5,majority_baseline,1,0.600982375,0.01892826361
2024-03-05,5,random_forest,1,0.5071526545,0.01892826361
2024-03-06,5,catboost,1,0.6174421922,0.01220200235
2024-03-06,5,logistic_regression,1,0.5847468029,0.01220200235
2024-03-06,5,majority_baseline,1,0.600982375,0.01220200235
2024-03-06,5,random_forest,1,0.5119735608,0.01220200235
2024-03-07,5,catboost,1,0.6004953535,0.0002719733507
2024-03-07,5,logistic_regression,1,0.5582442432,0.0002719733507
2024-03-07,5,majority_baseline,1,0.600982375,0.0002719733507
2024-03-07,5,random_forest,1,0.4910588599,0.0002719733507
2024-03-08,5,catboost,0,0.6224385979,-0.003693454615
2024-03-08,5,logistic_regression,0,0.5507620504,-0.003693454615
2024-03-08,5,majority_baseline,0,0.600982375,-0.003693454615
2024-03-08,5,random_forest,0,0.4977978564,-0.003693454615
2024-03-11,5,catboost,1,0.6717430219,0.003090257009
2024-03-11,5,logistic_regression,1,0.5685461549,0.003090257009
2024-03-11,5,majority_baseline,1,0.600982375,0.003090257009
2024-03-11,5,random_forest,1,0.5265303831,0.003090257009
2024-03-12,5,catboost,0,0.5778703523,-0.002070527573
2024-03-12,5,logistic_regression,0,0.5552488732,-0.002070527573
2024-03-12,5,majority_baseline,0,0.600982375,-0.002070527573
2024-03-12,5,random_forest,0,0.4796254178,-0.002070527573
2024-03-13,5,catboost,1,0.6603146027,0.008740837754
2024-03-13,5,logistic_regression,1,0.5931268674,0.008740837754
2024-03-13,5,majority_baseline,1,0.600982375,0.008740837754
2024-03-13,5,random_forest,1,0.5434022232,0.008740837754
2024-03-14,5,catboost,1,0.6640735598,0.01407903647
2024-03-14,5,logistic_regression,1,0.5353051312,0.01407903647
2024-03-14,5,majority_baseline,1,0.600982375,0.01407903647
2024-03-14,5,random_forest,1,0.5142627877,0.01407903647
2024-03-15,5,catboost,1,0.6210841128,0.0223212359
2024-03-15,5,logistic_regression,1,0.4927367511,0.0223212359
2024-03-15,5,majority_baseline,1,0.600982375,0.0223212359
2024-03-15,5,random_forest,1,0.4996914287,0.0223212359
2024-03-18,5,catboost,1,0.5620022876,0.01347352942
2024-03-18,5,logistic_regression,1,0.5226746438,0.01347352942
2024-03-18,5,majority_baseline,1,0.600982375,0.01347352942
2024-03-18,5,random_forest,1,0.4922185643,0.01347352942
2024-03-19,5,catboost,1,0.6109150515,0.006011082717
2024-03-19,5,logistic_regression,1,0.5849670022,0.006011082717
2024-03-19,5,majority_baseline,1,0.600982375,0.006011082717
2024-03-19,5,random_forest,1,0.5072065954,0.006011082717
2024-03-20,5,catboost,1,0.5739430436,0.005168310984
2024-03-20,5,logistic_regression,1,0.5846957321,0.005168310984
2024-03-20,5,majority_baseline,1,0.600982375,0.005168310984
2024-03-20,5,random_forest,1,0.484261983,0.005168310984
2024-03-21,5,catboost,1,0.4676498509,0.001666018919
2024-03-21,5,logistic_regression,1,0.5648620541,0.001666018919
2024-03-21,5,majority_baseline,1,0.600982375,0.001666018919
2024-03-21,5,random_forest,1,0.4526621252,0.001666018919
2024-03-22,5,catboost,1,0.4980140242,0.001822587939
2024-03-22,5,logistic_regression,1,0.5744310066,0.001822587939
2024-03-22,5,majority_baseline,1,0.600982375,0.001822587939
2024-03-22,5,random_forest,1,0.4612893459,0.001822587939
2024-03-25,5,catboost,0,0.5495883445,-0.001789238635
2024-03-25,5,logistic_regression,0,0.6100124139,-0.001789238635
2024-03-25,5,majority_baseline,0,0.600982375,-0.001789238635
2024-03-25,5,random_forest,0,0.4911026591,-0.001789238635
2024-03-26,5,catboost,1,0.5991951355,0.001156445525
2024-03-26,5,logistic_regression,1,0.6173124719,0.001156445525
2024-03-26,5,majority_baseline,1,0.600982375,0.001156445525
2024-03-26,5,random_forest,1,0.4913486889,0.001156445525
2024-03-27,5,catboost,0,0.5868041756,-0.0193053423
2024-03-27,5,logistic_regression,0,0.5652935752,-0.0193053423
2024-03-27,5,majority_baseline,0,0.600982375,-0.0193053423
2024-03-27,5,random_forest,0,0.4805495304,-0.0193053423
2024-03-28,5,catboost,0,0.5936766721,-0.00887073343
2024-03-28,5,logistic_regression,0,0.53197172,-0.00887073343
2024-03-28,5,majority_baseline,0,0.600982375,-0.00887073343
2024-03-28,5,random_forest,0,0.4799002801,-0.00887073343
2024-04-01,5,catboost,0,0.5876543424,-0.006588023934
2024-04-01,5,logistic_regression,0,0.5975386828,-0.006588023934
2024-04-01,5,majority_baseline,0,0.600982375,-0.006588023934
2024-04-01,5,random_forest,0,0.5091518385,-0.006588023934
2024-04-02,5,catboost,1,0.6400912459,0.0009251028739
2024-04-02,5,logistic_regression,1,0.6129495334,0.0009251028739
2024-04-02,5,majority_baseline,1,0.600982375,0.0009251028739
2024-04-02,5,random_forest,1,0.5131744692,0.0009251028739
2024-04-03,5,catboost,0,0.5649853699,-0.01018459074
2024-04-03,5,logistic_regression,0,0.6217796473,-0.01018459074
2024-04-03,5,majority_baseline,0,0.600982375,-0.01018459074
2024-04-03,5,random_forest,0,0.4839064967,-0.01018459074
2024-04-04,5,catboost,1,0.7113054431,0.009608810942
2024-04-04,5,logistic_regression,1,0.6140769101,0.009608810942
2024-04-04,5,majority_baseline,1,0.600982375,0.009608810942
2024-04-04,5,random_forest,1,0.5193273986,0.009608810942
2024-04-05,5,catboost,0,0.648610934,-0.01462104181
2024-04-05,5,logistic_regression,0,0.5715712319,-0.01462104181
2024-04-05,5,majority_baseline,0,0.600982375,-0.01462104181
2024-04-05,5,random_forest,0,0.5025108045,-0.01462104181
2024-04-08,5,catboost,0,0.509592778,-0.02750994623
2024-04-08,5,logistic_regression,0,0.6083831005,-0.02750994623
2024-04-08,5,majority_baseline,0,0.600982375,-0.02750994623
2024-04-08,5,random_forest,0,0.483428136,-0.02750994623
2024-04-09,5,catboost,0,0.5336875529,-0.03040516113
2024-04-09,5,logistic_regression,0,0.6352552522,-0.03040516113
2024-04-09,5,majority_baseline,0,0.600982375,-0.03040516113
2024-04-09,5,random_forest,0,0.4663342476,-0.03040516113
2024-04-10,5,catboost,0,0.6517178503,-0.02639463049
2024-04-10,5,logistic_regression,0,0.6042343397,-0.02639463049
2024-04-10,5,majority_baseline,0,0.600982375,-0.02639463049
2024-04-10,5,random_forest,0,0.5037415605,-0.02639463049
2024-04-11,5,catboost,0,0.5602096689,-0.03567569691
2024-04-11,5,logistic_regression,0,0.5926478929,-0.03567569691
2024-04-11,5,majority_baseline,0,0.600982375,-0.03567569691
2024-04-11,5,random_forest,0,0.4969702245,-0.03567569691
2024-04-12,5,catboost,0,0.6268533028,-0.03071352102
2024-04-12,5,logistic_regression,0,0.5851237186,-0.03071352102
2024-04-12,5,majority_baseline,0,0.600982375,-0.03071352102
2024-04-12,5,random_forest,0,0.4969559937,-0.03071352102
2024-04-15,5,catboost,0,0.6774539923,-0.009376570296
2024-04-15,5,logistic_regression,0,0.6008125758,-0.009376570296
2024-04-15,5,majority_baseline,0,0.600982375,-0.009376570296
2024-04-15,5,random_forest,0,0.5022328687,-0.009376570296
2024-04-16,5,catboost,1,0.6751269777,0.004210265734
2024-04-16,5,logistic_regression,1,0.614833294,0.004210265734
2024-04-16,5,majority_baseline,1,0.600982375,0.004210265734
2024-04-16,5,random_forest,1,0.5119200776,0.004210265734
2024-04-17,5,catboost,1,0.6419572532,0.00970935175
2024-04-17,5,logistic_regression,1,0.6263964702,0.00970935175
2024-04-17,5,majority_baseline,1,0.600982375,0.00970935175
2024-04-17,5,random_forest,1,0.5102398371,0.00970935175
2024-04-18,5,catboost,1,0.6625490451,0.007947632302
2024-04-18,5,logistic_regression,1,0.6347000784,0.007947632302
2024-04-18,5,majority_baseline,1,0.600982375,0.007947632302
2024-04-18,5,random_forest,1,0.5163115,0.007947632302
2024-04-19,5,catboost,1,0.6681158052,0.02645610712
2024-04-19,5,logistic_regression,1,0.5894406813,0.02645610712
2024-04-19,5,majority_baseline,1,0.600982375,0.02645610712
2024-04-19,5,random_forest,1,0.5209602781,0.02645610712
2024-04-22,5,catboost,1,0.6774224423,0.02069158004
2024-04-22,5,logistic_regression,1,0.6072879467,0.02069158004
2024-04-22,5,majority_baseline,1,0.600982375,0.02069158004
2024-04-22,5,random_forest,1,0.5222317849,0.02069158004
2024-04-23,5,catboost,0,0.6183629544,-0.007257951042
2024-04-23,5,logistic_regression,0,0.6080741547,-0.007257951042
2024-04-23,5,majority_baseline,0,0.600982375,-0.007257951042
2024-04-23,5,random_forest,0,0.5029368263,-0.007257951042
2024-04-24,5,catboost,0,0.5756869354,-0.01001166887
2024-04-24,5,logistic_regression,0,0.6386907976,-0.01001166887
2024-04-24,5,majority_baseline,0,0.600982375,-0.01001166887
2024-04-24,5,random_forest,0,0.510949389,-0.01001166887
2024-04-25,5,catboost,1,0.6099604992,0.003058667759
2024-04-25,5,logistic_regression,1,0.6319824867,0.003058667759
2024-04-25,5,majority_baseline,1,0.600982375,0.003058667759
2024-04-25,5,random_forest,1,0.5056330916,0.003058667759
2024-04-26,5,catboost,1,0.6573638275,0.005961513087
2024-04-26,5,logistic_regression,1,0.6125847877,0.005961513087
2024-04-26,5,majority_baseline,1,0.600982375,0.005961513087
2024-04-26,5,random_forest,1,0.5273166507,0.005961513087
2024-04-29,5,catboost,1,0.6640984093,0.01276322341
2024-04-29,5,logistic_regression,1,0.6471222155,0.01276322341
2024-04-29,5,majority_baseline,1,0.600982375,0.01276322341
2024-04-29,5,random_forest,1,0.5722745918,0.01276322341
2024-04-30,5,catboost,1,0.6092823599,0.0302004129
2024-04-30,5,logistic_regression,1,0.6709538159,0.0302004129
2024-04-30,5,majority_baseline,1,0.600982375,0.0302004129
2024-04-30,5,random_forest,1,0.5162884494,0.0302004129
2024-05-01,5,catboost,1,0.5916554675,0.03365643269
2024-05-01,5,logistic_regression,1,0.6382994749,0.03365643269
2024-05-01,5,majority_baseline,1,0.600982375,0.03365643269
2024-05-01,5,random_forest,1,0.5056151636,0.03365643269
2024-05-02,5,catboost,1,0.7160067995,0.02997838571
2024-05-02,5,logistic_regression,1,0.6416747137,0.02997838571
2024-05-02,5,majority_baseline,1,0.600982375,0.02997838571
2024-05-02,5,random_forest,1,0.5399213877,0.02997838571
2024-05-03,5,catboost,1,0.6867745354,0.0186782809
2024-05-03,5,logistic_regression,1,0.6157003258,0.0186782809
2024-05-03,5,majority_baseline,1,0.600982375,0.0186782809
2024-05-03,5,random_forest,1,0.5272652692,0.0186782809
2024-05-06,5,catboost,1,0.837421326,0.008401505582
2024-05-06,5,logistic_regression,1,0.6297276201,0.008401505582
2024-05-06,5,majority_baseline,1,0.600982375,0.008401505582
2024-05-06,5,random_forest,1,0.6336539174,0.008401505582
2024-05-07,5,catboost,1,0.7542752784,0.01191161586
2024-05-07,5,logistic_regression,1,0.6312282569,0.01191161586
2024-05-07,5,majority_baseline,1,0.600982375,0.01191161586
2024-05-07,5,random_forest,1,0.5856161333,0.01191161586
2024-05-08,5,catboost,1,0.8303789602,0.02434313665
2024-05-08,5,logistic_regression,1,0.644540873,0.02434313665
2024-05-08,5,majority_baseline,1,0.600982375,0.02434313665
2024-05-08,5,random_forest,1,0.6269580391,0.02434313665
2024-05-09,5,catboost,1,0.7504234919,0.01637929865
2024-05-09,5,logistic_regression,1,0.6437672062,0.01637929865
2024-05-09,5,majority_baseline,1,0.600982375,0.01637929865
2024-05-09,5,random_forest,1,0.592937674,0.01637929865
2024-05-10,5,catboost,1,0.7373696118,0.01653095933
2024-05-10,5,logistic_regression,1,0.6303024691,0.01653095933
2024-05-10,5,majority_baseline,1,0.600982375,0.01653095933
2024-05-10,5,random_forest,1,0.5768750491,0.01653095933
2024-05-13,5,catboost,1,0.6787789452,0.01756546231
2024-05-13,5,logistic_regression,1,0.6412479549,0.01756546231
2024-05-13,5,majority_baseline,1,0.600982375,0.01756546231
2024-05-13,5,random_forest,1,0.6016533655,0.01756546231
2024-05-14,5,catboost,1,0.7406082713,0.01540225069
2024-05-14,5,logistic_regression,1,0.6613184008,0.01540225069
2024-05-14,5,majority_baseline,1,0.600982375,0.01540225069
2024-05-14,5,random_forest,1,0.5603873649,0.01540225069
2024-05-15,5,catboost,1,0.6169130771,9.43557651e-05
2024-05-15,5,logistic_regression,1,0.6168928842,9.43557651e-05
2024-05-15,5,majority_baseline,1,0.600982375,9.43557651e-05
2024-05-15,5,random_forest,1,0.5244645895,9.43557651e-05
2024-05-16,5,catboost,0,0.6813019562,-0.005163669424
2024-05-16,5,logistic_regression,0,0.624771461,-0.005163669424
2024-05-16,5,majority_baseline,0,0.600982375,-0.005163669424
2024-05-16,5,random_forest,0,0.5682155296,-0.005163669424
2024-05-17,5,catboost,0,0.6232957175,-1.890603413e-05
2024-05-17,5,logistic_regression,0,0.6190766764,-1.890603413e-05
2024-05-17,5,majority_baseline,0,0.600982375,-1.890603413e-05
2024-05-17,5,random_forest,0,0.5537101098,-1.890603413e-05
2024-05-20,5,catboost,0,0.7399924593,-0.0004716447216
2024-05-20,5,logistic_regression,0,0.6308869421,-0.0004716447216
2024-05-20,5,majority_baseline,0,0.600982375,-0.0004716447216
2024-05-20,5,random_forest,0,0.5930192045,-0.0004716447216
2024-05-21,5,catboost,0,0.6522323735,-0.009899145484
2024-05-21,5,logistic_regression,0,0.6455098352,-0.009899145484
2024-05-21,5,majority_baseline,0,0.600982375,-0.009899145484
2024-05-21,5,random_forest,0,0.5707178354,-0.009899145484
2024-05-22,5,catboost,0,0.6222536661,-0.01362707183
2024-05-22,5,logistic_regression,0,0.6497205003,-0.01362707183
2024-05-22,5,majority_baseline,0,0.600982375,-0.01362707183
2024-05-22,5,random_forest,0,0.5452087767,-0.01362707183
2024-05-23,5,catboost,1,0.6386494168,0.002680760972
2024-05-23,5,logistic_regression,1,0.6264750965,0.002680760972
2024-05-23,5,majority_baseline,1,0.600982375,0.002680760972
2024-05-23,5,random_forest,1,0.5161865117,0.002680760972
2024-05-24,5,catboost,0,0.6409332564,-0.003097640134
2024-05-24,5,logistic_regression,0,0.6136153884,-0.003097640134
2024-05-24,5,majority_baseline,0,0.600982375,-0.003097640134
2024-05-24,5,random_forest,0,0.5482508159,-0.003097640134
2024-05-28,5,catboost,0,0.6005469522,-0.002680174037
2024-05-28,5,logistic_regression,0,0.6315051923,-0.002680174037
2024-05-28,5,majority_baseline,0,0.600982375,-0.002680174037
2024-05-28,5,random_forest,0,0.5352745878,-0.002680174037
2024-05-29,5,catboost,1,0.6306975516,0.0162896934
2024-05-29,5,logistic_regression,1,0.651605659,0.0162896934
2024-05-29,5,majority_baseline,1,0.600982375,0.0162896934
2024-05-29,5,random_forest,1,0.5027832813,0.0162896934
2024-05-30,5,catboost,1,0.5802858059,0.02305732389
2024-05-30,5,logistic_regression,1,0.6345770459,0.02305732389
2024-05-30,5,majority_baseline,1,0.600982375,0.02305732389
2024-05-30,5,random_forest,1,0.4802407949,0.02305732389
2024-05-31,5,catboost,1,0.5292897457,0.01259080866
2024-05-31,5,logistic_regression,1,0.5563700083,0.01259080866
2024-05-31,5,majority_baseline,1,0.600982375,0.01259080866
2024-05-31,5,random_forest,1,0.4566609118,0.01259080866
2024-06-03,5,catboost,1,0.505711413,0.01489197704
2024-06-03,5,logistic_regression,1,0.5744850015,0.01489197704
2024-06-03,5,majority_baseline,1,0.600982375,0.01489197704
2024-06-03,5,random_forest,1,0.4569565815,0.01489197704
2024-06-04,5,catboost,1,0.5447634614,0.0162001502
2024-06-04,5,logistic_regression,1,0.6199622899,0.0162001502
2024-06-04,5,majority_baseline,1,0.600982375,0.0162001502
2024-06-04,5,random_forest,1,0.4694457565,0.0162001502
2024-06-05,5,catboost,1,0.5994069743,0.0125123959
2024-06-05,5,logistic_regression,1,0.6010926701,0.0125123959
2024-06-05,5,majority_baseline,1,0.600982375,0.0125123959
2024-06-05,5,random_forest,1,0.4761266971,0.0125123959
2024-06-06,5,catboost,1,0.6515267969,0.01457008097
2024-06-06,5,logistic_regression,1,0.6045927382,0.01457008097
2024-06-06,5,majority_baseline,1,0.600982375,0.01457008097
2024-06-06,5,random_forest,1,0.512643171,0.01457008097
2024-06-07,5,catboost,1,0.6075334477,0.01642294964
2024-06-07,5,logistic_regression,1,0.638588684,0.01642294964
2024-06-07,5,majority_baseline,1,0.600982375,0.01642294964
2024-06-07,5,random_forest,1,0.5043628296,0.01642294964
2024-06-10,5,catboost,1,0.5607158553,0.02135683657
2024-06-10,5,logistic_regression,1,0.6072877064,0.02135683657
2024-06-10,5,majority_baseline,1,0.600982375,0.02135683657
2024-06-10,5,random_forest,1,0.474762451,0.02135683657
2024-06-11,5,catboost,1,0.5655773153,0.02149171755
2024-06-11,5,logistic_regression,1,0.6179220835,0.02149171755
2024-06-11,5,majority_baseline,1,0.600982375,0.02149171755
2024-06-11,5,random_forest,1,0.4724928496,0.02149171755
2024-06-12,5,catboost,1,0.5735104498,0.01041823325
2024-06-12,5,logistic_regression,1,0.584330154,0.01041823325
2024-06-12,5,majority_baseline,1,0.600982375,0.01041823325
2024-06-12,5,random_forest,1,0.4676531653,0.01041823325
2024-06-13,5,catboost,1,0.5357047833,0.003797580521
2024-06-13,5,logistic_regression,1,0.5739102527,0.003797580521
2024-06-13,5,majority_baseline,1,0.600982375,0.003797580521
2024-06-13,5,random_forest,1,0.4618794997,0.003797580521
2024-06-14,5,catboost,0,0.5302998421,-7.37667155e-05
2024-06-14,5,logistic_regression,0,0.5950516055,-7.37667155e-05
2024-06-14,5,majority_baseline,0,0.600982375,-7.37667155e-05
2024-06-14,5,random_forest,0,0.4611157048,-7.37667155e-05
2024-06-17,5,catboost,0,0.3644182461,-0.004149074395
2024-06-17,5,logistic_regression,0,0.5770756663,-0.004149074395
2024-06-17,5,majority_baseline,0,0.600982375,-0.004149074395
2024-06-17,5,random_forest,0,0.4050041024,-0.004149074395
2024-06-18,5,catboost,0,0.4851954387,-0.005433062505
2024-06-18,5,logistic_regression,0,0.5670703668,-0.005433062505
2024-06-18,5,majority_baseline,0,0.600982375,-0.005433062505
2024-06-18,5,random_forest,0,0.4254123675,-0.005433062505
2024-06-20,5,catboost,0,0.5568345717,-0.001151745704
2024-06-20,5,logistic_regression,0,0.5569019246,-0.001151745704
2024-06-20,5,majority_baseline,0,0.600982375,-0.001151745704
2024-06-20,5,random_forest,0,0.4803774216,-0.001151745704
2024-06-21,5,catboost,0,0.5820261419,-0.0005326607313
2024-06-21,5,logistic_regression,0,0.5355100671,-0.0005326607313
2024-06-21,5,majority_baseline,0,0.600982375,-0.0005326607313
2024-06-21,5,random_forest,0,0.5138119995,-0.0005326607313
2024-06-24,5,catboost,1,0.6492592939,0.004790575132
2024-06-24,5,logistic_regression,1,0.5885199794,0.004790575132
2024-06-24,5,majority_baseline,1,0.600982375,0.004790575132
2024-06-24,5,random_forest,1,0.5115615554,0.004790575132
2024-06-25,5,catboost,1,0.548565291,0.007672104269
2024-06-25,5,logistic_regression,1,0.5997450209,0.007672104269
2024-06-25,5,majority_baseline,1,0.600982375,0.007672104269
2024-06-25,5,random_forest,1,0.4695630771,0.007672104269
2024-06-26,5,catboost,1,0.5473436068,0.0109072466
2024-06-26,5,logistic_regression,1,0.6081018114,0.0109072466
2024-06-26,5,majority_baseline,1,0.600982375,0.0109072466
2024-06-26,5,random_forest,1,0.4682546921,0.0109072466
2024-06-27,5,catboost,1,0.5610403753,0.0151362988
2024-06-27,5,logistic_regression,1,0.6074295729,0.0151362988
2024-06-27,5,majority_baseline,1,0.600982375,0.0151362988
2024-06-27,5,random_forest,1,0.4584129238,0.0151362988
2024-06-28,5,catboost,1,0.6313802778,0.0203227724
2024-06-28,5,logistic_regression,1,0.6145657312,0.0203227724
2024-06-28,5,majority_baseline,1,0.600982375,0.0203227724
2024-06-28,5,random_forest,1,0.5038349744,0.0203227724
2024-07-01,5,catboost,1,0.5748189633,0.01921733209
2024-07-01,5,logistic_regression,1,0.5823678162,0.01921733209
2024-07-01,5,majority_baseline,1,0.600982375,0.01921733209
2024-07-01,5,random_forest,1,0.4798576743,0.01921733209
2024-07-02,5,catboost,1,0.491877015,0.02242217315
2024-07-02,5,logistic_regression,1,0.5956263318,0.02242217315
2024-07-02,5,majority_baseline,1,0.600982375,0.02242217315
2024-07-02,5,random_forest,1,0.452921855,0.02242217315
2024-07-03,5,catboost,1,0.5223119132,0.009103032495
2024-07-03,5,logistic_regression,1,0.5980864393,0.009103032495
2024-07-03,5,majority_baseline,1,0.600982375,0.009103032495
2024-07-03,5,random_forest,1,0.4614701532,0.009103032495
2024-07-05,5,catboost,1,0.5906887304,0.009645852191
2024-07-05,5,logistic_regression,1,0.6009478926,0.009645852191
2024-07-05,5,majority_baseline,1,0.600982375,0.009645852191
2024-07-05,5,random_forest,1,0.4699433162,0.009645852191
2024-07-08,5,catboost,1,0.5880240915,0.01125558218
2024-07-08,5,logistic_regression,1,0.6023551421,0.01125558218
2024-07-08,5,majority_baseline,1,0.600982375,0.01125558218
2024-07-08,5,random_forest,1,0.467446644,0.01125558218
2024-07-09,5,catboost,1,0.6362404172,0.0162642186
2024-07-09,5,logistic_regression,1,0.6285859355,0.0162642186
2024-07-09,5,majority_baseline,1,0.600982375,0.0162642186
2024-07-09,5,random_forest,1,0.4832964185,0.0162642186
2024-07-10,5,catboost,0,0.5168665956,-0.00780304433
2024-07-10,5,logistic_regression,0,0.6258929649,-0.00780304433
2024-07-10,5,majority_baseline,0,0.600982375,-0.00780304433
2024-07-10,5,random_forest,0,0.4288481598,-0.00780304433
2024-07-11,5,catboost,0,0.5864928433,-0.006864590882
2024-07-11,5,logistic_regression,0,0.6032166128,-0.006864590882
2024-07-11,5,majority_baseline,0,0.600982375,-0.006864590882
2024-07-11,5,random_forest,0,0.4637344283,-0.006864590882
2024-07-12,5,catboost,0,0.5237713881,-0.01964320826
2024-07-12,5,logistic_regression,0,0.5699668643,-0.01964320826
2024-07-12,5,majority_baseline,0,0.600982375,-0.01964320826
2024-07-12,5,random_forest,0,0.4783536145,-0.01964320826
2024-07-15,5,catboost,0,0.4887185683,-0.0122522475
2024-07-15,5,logistic_regression,0,0.5895087224,-0.0122522475
2024-07-15,5,majority_baseline,0,0.600982375,-0.0122522475
2024-07-15,5,random_forest,0,0.4430873226,-0.0122522475
2024-07-16,5,catboost,0,0.510691081,-0.01961540273
2024-07-16,5,logistic_regression,0,0.602884484,-0.01961540273
2024-07-16,5,majority_baseline,0,0.600982375,-0.01961540273
2024-07-16,5,random_forest,0,0.4469465348,-0.01961540273
2024-07-17,5,catboost,0,0.6862353458,-0.0282077456
2024-07-17,5,logistic_regression,0,0.5998686716,-0.0282077456
2024-07-17,5,majority_baseline,0,0.600982375,-0.0282077456
2024-07-17,5,random_forest,0,0.5242178477,-0.0282077456
2024-07-18,5,catboost,0,0.6051552559,-0.02578438949
2024-07-18,5,logistic_regression,0,0.5860464252,-0.02578438949
2024-07-18,5,majority_baseline,0,0.600982375,-0.02578438949
2024-07-18,5,random_forest,0,0.4711431532,-0.02578438949
2024-07-19,5,catboost,0,0.6136516518,-0.008287924882
2024-07-19,5,logistic_regression,0,0.5576146241,-0.008287924882
2024-07-19,5,majority_baseline,0,0.600982375,-0.008287924882
2024-07-19,5,random_forest,0,0.4813925959,-0.008287924882
2024-07-22,5,catboost,0,0.6253986088,-0.01783109017
2024-07-22,5,logistic_regression,0,0.5650922623,-0.01783109017
2024-07-22,5,majority_baseline,0,0.600982375,-0.01783109017
2024-07-22,5,random_forest,0,0.4989143151,-0.01783109017
2024-07-23,5,catboost,0,0.55597703,-0.02127203705
2024-07-23,5,logistic_regression,0,0.6032523358,-0.02127203705
2024-07-23,5,majority_baseline,0,0.600982375,-0.02127203705
2024-07-23,5,random_forest,0,0.4842807975,-0.02127203705
2024-07-24,5,catboost,1,0.6182676425,0.01770045534
2024-07-24,5,logistic_regression,1,0.6150575469,0.01770045534
2024-07-24,5,majority_baseline,1,0.600982375,0.01770045534
2024-07-24,5,random_forest,1,0.5074642442,0.01770045534
2024-07-25,5,catboost,1,0.6725659583,0.008543743485
2024-07-25,5,logistic_regression,1,0.5850323184,0.008543743485
2024-07-25,5,majority_baseline,1,0.600982375,0.008543743485
2024-07-25,5,random_forest,1,0.5049687092,0.008543743485
2024-07-26,5,catboost,0,0.5028423044,-0.02119605089
2024-07-26,5,logistic_regression,0,0.5569134347,-0.02119605089
2024-07-26,5,majority_baseline,0,0.600982375,-0.02119605089
2024-07-26,5,random_forest,0,0.4758359756,-0.02119605089
2024-07-29,5,catboost,0,0.5848367986,-0.05026067334
2024-07-29,5,logistic_regression,0,0.580488529,-0.05026067334
2024-07-29,5,majority_baseline,0,0.600982375,-0.05026067334
2024-07-29,5,random_forest,0,0.5117290012,-0.05026067334
2024-07-30,5,catboost,0,0.5907915981,-0.03662357122
2024-07-30,5,logistic_regression,0,0.6047656261,-0.03662357122
2024-07-30,5,majority_baseline,0,0.600982375,-0.03662357122
2024-07-30,5,random_forest,0,0.5029832715,-0.03662357122
2024-07-31,5,catboost,0,0.5382783976,-0.05836862918
2024-07-31,5,logistic_regression,0,0.5401564713,-0.05836862918
2024-07-31,5,majority_baseline,0,0.600982375,-0.05836862918
2024-07-31,5,random_forest,0,0.4867147816,-0.05836862918
2024-08-01,5,catboost,0,0.577216451,-0.02276198445
2024-08-01,5,logistic_regression,0,0.5515880039,-0.02276198445
2024-08-01,5,majority_baseline,0,0.600982375,-0.02276198445
2024-08-01,5,random_forest,0,0.4822677067,-0.02276198445
2024-08-02,5,catboost,1,0.5081634497,0.000168823036
2024-08-02,5,logistic_regression,1,0.5715966785,0.000168823036
2024-08-02,5,majority_baseline,1,0.600982375,0.000168823036
2024-08-02,5,random_forest,1,0.493359592,0.000168823036
2024-08-05,5,catboost,1,0.7239100592,0.03071246366
2024-08-05,5,logistic_regression,1,0.5813061823,0.03071246366
2024-08-05,5,majority_baseline,1,0.600982375,0.03071246366
2024-08-05,5,random_forest,1,0.5927011931,0.03071246366
2024-08-06,5,catboost,1,0.7037187376,0.03809241151
2024-08-06,5,logistic_regression,1,0.5605405735,0.03809241151
2024-08-06,5,majority_baseline,1,0.600982375,0.03809241151
2024-08-06,5,random_forest,1,0.5376591387,0.03809241151
2024-08-07,5,catboost,1,0.6901242489,0.04837471215
2024-08-07,5,logistic_regression,1,0.6154050245,0.04837471215
2024-08-07,5,majority_baseline,1,0.600982375,0.04837471215
2024-08-07,5,random_forest,1,0.5420986317,0.04837471215
2024-08-08,5,catboost,1,0.5874194718,0.0422500365
2024-08-08,5,logistic_regression,1,0.590386927,0.0422500365
2024-08-08,5,majority_baseline,1,0.600982375,0.0422500365
2024-08-08,5,random_forest,1,0.4784602971,0.0422500365
2024-08-09,5,catboost,1,0.6896831709,0.0400007651
2024-08-09,5,logistic_regression,1,0.5711733092,0.0400007651
2024-08-09,5,majority_baseline,1,0.600982375,0.0400007651
2024-08-09,5,random_forest,1,0.5291622358,0.0400007651
2024-08-12,5,catboost,1,0.6557304678,0.04939329971
2024-08-12,5,logistic_regression,1,0.5983435585,0.04939329971
2024-08-12,5,majority_baseline,1,0.600982375,0.04939329971
2024-08-12,5,random_forest,1,0.5320817478,0.04939329971
2024-08-13,5,catboost,1,0.6713015639,0.0307358034
2024-08-13,5,logistic_regression,1,0.5789307903,0.0307358034
2024-08-13,5,majority_baseline,1,0.600982375,0.0307358034
2024-08-13,5,random_forest,1,0.5216575779,0.0307358034
2024-08-14,5,catboost,1,0.7036106945,0.03102527834
2024-08-14,5,logistic_regression,1,0.5489795185,0.03102527834
2024-08-14,5,majority_baseline,1,0.600982375,0.03102527834
2024-08-14,5,random_forest,1,0.5349831725,0.03102527834
2024-08-15,5,catboost,1,0.70163226,0.005695415333
2024-08-15,5,logistic_regression,1,0.5628696216,0.005695415333
2024-08-15,5,majority_baseline,1,0.600982375,0.005695415333
2024-08-15,5,random_forest,1,0.5388997244,0.005695415333
2024-08-16,5,catboost,1,0.792924936,0.01410764254
2024-08-16,5,logistic_regression,1,0.5710159785,0.01410764254
2024-08-16,5,majority_baseline,1,0.600982375,0.01410764254
2024-08-16,5,random_forest,1,0.5872848818,0.01410764254
2024-08-19,5,catboost,1,0.7937068232,0.002108598186
2024-08-19,5,logistic_regression,1,0.6223082996,0.002108598186
2024-08-19,5,majority_baseline,1,0.600982375,0.002108598186
2024-08-19,5,random_forest,1,0.5897469933,0.002108598186
2024-08-20,5,catboost,1,0.8656639394,0.005119000067
2024-08-20,5,logistic_regression,1,0.6226739716,0.005119000067
2024-08-20,5,majority_baseline,1,0.600982375,0.005119000067
2024-08-20,5,random_forest,1,0.6199715407,0.005119000067
2024-08-21,5,catboost,0,0.8127613229,-0.004138288538
2024-08-21,5,logistic_regression,0,0.6670257855,-0.004138288538
2024-08-21,5,majority_baseline,0,0.600982375,-0.004138288538
2024-08-21,5,random_forest,0,0.5905212439,-0.004138288538
2024-08-22,5,catboost,1,0.6457461893,0.003829429025
2024-08-22,5,logistic_regression,1,0.6448057115,0.003829429025
2024-08-22,5,majority_baseline,1,0.600982375,0.003829429025
2024-08-22,5,random_forest,1,0.5370365592,0.003829429025
2024-08-23,5,catboost,1,0.7540186038,0.002757347565
2024-08-23,5,logistic_regression,1,0.5946179873,0.002757347565
2024-08-23,5,majority_baseline,1,0.600982375,0.002757347565
2024-08-23,5,random_forest,1,0.5548579455,0.002757347565
2024-08-26,5,catboost,0,0.7452989291,-0.01553159158
2024-08-26,5,logistic_regression,0,0.6052895384,-0.01553159158
2024-08-26,5,majority_baseline,0,0.600982375,-0.01553159158
2024-08-26,5,random_forest,0,0.6051629398,-0.01553159158
2024-08-27,5,catboost,0,0.732282446,-0.01889376994
2024-08-27,5,logistic_regression,0,0.6099486993,-0.01889376994
2024-08-27,5,majority_baseline,0,0.600982375,-0.01889376994
2024-08-27,5,random_forest,0,0.5745569662,-0.01889376994
2024-08-28,5,catboost,0,0.6722065628,-0.015565113
2024-08-28,5,logistic_regression,0,0.6216909074,-0.015565113
2024-08-28,5,majority_baseline,0,0.600982375,-0.015565113
2024-08-28,5,random_forest,0,0.5499992981,-0.015565113
2024-08-29,5,catboost,0,0.6418258571,-0.03221991759
2024-08-29,5,logistic_regression,0,0.5932536715,-0.03221991759
2024-08-29,5,majority_baseline,0,0.600982375,-0.03221991759
2024-08-29,5,random_forest,0,0.5360352423,-0.03221991759
2024-08-30,5,catboost,0,0.6875615501,-0.03063798578
2024-08-30,5,logistic_regression,0,0.5959528314,-0.03063798578
2024-08-30,5,majority_baseline,0,0.600982375,-0.03063798578
2024-08-30,5,random_forest,0,0.5436468289,-0.03063798578
2024-09-03,5,catboost,0,0.591004576,-0.005959351902
2024-09-03,5,logistic_regression,0,0.5982230429,-0.005959351902
2024-09-03,5,majority_baseline,0,0.600982375,-0.005959351902
2024-09-03,5,random_forest,0,0.5033638725,-0.005959351902
2024-09-04,5,catboost,1,0.5388396196,0.006298158859
2024-09-04,5,logistic_regression,1,0.6146390871,0.006298158859
2024-09-04,5,majority_baseline,1,0.600982375,0.006298158859
2024-09-04,5,random_forest,1,0.5061121955,0.006298158859
2024-09-05,5,catboost,1,0.5652282173,0.01724867042
2024-09-05,5,logistic_regression,1,0.6285395717,0.01724867042
2024-09-05,5,majority_baseline,1,0.600982375,0.01724867042
2024-09-05,5,random_forest,1,0.5041179136,0.01724867042
2024-09-06,5,catboost,1,0.592797141,0.04006592824
2024-09-06,5,logistic_regression,1,0.6119324015,0.04006592824
2024-09-06,5,majority_baseline,1,0.600982375,0.04006592824
2024-09-06,5,random_forest,1,0.5009948965,0.04006592824
2024-09-09,5,catboost,1,0.5626242565,0.03006909575
2024-09-09,5,logistic_regression,1,0.6050045844,0.03006909575
2024-09-09,5,majority_baseline,1,0.600982375,0.03006909575
2024-09-09,5,random_forest,1,0.5038439369,0.03006909575
2024-09-10,5,catboost,1,0.5040238542,0.02602093674
2024-09-10,5,logistic_regression,1,0.6258404652,0.02602093674
2024-09-10,5,majority_baseline,1,0.600982375,0.02602093674
2024-09-10,5,random_forest,1,0.4913927,0.02602093674
2024-09-11,5,catboost,1,0.5938946616,0.01258980866
2024-09-11,5,logistic_regression,1,0.5773862956,0.01258980866
2024-09-11,5,majority_baseline,1,0.600982375,0.01258980866
2024-09-11,5,random_forest,1,0.5053295371,0.01258980866
2024-09-12,5,catboost,1,0.6364228525,0.02126661723
2024-09-12,5,logistic_regression,1,0.5445839328,0.02126661723
2024-09-12,5,majority_baseline,1,0.600982375,0.02126661723
2024-09-12,5,random_forest,1,0.5061168052,0.02126661723
2024-09-13,5,catboost,1,0.7481355998,0.01110298765
2024-09-13,5,logistic_regression,1,0.5753763321,0.01110298765
2024-09-13,5,majority_baseline,1,0.600982375,0.01110298765
2024-09-13,5,random_forest,1,0.5652598333,0.01110298765
2024-09-16,5,catboost,1,0.7000460684,0.0121348086
2024-09-16,5,logistic_regression,1,0.5862379573,0.0121348086
2024-09-16,5,majority_baseline,1,0.600982375,0.0121348086
2024-09-16,5,random_forest,1,0.5475869085,0.0121348086
2024-09-17,5,catboost,1,0.6374433584,0.01461626511
2024-09-17,5,logistic_regression,1,0.6041362041,0.01461626511
2024-09-17,5,majority_baseline,1,0.600982375,0.01461626511
2024-09-17,5,random_forest,1,0.513874607,0.01461626511
2024-09-18,5,catboost,1,0.5880717043,0.01539001287
2024-09-18,5,logistic_regression,1,0.5810636473,0.01539001287
2024-09-18,5,majority_baseline,1,0.600982375,0.01539001287
2024-09-18,5,random_forest,1,0.50696547,0.01539001287
2024-09-19,5,catboost,1,0.5828864296,0.002311827639
2024-09-19,5,logistic_regression,1,0.5082480593,0.002311827639
2024-09-19,5,majority_baseline,1,0.600982375,0.002311827639
2024-09-19,5,random_forest,1,0.5241979228,0.002311827639
2024-09-20,5,catboost,1,0.6364136587,0.005666468456
2024-09-20,5,logistic_regression,1,0.5339537925,0.005666468456
2024-09-20,5,majority_baseline,1,0.600982375,0.005666468456
2024-09-20,5,random_forest,1,0.5304118296,0.005666468456
2024-09-23,5,catboost,1,0.6572345047,0.00717964264
2024-09-23,5,logistic_regression,1,0.5801044923,0.00717964264
2024-09-23,5,majority_baseline,1,0.600982375,0.00717964264
2024-09-23,5,random_forest,1,0.5665608075,0.00717964264
2024-09-24,5,catboost,0,0.6312087361,-0.00469104281
2024-09-24,5,logistic_regression,0,0.5990922312,-0.00469104281
2024-09-24,5,majority_baseline,0,0.600982375,-0.00469104281
2024-09-24,5,random_forest,0,0.5423556765,-0.00469104281
2024-09-25,5,catboost,0,0.6746728816,-0.002070017272
2024-09-25,5,logistic_regression,0,0.6006271839,-0.002070017272
2024-09-25,5,majority_baseline,0,0.600982375,-0.002070017272
2024-09-25,5,random_forest,0,0.5623101194,-0.002070017272
2024-09-26,5,catboost,0,0.6453104043,-0.007828028299
2024-09-26,5,logistic_regression,0,0.5962236412,-0.007828028299
2024-09-26,5,majority_baseline,0,0.600982375,-0.007828028299
2024-09-26,5,random_forest,0,0.5375601356,-0.007828028299
2024-09-27,5,catboost,1,0.6258287942,0.002642325717
2024-09-27,5,logistic_regression,1,0.5855283769,0.002642325717
2024-09-27,5,majority_baseline,1,0.600982375,0.002642325717
2024-09-27,5,random_forest,1,0.5444513191,0.002642325717
2024-09-30,5,catboost,0,0.6162538929,-0.01038765668
2024-09-30,5,logistic_regression,0,0.5606551098,-0.01038765668
2024-09-30,5,majority_baseline,0,0.600982375,-0.01038765668
2024-09-30,5,random_forest,0,0.5143465847,-0.01038765668
2024-10-01,5,catboost,1,0.6635065544,0.008001807603
2024-10-01,5,logistic_regression,1,0.5529383786,0.008001807603
2024-10-01,5,majority_baseline,1,0.600982375,0.008001807603
2024-10-01,5,random_forest,1,0.5148384169,0.008001807603
2024-10-02,5,catboost,1,0.6313161378,0.01455547835
2024-10-02,5,logistic_regression,1,0.608429314,0.01455547835
2024-10-02,5,majority_baseline,1,0.600982375,0.01455547835
2024-10-02,5,random_forest,1,0.5362662465,0.01455547835
2024-10-03,5,catboost,1,0.6344471528,0.0146349151
2024-10-03,5,logistic_regression,1,0.6163922065,0.0146349151
2024-10-03,5,majority_baseline,1,0.600982375,0.0146349151
2024-10-03,5,random_forest,1,0.5187618013,0.0146349151
2024-10-04,5,catboost,1,0.559570113,0.01151879093
2024-10-04,5,logistic_regression,1,0.6185696282,0.01151879093
2024-10-04,5,majority_baseline,1,0.600982375,0.01151879093
2024-10-04,5,random_forest,1,0.4641660967,0.01151879093
2024-10-07,5,catboost,1,0.6201804912,0.02909478664
2024-10-07,5,logistic_regression,1,0.6179326488,0.02909478664
2024-10-07,5,majority_baseline,1,0.600982375,0.02909478664
2024-10-07,5,random_forest,1,0.4879071082,0.02909478664
2024-10-08,5,catboost,1,0.6363235182,0.01153243645
2024-10-08,5,logistic_regression,1,0.6096717536,0.01153243645
2024-10-08,5,majority_baseline,1,0.600982375,0.01153243645
2024-10-08,5,random_forest,1,0.5310850306,0.01153243645
2024-10-09,5,catboost,1,0.603206917,0.008940591658
2024-10-09,5,logistic_regression,1,0.6090465167,0.008940591658
2024-10-09,5,majority_baseline,1,0.600982375,0.008940591658
2024-10-09,5,random_forest,1,0.4930868956,0.008940591658
2024-10-10,5,catboost,1,0.5791037279,0.01079612353
2024-10-10,5,logistic_regression,1,0.6007381079,0.01079612353
2024-10-10,5,majority_baseline,1,0.600982375,0.01079612353
2024-10-10,5,random_forest,1,0.4738612784,0.01079612353
2024-10-11,5,catboost,1,0.5478151907,0.008644207275
2024-10-11,5,logistic_regression,1,0.5926242339,0.008644207275
2024-10-11,5,majority_baseline,1,0.600982375,0.008644207275
2024-10-11,5,random_forest,1,0.4720787548,0.008644207275
2024-10-14,5,catboost,0,0.6127459223,-0.001180863895
2024-10-14,5,logistic_regression,0,0.5876639027,-0.001180863895
2024-10-14,5,majority_baseline,0,0.600982375,-0.001180863895
2024-10-14,5,random_forest,0,0.5260519676,-0.001180863895
2024-10-15,5,catboost,1,0.6606800515,0.006105726001
2024-10-15,5,logistic_regression,1,0.6134963312,0.006105726001
2024-10-15,5,majority_baseline,1,0.600982375,0.006105726001
2024-10-15,5,random_forest,1,0.5285955021,0.006105726001
2024-10-16,5,catboost,0,0.643353244,-0.007401679015
2024-10-16,5,logistic_regression,0,0.6162515052,-0.007401679015
2024-10-16,5,majority_baseline,0,0.600982375,-0.007401679015
2024-10-16,5,random_forest,0,0.5540418928,-0.007401679015
2024-10-17,5,catboost,0,0.5342934727,-0.005340406165
2024-10-17,5,logistic_regression,0,0.6352704723,-0.005340406165
2024-10-17,5,majority_baseline,0,0.600982375,-0.005340406165
2024-10-17,5,random_forest,0,0.46997401,-0.005340406165
2024-10-18,5,catboost,0,0.5116136289,-0.009493916496
2024-10-18,5,logistic_regression,0,0.6136165142,-0.009493916496
2024-10-18,5,majority_baseline,0,0.600982375,-0.009493916496
2024-10-18,5,random_forest,0,0.4757501451,-0.009493916496
2024-10-21,5,catboost,0,0.5594380692,-0.004797539154
2024-10-21,5,logistic_regression,0,0.627998089,-0.004797539154
2024-10-21,5,majority_baseline,0,0.600982375,-0.004797539154
2024-10-21,5,random_forest,0,0.4786164973,-0.004797539154
2024-10-22,5,catboost,0,0.6093728034,-0.002657182645
2024-10-22,5,logistic_regression,0,0.6246731902,-0.002657182645
2024-10-22,5,majority_baseline,0,0.600982375,-0.002657182645
2024-10-22,5,random_forest,0,0.5115275821,-0.002657182645
2024-10-23,5,catboost,1,0.6284237606,0.003494904123
2024-10-23,5,logistic_regression,1,0.6165468294,0.003494904123
2024-10-23,5,majority_baseline,1,0.600982375,0.003494904123
2024-10-23,5,random_forest,1,0.4959908347,0.003494904123
2024-10-24,5,catboost,0,0.6098480717,-0.01829979936
2024-10-24,5,logistic_regression,0,0.6103047597,-0.01829979936
2024-10-24,5,majority_baseline,0,0.600982375,-0.01829979936
2024-10-24,5,random_forest,0,0.4953908416,-0.01829979936
2024-10-25,5,catboost,0,0.5250963364,-0.01381597179
2024-10-25,5,logistic_regression,0,0.6024455686,-0.01381597179
2024-10-25,5,majority_baseline,0,0.600982375,-0.01381597179
2024-10-25,5,random_forest,0,0.4506492143,-0.01381597179
2024-10-28,5,catboost,0,0.4481177788,-0.01897288221
2024-10-28,5,logistic_regression,0,0.595620588,-0.01897288221
2024-10-28,5,majority_baseline,0,0.600982375,-0.01897288221
2024-10-28,5,random_forest,0,0.4439305248,-0.01897288221
2024-10-29,5,catboost,0,0.5805614089,-0.008714796449
2024-10-29,5,logistic_regression,0,0.6038976374,-0.008714796449
2024-10-29,5,majority_baseline,0,0.600982375,-0.008714796449
2024-10-29,5,random_forest,0,0.4659930126,-0.008714796449
2024-10-30,5,catboost,1,0.5766720056,0.01901685835
2024-10-30,5,logistic_regression,1,0.5874370269,0.01901685835
2024-10-30,5,majority_baseline,1,0.600982375,0.01901685835
2024-10-30,5,random_forest,1,0.4878712366,0.01901685835
2024-10-31,5,catboost,1,0.6074277893,0.04742890072
2024-10-31,5,logistic_regression,1,0.5665173513,0.04742890072
2024-10-31,5,majority_baseline,1,0.600982375,0.04742890072
2024-10-31,5,random_forest,1,0.4845692093,0.04742890072
2024-11-01,5,catboost,1,0.6166184231,0.04754487505
2024-11-01,5,logistic_regression,1,0.5695472598,0.04754487505
2024-11-01,5,majority_baseline,1,0.600982375,0.04754487505
2024-11-01,5,random_forest,1,0.5145244158,0.04754487505
2024-11-04,5,catboost,1,0.5611489236,0.05080643078
2024-11-04,5,logistic_regression,1,0.6080626367,0.05080643078
2024-11-04,5,majority_baseline,1,0.600982375,0.05080643078
2024-11-04,5,random_forest,1,0.4965617519,0.05080643078
2024-11-05,5,catboost,1,0.5274138791,0.03502689747
2024-11-05,5,logistic_regression,1,0.5948503871,0.03502689747
2024-11-05,5,majority_baseline,1,0.600982375,0.03502689747
2024-11-05,5,random_forest,1,0.4805905162,0.03502689747
2024-11-06,5,catboost,1,0.6083254831,0.01040542878
2024-11-06,5,logistic_regression,1,0.4852786327,0.01040542878
2024-11-06,5,majority_baseline,1,0.600982375,0.01040542878
2024-11-06,5,random_forest,1,0.4691587282,0.01040542878
2024-11-07,5,catboost,0,0.5936220992,-0.003794445787
2024-11-07,5,logistic_regression,0,0.4997775476,-0.003794445787
2024-11-07,5,majority_baseline,0,0.600982375,-0.003794445787
2024-11-07,5,random_forest,0,0.5502101769,-0.003794445787
2024-11-08,5,catboost,0,0.5927655601,-0.02079607207
2024-11-08,5,logistic_regression,0,0.5364115805,-0.02079607207
2024-11-08,5,majority_baseline,0,0.600982375,-0.02079607207
2024-11-08,5,random_forest,0,0.5334579151,-0.02079607207
2024-11-11,5,catboost,0,0.6704577008,-0.0177199299
2024-11-11,5,logistic_regression,0,0.5610068967,-0.0177199299
2024-11-11,5,majority_baseline,0,0.600982375,-0.0177199299
2024-11-11,5,random_forest,0,0.5604736584,-0.0177199299
2024-11-12,5,catboost,0,0.684743558,-0.01105718936
2024-11-12,5,logistic_regression,0,0.5783380822,-0.01105718936
2024-11-12,5,majority_baseline,0,0.600982375,-0.01105718936
2024-11-12,5,random_forest,0,0.5528357352,-0.01105718936
2024-11-13,5,catboost,0,0.5904468536,-0.01120246885
2024-11-13,5,logistic_regression,0,0.5640442643,-0.01120246885
2024-11-13,5,majority_baseline,0,0.600982375,-0.01120246885
2024-11-13,5,random_forest,0,0.5354908528,-0.01120246885
2024-11-14,5,catboost,1,0.6086270015,0.0005393230187
2024-11-14,5,logistic_regression,1,0.6222768475,0.0005393230187
2024-11-14,5,majority_baseline,1,0.600982375,0.0005393230187
2024-11-14,5,random_forest,1,0.5528606008,0.0005393230187
2024-11-15,5,catboost,1,0.5328351457,0.01666241536
2024-11-15,5,logistic_regression,1,0.586700186,0.01666241536
2024-11-15,5,majority_baseline,1,0.600982375,0.01666241536
2024-11-15,5,random_forest,1,0.5066850741,0.01666241536
2024-11-18,5,catboost,1,0.6278064443,0.01594832017
2024-11-18,5,logistic_regression,1,0.6140755599,0.01594832017
2024-11-18,5,majority_baseline,1,0.600982375,0.01594832017
2024-11-18,5,random_forest,1,0.550599508,0.01594832017
2024-11-19,5,catboost,1,0.5507166299,0.01753351993
2024-11-19,5,logistic_regression,1,0.6065530353,0.01753351993
2024-11-19,5,majority_baseline,1,0.600982375,0.01753351993
2024-11-19,5,random_forest,1,0.498710402,0.01753351993
2024-11-20,5,catboost,1,0.5243919382,0.0141067182
2024-11-20,5,logistic_regression,1,0.5640412413,0.0141067182
2024-11-20,5,majority_baseline,1,0.600982375,0.0141067182
2024-11-20,5,random_forest,1,0.4934088918,0.0141067182
2024-11-21,5,catboost,1,0.5696078971,0.01495781353
2024-11-21,5,logistic_regression,1,0.5605065949,0.01495781353
2024-11-21,5,majority_baseline,1,0.600982375,0.01495781353
2024-11-21,5,random_forest,1,0.5013054202,0.01495781353
2024-11-22,5,catboost,1,0.6518755549,0.01363536291
2024-11-22,5,logistic_regression,1,0.5675352321,0.01363536291
2024-11-22,5,majority_baseline,1,0.600982375,0.01363536291
2024-11-22,5,random_forest,1,0.5412228903,0.01363536291
2024-11-25,5,catboost,1,0.6423019637,0.01067719359
2024-11-25,5,logistic_regression,1,0.5782795181,0.01067719359
2024-11-25,5,majority_baseline,1,0.600982375,0.01067719359
2024-11-25,5,random_forest,1,0.5153684901,0.01067719359
2024-11-26,5,catboost,1,0.7087071442,0.0116706042
2024-11-26,5,logistic_regression,1,0.5601345384,0.0116706042
2024-11-26,5,majority_baseline,1,0.600982375,0.0116706042
2024-11-26,5,random_forest,1,0.5370578799,0.0116706042
2024-11-27,5,catboost,1,0.6903532186,0.01307542337
2024-11-27,5,logistic_regression,1,0.5948733638,0.01307542337
2024-11-27,5,majority_baseline,1,0.600982375,0.01307542337
2024-11-27,5,random_forest,1,0.5605256202,0.01307542337
2024-11-29,5,catboost,1,0.6320453036,0.008729582452
2024-11-29,5,logistic_regression,1,0.6353360314,0.008729582452
2024-11-29,5,majority_baseline,1,0.600982375,0.008729582452
2024-11-29,5,random_forest,1,0.5529320719,0.008729582452
2024-12-02,5,catboost,1,0.6088578119,0.001739455944
2024-12-02,5,logistic_regression,1,0.6467657653,0.001739455944
2024-12-02,5,majority_baseline,1,0.600982375,0.001739455944
2024-12-02,5,random_forest,1,0.5342005843,0.001739455944
2024-12-03,5,catboost,0,0.5942502833,-0.001837997962
2024-12-03,5,logistic_regression,0,0.6511529163,-0.001837997962
2024-12-03,5,majority_baseline,0,0.600982375,-0.001837997962
2024-12-03,5,random_forest,0,0.5219810374,-0.001837997962
2024-12-04,5,catboost,0,0.7090301565,-0.0003290509641
2024-12-04,5,logistic_regression,0,0.6350103705,-0.0003290509641
2024-12-04,5,majority_baseline,0,0.600982375,-0.0003290509641
2024-12-04,5,random_forest,0,0.5370931598,-0.0003290509641
2024-12-05,5,catboost,0,0.5793830288,-0.003840629188
2024-12-05,5,logistic_regression,0,0.622493724,-0.003840629188
2024-12-05,5,majority_baseline,0,0.600982375,-0.003840629188
2024-12-05,5,random_forest,0,0.497307725,-0.003840629188
2024-12-06,5,catboost,0,0.5221935986,-0.005922863418
2024-12-06,5,logistic_regression,0,0.630088682,-0.005922863418
2024-12-06,5,majority_baseline,0,0.600982375,-0.005922863418
2024-12-06,5,random_forest,0,0.4804347336,-0.005922863418
2024-12-09,5,catboost,1,0.67050414,0.003489424696
2024-12-09,5,logistic_regression,1,0.6239162505,0.003489424696
2024-12-09,5,majority_baseline,1,0.600982375,0.003489424696
2024-12-09,5,random_forest,1,0.52239996,0.003489424696
2024-12-10,5,catboost,1,0.6414180797,0.002471782067
2024-12-10,5,logistic_regression,1,0.6148676339,0.002471782067
2024-12-10,5,majority_baseline,1,0.600982375,0.002471782067
2024-12-10,5,random_forest,1,0.5115411383,0.002471782067
2024-12-11,5,catboost,0,0.5963182677,-0.03486647999
2024-12-11,5,logistic_regression,0,0.6009695498,-0.03486647999
2024-12-11,5,majority_baseline,0,0.600982375,-0.03486647999
2024-12-11,5,random_forest,0,0.4891607871,-0.03486647999
2024-12-12,5,catboost,0,0.567070639,-0.0301657058
2024-12-12,5,logistic_regression,0,0.6224115729,-0.0301657058
2024-12-12,5,majority_baseline,0,0.600982375,-0.0301657058
2024-12-12,5,random_forest,0,0.4921122642,-0.0301657058
2024-12-13,5,catboost,0,0.6210603164,-0.02161499665
2024-12-13,5,logistic_regression,0,0.6165214807,-0.02161499665
2024-12-13,5,majority_baseline,0,0.600982375,-0.02161499665
2024-12-13,5,random_forest,0,0.5011183838,-0.02161499665
2024-12-16,5,catboost,0,0.5989668795,-0.01994096152
2024-12-16,5,logistic_regression,0,0.5759575262,-0.01994096152
2024-12-16,5,majority_baseline,0,0.600982375,-0.01994096152
2024-12-16,5,random_forest,0,0.4701784384,-0.01994096152
2024-12-17,5,catboost,0,0.5588232416,-0.004947939415
2024-12-17,5,logistic_regression,0,0.5380268202,-0.004947939415
2024-12-17,5,majority_baseline,0,0.600982375,-0.004947939415
2024-12-17,5,random_forest,0,0.4823175808,-0.004947939415
2024-12-18,5,catboost,1,0.7519945836,0.02568737949
2024-12-18,5,logistic_regression,1,0.5758588321,0.02568737949
2024-12-18,5,majority_baseline,1,0.600982375,0.02568737949
2024-12-18,5,random_forest,1,0.5295044625,0.02568737949
2024-12-19,5,catboost,1,0.6592017701,0.01520224291
2024-12-19,5,logistic_regression,1,0.5364897332,0.01520224291
2024-12-19,5,majority_baseline,1,0.600982375,0.01520224291
2024-12-19,5,random_forest,1,0.5012761015,0.01520224291
2024-12-20,5,catboost,0,0.6170272426,-0.004956531471
2024-12-20,5,logistic_regression,0,0.5215687582,-0.004956531471
2024-12-20,5,majority_baseline,0,0.600982375,-0.004956531471
2024-12-20,5,random_forest,0,0.4941030834,-0.004956531471
2024-12-23,5,catboost,0,0.6203725497,-0.01447810669
2024-12-23,5,logistic_regression,0,0.5389145621,-0.01447810669
2024-12-23,5,majority_baseline,0,0.600982375,-0.01447810669
2024-12-23,5,random_forest,0,0.4880169843,-0.01447810669
2024-12-24,5,catboost,0,0.6143414958,-0.02770659161
2024-12-24,5,logistic_regression,0,0.5673577768,-0.02770659161
2024-12-24,5,majority_baseline,0,0.600982375,-0.02770659161
2024-12-24,5,random_forest,0,0.5054413135,-0.02770659161
2024-12-26,5,catboost,0,0.6349470339,-0.01561514996
2024-12-26,5,logistic_regression,0,0.5910616692,-0.01561514996
2024-12-26,5,majority_baseline,0,0.600982375,-0.01561514996
2024-12-26,5,random_forest,0,0.5199963552,-0.01561514996
2024-12-27,5,catboost,1,0.6222944299,0.0005881843906
2024-12-27,5,logistic_regression,1,0.6186822677,0.0005881843906
2024-12-27,5,majority_baseline,1,0.600982375,0.0005881843906
2024-12-27,5,random_forest,1,0.5219214037,0.0005881843906
2024-12-30,5,catboost,1,0.5458454787,0.0006970762987
2024-12-30,5,logistic_regression,1,0.6006031632,0.0006970762987
2024-12-30,5,majority_baseline,1,0.600982375,0.0006970762987
2024-12-30,5,random_forest,1,0.4902852018,0.0006970762987
2024-12-31,5,catboost,1,0.6086776386,0.00581827225
2024-12-31,5,logistic_regression,1,0.5978528437,0.00581827225
2024-12-31,5,majority_baseline,1,0.600982375,0.00581827225
2024-12-31,5,random_forest,1,0.5112788759,0.00581827225
2025-01-02,5,catboost,0,0.5925009083,-0.007098426889
2025-01-02,5,logistic_regression,0,0.6074334779,-0.007098426889
2025-01-02,5,majority_baseline,0,0.600982375,-0.007098426889
2025-01-02,5,random_forest,0,0.5081334901,-0.007098426889
2025-01-03,5,catboost,0,0.6520250319,-0.01783934012
2025-01-03,5,logistic_regression,0,0.614230409,-0.01783934012
2025-01-03,5,majority_baseline,0,0.600982375,-0.01783934012
2025-01-03,5,random_forest,0,0.5137875911,-0.01783934012
2025-01-06,5,catboost,0,0.579092688,-0.02212104159
2025-01-06,5,logistic_regression,0,0.6239613134,-0.02212104159
2025-01-06,5,majority_baseline,0,0.600982375,-0.02212104159
2025-01-06,5,random_forest,0,0.50191251,-0.02212104159
2025-01-07,5,catboost,1,0.6519879008,0.007050310663
2025-01-07,5,logistic_regression,1,0.6308839244,0.007050310663
2025-01-07,5,majority_baseline,1,0.600982375,0.007050310663
2025-01-07,5,random_forest,1,0.517963145,0.007050310663
2025-01-08,5,catboost,1,0.6436515373,0.003647261931
2025-01-08,5,logistic_regression,1,0.6050652183,0.003647261931
2025-01-08,5,majority_baseline,1,0.600982375,0.003647261931
2025-01-08,5,random_forest,1,0.5258736473,0.003647261931
2025-01-10,5,catboost,1,0.611791416,0.02944069181
2025-01-10,5,logistic_regression,1,0.6232462856,0.02944069181
2025-01-10,5,majority_baseline,1,0.600982375,0.02944069181
2025-01-10,5,random_forest,1,0.5097703312,0.02944069181
2025-01-13,5,catboost,1,0.6835365221,0.03725549572
2025-01-13,5,logistic_regression,1,0.595234594,0.03725549572
2025-01-13,5,majority_baseline,1,0.600982375,0.03725549572
2025-01-13,5,random_forest,1,0.5236750667,0.03725549572
2025-01-14,5,catboost,1,0.6351906958,0.04165306841
2025-01-14,5,logistic_regression,1,0.6194372944,0.04165306841
2025-01-14,5,majority_baseline,1,0.600982375,0.04165306841
2025-01-14,5,random_forest,1,0.5148710244,0.04165306841
2025-01-15,5,catboost,1,0.6830865853,0.02862777061
2025-01-15,5,logistic_regression,1,0.5933685719,0.02862777061
2025-01-15,5,majority_baseline,1,0.600982375,0.02862777061
2025-01-15,5,random_forest,1,0.5169952432,0.02862777061
2025-01-16,5,catboost,1,0.6549528571,0.02760116912
2025-01-16,5,logistic_regression,1,0.5968451418,0.02760116912
2025-01-16,5,majority_baseline,1,0.600982375,0.02760116912
2025-01-16,5,random_forest,1,0.5426792232,0.02760116912
2025-01-17,5,catboost,1,0.6956346355,0.002995377939
2025-01-17,5,logistic_regression,1,0.6087992422,0.002995377939
2025-01-17,5,majority_baseline,1,0.600982375,0.002995377939
2025-01-17,5,random_forest,1,0.5473358208,0.002995377939
2025-01-21,5,catboost,1,0.8075126259,0.002437661437
2025-01-21,5,logistic_regression,1,0.5930067175,0.002437661437
2025-01-21,5,majority_baseline,1,0.600982375,0.002437661437
2025-01-21,5,random_forest,1,0.5887092792,0.002437661437
2025-01-22,5,catboost,0,0.7053192388,-0.00763472855
2025-01-22,5,logistic_regression,0,0.5967915693,-0.00763472855
2025-01-22,5,majority_baseline,0,0.600982375,-0.00763472855
2025-01-22,5,random_forest,0,0.567065664,-0.00763472855
2025-01-23,5,catboost,0,0.7208454072,-0.007724513325
2025-01-23,5,logistic_regression,0,0.6170285091,-0.007724513325
2025-01-23,5,majority_baseline,0,0.600982375,-0.007724513325
2025-01-23,5,random_forest,0,0.5802261215,-0.007724513325
2025-01-24,5,catboost,0,0.7245368437,-0.01011557099
2025-01-24,5,logistic_regression,0,0.6407755989,-0.01011557099
2025-01-24,5,majority_baseline,0,0.600982375,-0.01011557099
2025-01-24,5,random_forest,0,0.5838125312,-0.01011557099
2025-01-27,5,catboost,0,0.4762910484,-0.002669428922
2025-01-27,5,logistic_regression,0,0.6327356035,-0.002669428922
2025-01-27,5,majority_baseline,0,0.600982375,-0.002669428922
2025-01-27,5,random_forest,0,0.5108008837,-0.002669428922
2025-01-28,5,catboost,0,0.7418710224,-0.004532505313
2025-01-28,5,logistic_regression,0,0.6235360543,-0.004532505313
2025-01-28,5,majority_baseline,0,0.600982375,-0.004532505313
2025-01-28,5,random_forest,0,0.5620327036,-0.004532505313
2025-01-29,5,catboost,1,0.6524493021,0.004004541483
2025-01-29,5,logistic_regression,1,0.657794383,0.004004541483
2025-01-29,5,majority_baseline,1,0.600982375,0.004004541483
2025-01-29,5,random_forest,1,0.5560080446,0.004004541483
2025-01-30,5,catboost,1,0.5706474055,0.002115611111
2025-01-30,5,logistic_regression,1,0.6466522487,0.002115611111
2025-01-30,5,majority_baseline,1,0.600982375,0.002115611111
2025-01-30,5,random_forest,1,0.5271206214,0.002115611111
2025-01-31,5,catboost,0,0.5965470031,-0.001744687427
2025-01-31,5,logistic_regression,0,0.6113222911,-0.001744687427
2025-01-31,5,majority_baseline,0,0.600982375,-0.001744687427
2025-01-31,5,random_forest,0,0.5219606844,-0.001744687427
2025-02-03,5,catboost,1,0.5055716607,0.01184394645
2025-02-03,5,logistic_regression,1,0.5796684249,0.01184394645
2025-02-03,5,majority_baseline,1,0.600982375,0.01184394645
2025-02-03,5,random_forest,1,0.5008580798,0.01184394645
2025-02-04,5,catboost,1,0.6145716591,0.005865878108
2025-02-04,5,logistic_regression,1,0.6154954413,0.005865878108
2025-02-04,5,majority_baseline,1,0.600982375,0.005865878108
2025-02-04,5,random_forest,1,0.5294844668,0.005865878108
2025-02-05,5,catboost,0,0.5285132448,-0.001423298371
2025-02-05,5,logistic_regression,0,0.6265357122,-0.001423298371
2025-02-05,5,majority_baseline,0,0.600982375,-0.001423298371
2025-02-05,5,random_forest,0,0.5164781902,-0.001423298371
2025-02-06,5,catboost,1,0.5840803834,0.005624048619
2025-02-06,5,logistic_regression,1,0.6235486675,0.005624048619
2025-02-06,5,majority_baseline,1,0.600982375,0.005624048619
2025-02-06,5,random_forest,1,0.527295554,0.005624048619
2025-02-07,5,catboost,1,0.5796412883,0.0148642449
2025-02-07,5,logistic_regression,1,0.6241717313,0.0148642449
2025-02-07,5,majority_baseline,1,0.600982375,0.0148642449
2025-02-07,5,random_forest,1,0.515628466,0.0148642449
2025-02-10,5,catboost,1,0.5848687632,0.01097795299
2025-02-10,5,logistic_regression,1,0.6474043205,0.01097795299
2025-02-10,5,majority_baseline,1,0.600982375,0.01097795299
2025-02-10,5,random_forest,1,0.5345352464,0.01097795299
2025-02-11,5,catboost,1,0.5617998603,0.01258858292
2025-02-11,5,logistic_regression,1,0.6572492925,0.01258858292
2025-02-11,5,majority_baseline,1,0.600982375,0.01258858292
2025-02-11,5,random_forest,1,0.5181347208,0.01258858292
2025-02-12,5,catboost,1,0.6261147824,0.01163487747
2025-02-12,5,logistic_regression,1,0.6554957534,0.01163487747
2025-02-12,5,majority_baseline,1,0.600982375,0.01163487747
2025-02-12,5,random_forest,1,0.5096586398,0.01163487747
2025-02-13,5,catboost,0,0.5583141017,-0.01605625181
2025-02-13,5,logistic_regression,0,0.6008386145,-0.01605625181
2025-02-13,5,majority_baseline,0,0.600982375,-0.01605625181
2025-02-13,5,random_forest,0,0.5050162043,-0.01605625181
2025-02-14,5,catboost,0,0.6269189717,-0.02048546818
2025-02-14,5,logistic_regression,0,0.62463776,-0.02048546818
2025-02-14,5,majority_baseline,0,0.600982375,-0.02048546818
2025-02-14,5,random_forest,0,0.5336930198,-0.02048546818
2025-02-18,5,catboost,0,0.5760989015,-0.02820978311
2025-02-18,5,logistic_regression,0,0.6514107806,-0.02820978311
2025-02-18,5,majority_baseline,0,0.600982375,-0.02820978311
2025-02-18,5,random_forest,0,0.5250489542,-0.02820978311
2025-02-19,5,catboost,0,0.6049946006,-0.03000345051
2025-02-19,5,logistic_regression,0,0.6345238894,-0.03000345051
2025-02-19,5,majority_baseline,0,0.600982375,-0.03000345051
2025-02-19,5,random_forest,0,0.5095440563,-0.03000345051
2025-02-20,5,catboost,0,0.6315539689,-0.04149876617
2025-02-20,5,logistic_regression,0,0.6223300032,-0.04149876617
2025-02-20,5,majority_baseline,0,0.600982375,-0.04149876617
2025-02-20,5,random_forest,0,0.5063211552,-0.04149876617
2025-02-21,5,catboost,0,0.5887762272,-0.009600976226
2025-02-21,5,logistic_regression,0,0.6129064667,-0.009600976226
2025-02-21,5,majority_baseline,0,0.600982375,-0.009600976226
2025-02-21,5,random_forest,0,0.4981978307,-0.009600976226
2025-02-24,5,catboost,0,0.6366865396,-0.02250464996
2025-02-24,5,logistic_regression,0,0.5929855496,-0.02250464996
2025-02-24,5,majority_baseline,0,0.600982375,-0.02250464996
2025-02-24,5,random_forest,0,0.5079532353,-0.02250464996
2025-02-25,5,catboost,0,0.6405179625,-0.02924745067
2025-02-25,5,logistic_regression,0,0.6016298141,-0.02924745067
2025-02-25,5,majority_baseline,0,0.600982375,-0.02924745067
2025-02-25,5,random_forest,0,0.5071786432,-0.02924745067
2025-02-26,5,catboost,0,0.6115134647,-0.0193090134
2025-02-26,5,logistic_regression,0,0.6036239944,-0.0193090134
2025-02-26,5,majority_baseline,0,0.600982375,-0.0193090134
2025-02-26,5,random_forest,0,0.5135335968,-0.0193090134
2025-02-27,5,catboost,0,0.6756561082,-0.02109215632
2025-02-27,5,logistic_regression,0,0.6301888092,-0.02109215632
2025-02-27,5,majority_baseline,0,0.600982375,-0.02109215632
2025-02-27,5,random_forest,0,0.5248187686,-0.02109215632
2025-02-28,5,catboost,0,0.6370591153,-0.03073144506
2025-02-28,5,logistic_regression,0,0.5285336534,-0.03073144506
2025-02-28,5,majority_baseline,0,0.600982375,-0.03073144506
2025-02-28,5,random_forest,0,0.4889558744,-0.03073144506
2025-03-03,5,catboost,0,0.6113360349,-0.03972455184
2025-03-03,5,logistic_regression,0,0.5671280025,-0.03972455184
2025-03-03,5,majority_baseline,0,0.600982375,-0.03972455184
2025-03-03,5,random_forest,0,0.5043588554,-0.03972455184
2025-03-04,5,catboost,0,0.6231703756,-0.03629997405
2025-03-04,5,logistic_regression,0,0.5796630085,-0.03629997405
2025-03-04,5,majority_baseline,0,0.600982375,-0.03629997405
2025-03-04,5,random_forest,0,0.5195918555,-0.03629997405
2025-03-05,5,catboost,0,0.7263475939,-0.04148801598
2025-03-05,5,logistic_regression,0,0.5475145049,-0.04148801598
2025-03-05,5,majority_baseline,0,0.600982375,-0.04148801598
2025-03-05,5,random_forest,0,0.5284966118,-0.04148801598
2025-03-06,5,catboost,0,0.6370211959,-0.03717420384
2025-03-06,5,logistic_regression,0,0.5868335795,-0.03717420384
2025-03-06,5,majority_baseline,0,0.600982375,-0.03717420384
2025-03-06,5,random_forest,0,0.5028373035,-0.03717420384
2025-03-07,5,catboost,0,0.6678767341,-0.02276355343
2025-03-07,5,logistic_regression,0,0.5938965527,-0.02276355343
2025-03-07,5,majority_baseline,0,0.600982375,-0.02276355343
2025-03-07,5,random_forest,0,0.5114407915,-0.02276355343
2025-03-10,5,catboost,1,0.5584001084,0.01172001695
2025-03-10,5,logistic_regression,1,0.623769213,0.01172001695
2025-03-10,5,majority_baseline,1,0.600982375,0.01172001695
2025-03-10,5,random_forest,1,0.5391888259,0.01172001695
2025-03-11,5,catboost,1,0.5716940081,0.009174047987
2025-03-11,5,logistic_regression,1,0.6280496034,0.009174047987
2025-03-11,5,majority_baseline,1,0.600982375,0.009174047987
2025-03-11,5,random_forest,1,0.5415775258,0.009174047987
2025-03-12,5,catboost,1,0.6276299721,0.01477984124
2025-03-12,5,logistic_regression,1,0.6107199496,0.01477984124
2025-03-12,5,majority_baseline,1,0.600982375,0.01477984124
2025-03-12,5,random_forest,1,0.56444974,0.01477984124
2025-03-13,5,catboost,1,0.6259180945,0.02551595469
2025-03-13,5,logistic_regression,1,0.6516417558,0.02551595469
2025-03-13,5,majority_baseline,1,0.600982375,0.02551595469
2025-03-13,5,random_forest,1,0.5562170466,0.02551595469
2025-03-14,5,catboost,1,0.6502855207,0.002078823946
2025-03-14,5,logistic_regression,1,0.5973401942,0.002078823946
2025-03-14,5,majority_baseline,1,0.600982375,0.002078823946
2025-03-14,5,random_forest,1,0.5162458338,0.002078823946
2025-03-17,5,catboost,1,0.6419700766,0.01221897629
2025-03-17,5,logistic_regression,1,0.6041514117,0.01221897629
2025-03-17,5,majority_baseline,1,0.600982375,0.01221897629
2025-03-17,5,random_forest,1,0.5195851282,0.01221897629
2025-03-18,5,catboost,1,0.5997440801,0.0257388364
2025-03-18,5,logistic_regression,1,0.6516206729,0.0257388364
2025-03-18,5,majority_baseline,1,0.600982375,0.0257388364
2025-03-18,5,random_forest,1,0.5246445953,0.0257388364
2025-03-19,5,catboost,1,0.5708740172,0.002574404435
2025-03-19,5,logistic_regression,1,0.6036058961,0.002574404435
2025-03-19,5,majority_baseline,1,0.600982375,0.002574404435
2025-03-19,5,random_forest,1,0.5029010609,0.002574404435
2025-03-20,5,catboost,1,0.6124154763,0.002811768427
2025-03-20,5,logistic_regression,1,0.6255975286,0.002811768427
2025-03-20,5,majority_baseline,1,0.600982375,0.002811768427
2025-03-20,5,random_forest,1,0.508320672,0.002811768427
2025-03-21,5,catboost,0,0.5745796595,-0.01475230981
2025-03-21,5,logistic_regression,0,0.6111895993,-0.01475230981
2025-03-21,5,majority_baseline,0,0.600982375,-0.01475230981
2025-03-21,5,random_forest,0,0.493928156,-0.01475230981
2025-03-24,5,catboost,0,0.6158074536,-0.02558877171
2025-03-24,5,logistic_regression,0,0.6227272335,-0.02558877171
2025-03-24,5,majority_baseline,0,0.600982375,-0.02558877171
2025-03-24,5,random_forest,0,0.5406595434,-0.02558877171
2025-03-25,5,catboost,0,0.6440346472,-0.0251799443
2025-03-25,5,logistic_regression,0,0.6613903175,-0.0251799443
2025-03-25,5,majority_baseline,0,0.600982375,-0.0251799443
2025-03-25,5,random_forest,0,0.5615120055,-0.0251799443
2025-03-26,5,catboost,0,0.4814478777,-0.007158070327
2025-03-26,5,logistic_regression,0,0.7082053681,-0.007158070327
2025-03-26,5,majority_baseline,0,0.600982375,-0.007158070327
2025-03-26,5,random_forest,0,0.4845038417,-0.007158070327
2025-03-27,5,catboost,0,0.3939367852,-0.05357269518
2025-03-27,5,logistic_regression,0,0.7092590864,-0.05357269518
2025-03-27,5,majority_baseline,0,0.600982375,-0.05357269518
2025-03-27,5,random_forest,0,0.4753667438,-0.05357269518
2025-03-28,5,catboost,0,0.6829926663,-0.09066691275
2025-03-28,5,logistic_regression,0,0.6992921539,-0.09066691275
2025-03-28,5,majority_baseline,0,0.600982375,-0.09066691275
2025-03-28,5,random_forest,0,0.5348804971,-0.09066691275
2025-03-31,5,catboost,0,0.5722377975,-0.09833927718
2025-03-31,5,logistic_regression,0,0.6191718708,-0.09833927718
2025-03-31,5,majority_baseline,0,0.600982375,-0.09833927718
2025-03-31,5,random_forest,0,0.5071746935,-0.09833927718
2025-04-01,5,catboost,0,0.5617314909,-0.1149615186
2025-04-01,5,logistic_regression,0,0.6430544142,-0.1149615186
2025-04-01,5,majority_baseline,0,0.600982375,-0.1149615186
2025-04-01,5,random_forest,0,0.4950324447,-0.1149615186
2025-04-02,5,catboost,0,0.5604839785,-0.0281655634
2025-04-02,5,logistic_regression,0,0.6252143206,-0.0281655634
2025-04-02,5,majority_baseline,0,0.600982375,-0.0281655634
2025-04-02,5,random_forest,0,0.4667971622,-0.0281655634
2025-04-03,5,catboost,0,0.7904217969,-0.02258243865
2025-04-03,5,logistic_regression,0,0.6338553369,-0.02258243865
2025-04-03,5,majority_baseline,0,0.600982375,-0.02258243865
2025-04-03,5,random_forest,0,0.5931699249,-0.02258243865
2025-04-04,5,catboost,1,0.830401768,0.05672103323
2025-04-04,5,logistic_regression,1,0.6805766628,0.05672103323
2025-04-04,5,majority_baseline,1,0.600982375,0.05672103323
2025-04-04,5,random_forest,1,0.5865860455,0.05672103323
2025-04-07,5,catboost,1,0.719660508,0.06887662053
2025-04-07,5,logistic_regression,1,0.6554183265,0.06887662053
2025-04-07,5,majority_baseline,1,0.600982375,0.06887662053
2025-04-07,5,random_forest,1,0.5881172243,0.06887662053
2025-04-08,5,catboost,1,0.7397562286,0.08284316284
2025-04-08,5,logistic_regression,1,0.6552218622,0.08284316284
2025-04-08,5,majority_baseline,1,0.600982375,0.08284316284
2025-04-08,5,random_forest,1,0.5644327745,0.08284316284
2025-04-09,5,catboost,0,0.4078122168,-0.04185050163
2025-04-09,5,logistic_regression,0,0.4818027267,-0.04185050163
2025-04-09,5,majority_baseline,0,0.600982375,-0.04185050163
2025-04-09,5,random_forest,0,0.3947645385,-0.04185050163
2025-04-10,5,catboost,1,0.6220519804,0.003488421099
2025-04-10,5,logistic_regression,1,0.5078150451,0.003488421099
2025-04-10,5,majority_baseline,1,0.600982375,0.003488421099
2025-04-10,5,random_forest,1,0.5432488675,0.003488421099
2025-04-11,5,catboost,0,0.6008219435,-0.03756975954
2025-04-11,5,logistic_regression,0,0.5649618609,-0.03756975954
2025-04-11,5,majority_baseline,0,0.600982375,-0.03756975954
2025-04-11,5,random_forest,0,0.5041069821,-0.03756975954
2025-04-14,5,catboost,0,0.5472627703,-0.02201735274
2025-04-14,5,logistic_regression,0,0.5127566181,-0.02201735274
2025-04-14,5,majority_baseline,0,0.600982375,-0.02201735274
2025-04-14,5,random_forest,0,0.4851573503,-0.02201735274
2025-04-15,5,catboost,0,0.5273566738,-0.004073589702
2025-04-15,5,logistic_regression,0,0.5374771344,-0.004073589702
2025-04-15,5,majority_baseline,0,0.600982375,-0.004073589702
2025-04-15,5,random_forest,0,0.4806162686,-0.004073589702
2025-04-16,5,catboost,1,0.7407485994,0.04000690632
2025-04-16,5,logistic_regression,1,0.6132680567,0.04000690632
2025-04-16,5,majority_baseline,1,0.600982375,0.04000690632
2025-04-16,5,random_forest,1,0.5618574809,0.04000690632
2025-04-17,5,catboost,1,0.6912719023,0.04602884204
2025-04-17,5,logistic_regression,1,0.6049762806,0.04602884204
2025-04-17,5,majority_baseline,1,0.600982375,0.04602884204
2025-04-17,5,random_forest,1,0.52928603,0.04602884204
2025-04-21,5,catboost,1,0.7882881138,0.07194280834
2025-04-21,5,logistic_regression,1,0.6989326777,0.07194280834
2025-04-21,5,majority_baseline,1,0.600982375,0.07194280834
2025-04-21,5,random_forest,1,0.5766869752,0.07194280834
2025-04-22,5,catboost,1,0.6878518812,0.05134188203
2025-04-22,5,logistic_regression,1,0.6470825499,0.05134188203
2025-04-22,5,majority_baseline,1,0.600982375,0.05134188203
2025-04-22,5,random_forest,1,0.4518032974,0.05134188203
2025-04-23,5,catboost,1,0.6057094225,0.0357102755
2025-04-23,5,logistic_regression,1,0.6222473849,0.0357102755
2025-04-23,5,majority_baseline,1,0.600982375,0.0357102755
2025-04-23,5,random_forest,1,0.4909540731,0.0357102755
2025-04-24,5,catboost,1,0.4543116268,0.02154780268
2025-04-24,5,logistic_regression,1,0.4629776593,0.02154780268
2025-04-24,5,majority_baseline,1,0.600982375,0.02154780268
2025-04-24,5,random_forest,1,0.4511523799,0.02154780268
2025-04-25,5,catboost,1,0.3419090087,0.02927501593
2025-04-25,5,logistic_regression,1,0.5300632721,0.02927501593
2025-04-25,5,majority_baseline,1,0.600982375,0.02927501593
2025-04-25,5,random_forest,1,0.4219795487,0.02927501593
2025-04-28,5,catboost,1,0.4148418482,0.02298272626
2025-04-28,5,logistic_regression,1,0.5296116543,0.02298272626
2025-04-28,5,majority_baseline,1,0.600982375,0.02298272626
2025-04-28,5,random_forest,1,0.4603142297,0.02298272626
2025-04-29,5,catboost,1,0.4525907078,0.008081939026
2025-04-29,5,logistic_regression,1,0.5143840429,0.008081939026
2025-04-29,5,majority_baseline,1,0.600982375,0.008081939026
2025-04-29,5,random_forest,1,0.4554690551,0.008081939026
2025-04-30,5,catboost,1,0.4366382227,0.01191987352
2025-04-30,5,logistic_regression,1,0.5664501699,0.01191987352
2025-04-30,5,majority_baseline,1,0.600982375,0.01191987352
2025-04-30,5,random_forest,1,0.4686413946,0.01191987352
2025-05-01,5,catboost,1,0.5821661214,0.01180014548
2025-05-01,5,logistic_regression,1,0.4979315343,0.01180014548
2025-05-01,5,majority_baseline,1,0.600982375,0.01180014548
2025-05-01,5,random_forest,1,0.4998748658,0.01180014548
2025-05-02,5,catboost,0,0.4148349116,-0.004269854715
2025-05-02,5,logistic_regression,0,0.5286883859,-0.004269854715
2025-05-02,5,majority_baseline,0,0.600982375,-0.004269854715
2025-05-02,5,random_forest,0,0.4371703031,-0.004269854715
2025-05-05,5,catboost,1,0.6174311495,0.0345690051
2025-05-05,5,logistic_regression,1,0.6229695938,0.0345690051
2025-05-05,5,majority_baseline,1,0.600982375,0.0345690051
2025-05-05,5,random_forest,1,0.5377392203,0.0345690051
2025-05-06,5,catboost,1,0.8010062489,0.05017902597
2025-05-06,5,logistic_regression,1,0.6530296119,0.05017902597
2025-05-06,5,majority_baseline,1,0.600982375,0.05017902597
2025-05-06,5,random_forest,1,0.5170967035,0.05017902597
2025-05-07,5,catboost,1,0.7651274611,0.04711752891
2025-05-07,5,logistic_regression,1,0.6279309495,0.04711752891
2025-05-07,5,majority_baseline,1,0.600982375,0.04711752891
2025-05-07,5,random_forest,1,0.5150830721,0.04711752891
2025-05-08,5,catboost,1,0.6520859259,0.04495102203
2025-05-08,5,logistic_regression,1,0.5703719254,0.04495102203
2025-05-08,5,majority_baseline,1,0.600982375,0.04495102203
2025-05-08,5,random_forest,1,0.4960351408,0.04495102203
2025-05-09,5,catboost,1,0.7737699098,0.05291133692
2025-05-09,5,logistic_regression,1,0.6225239465,0.05291133692
2025-05-09,5,majority_baseline,1,0.600982375,0.05291133692
2025-05-09,5,random_forest,1,0.6315418217,0.05291133692
2025-05-12,5,catboost,1,0.3995948188,0.02034337742
2025-05-12,5,logistic_regression,1,0.5607248198,0.02034337742
2025-05-12,5,majority_baseline,1,0.600982375,0.02034337742
2025-05-12,5,random_forest,1,0.3881076379,0.02034337742
2025-05-13,5,catboost,1,0.5295587653,0.01024120446
2025-05-13,5,logistic_regression,1,0.4918487698,0.01024120446
2025-05-13,5,majority_baseline,1,0.600982375,0.01024120446
2025-05-13,5,random_forest,1,0.4132683421,0.01024120446
2025-05-14,5,catboost,0,0.58728537,-0.008049900923
2025-05-14,5,logistic_regression,0,0.5322927526,-0.008049900923
2025-05-14,5,majority_baseline,0,0.600982375,-0.008049900923
2025-05-14,5,random_forest,0,0.4583883062,-0.008049900923
2025-05-15,5,catboost,0,0.3828131174,-0.01248178509
2025-05-15,5,logistic_regression,0,0.5453254633,-0.01248178509
2025-05-15,5,majority_baseline,0,0.600982375,-0.01248178509
2025-05-15,5,random_forest,0,0.4030692842,-0.01248178509
2025-05-16,5,catboost,0,0.3212524036,-0.02539553432
2025-05-16,5,logistic_regression,0,0.5102406784,-0.02539553432
2025-05-16,5,majority_baseline,0,0.600982375,-0.02539553432
2025-05-16,5,random_forest,0,0.4135527502,-0.02539553432
2025-05-19,5,catboost,0,0.3338772536,-0.006219973694
2025-05-19,5,logistic_regression,0,0.5715863713,-0.006219973694
2025-05-19,5,majority_baseline,0,0.600982375,-0.006219973694
2025-05-19,5,random_forest,0,0.3698215563,-0.006219973694
2025-05-20,5,catboost,0,0.6837900264,-0.00863624072
2025-05-20,5,logistic_regression,0,0.6024839072,-0.00863624072
2025-05-20,5,majority_baseline,0,0.600982375,-0.00863624072
2025-05-20,5,random_forest,0,0.4683598131,-0.00863624072
2025-05-21,5,catboost,1,0.6331285088,0.01233572827
2025-05-21,5,logistic_regression,1,0.5878047529,0.01233572827
2025-05-21,5,majority_baseline,1,0.600982375,0.01233572827
2025-05-21,5,random_forest,1,0.5172594007,0.01233572827
2025-05-22,5,catboost,1,0.5293444515,0.01080448543
2025-05-22,5,logistic_regression,1,0.5690957955,0.01080448543
2025-05-22,5,majority_baseline,1,0.600982375,0.01080448543
2025-05-22,5,random_forest,1,0.5182107754,0.01080448543
2025-05-23,5,catboost,1,0.5614149411,0.02348437593
2025-05-23,5,logistic_regression,1,0.5830999632,0.02348437593
2025-05-23,5,majority_baseline,1,0.600982375,0.02348437593
2025-05-23,5,random_forest,1,0.4929867582,0.02348437593
2025-05-27,5,catboost,1,0.4758256938,0.008356596965
2025-05-27,5,logistic_regression,1,0.5214718522,0.008356596965
2025-05-27,5,majority_baseline,1,0.600982375,0.008356596965
2025-05-27,5,random_forest,1,0.4071139842,0.008356596965
2025-05-28,5,catboost,1,0.4884641873,0.01395200598
2025-05-28,5,logistic_regression,1,0.5234315578,0.01395200598
2025-05-28,5,majority_baseline,1,0.600982375,0.01395200598
2025-05-28,5,random_forest,1,0.4402886715,0.01395200598
2025-05-29,5,catboost,1,0.5360557414,0.005084314994
2025-05-29,5,logistic_regression,1,0.5326730175,0.005084314994
2025-05-29,5,majority_baseline,1,0.600982375,0.005084314994
2025-05-29,5,random_forest,1,0.4158697177,0.005084314994
2025-05-30,5,catboost,1,0.3389850919,0.01654252661
2025-05-30,5,logistic_regression,1,0.4923248772,0.01654252661
2025-05-30,5,majority_baseline,1,0.600982375,0.01654252661
2025-05-30,5,random_forest,1,0.4052800006,0.01654252661
2025-06-02,5,catboost,1,0.4135080269,0.01175949527
2025-06-02,5,logistic_regression,1,0.5137671225,0.01175949527
2025-06-02,5,majority_baseline,1,0.600982375,0.01175949527
2025-06-02,5,random_forest,1,0.3887712011,0.01175949527
2025-06-03,5,catboost,1,0.4452675824,0.01172640018
2025-06-03,5,logistic_regression,1,0.5308200347,0.01172640018
2025-06-03,5,majority_baseline,1,0.600982375,0.01172640018
2025-06-03,5,random_forest,1,0.3972466279,0.01172640018
2025-06-04,5,catboost,1,0.493227783,0.009111796296
2025-06-04,5,logistic_regression,1,0.561762098,0.009111796296
2025-06-04,5,majority_baseline,1,0.600982375,0.009111796296
2025-06-04,5,random_forest,1,0.4495733012,0.009111796296
2025-06-05,5,catboost,1,0.4392090459,0.01804234452
2025-06-05,5,logistic_regression,1,0.5494493117,0.01804234452
2025-06-05,5,majority_baseline,1,0.600982375,0.01804234452
2025-06-05,5,random_forest,1,0.4264238105,0.01804234452
2025-06-06,5,catboost,0,0.4036544549,-0.003571810508
2025-06-06,5,logistic_regression,0,0.5443440112,-0.003571810508
2025-06-06,5,majority_baseline,0,0.600982375,-0.003571810508
2025-06-06,5,random_forest,0,0.4397507917,-0.003571810508
2025-06-09,5,catboost,1,0.5040159798,0.005002668151
2025-06-09,5,logistic_regression,1,0.6122887178,0.005002668151
2025-06-09,5,majority_baseline,1,0.600982375,0.005002668151
2025-06-09,5,random_forest,1,0.4846177363,0.005002668151
2025-06-10,5,catboost,0,0.4937731829,-0.009202738679
2025-06-10,5,logistic_regression,0,0.5653214143,-0.009202738679
2025-06-10,5,majority_baseline,0,0.600982375,-0.009202738679
2025-06-10,5,random_forest,0,0.4326173855,-0.009202738679
2025-06-11,5,catboost,0,0.3647607811,-0.006518529824
2025-06-11,5,logistic_regression,0,0.5472472623,-0.006518529824
2025-06-11,5,majority_baseline,0,0.600982375,-0.006518529824
2025-06-11,5,random_forest,0,0.3804142977,-0.006518529824
2025-06-12,5,catboost,0,0.4606351459,-0.01568525168
2025-06-12,5,logistic_regression,0,0.5567750253,-0.01568525168
2025-06-12,5,majority_baseline,0,0.600982375,-0.01568525168
2025-06-12,5,random_forest,0,0.4378308625,-0.01568525168
2025-06-13,5,catboost,1,0.540938339,0.005276422781
2025-06-13,5,logistic_regression,1,0.5295139932,0.005276422781
2025-06-13,5,majority_baseline,1,0.600982375,0.005276422781
2025-06-13,5,random_forest,1,0.4361979307,0.005276422781
2025-06-16,5,catboost,1,0.5084249119,0.006803007649
2025-06-16,5,logistic_regression,1,0.5012494452,0.006803007649
2025-06-16,5,majority_baseline,1,0.600982375,0.006803007649
2025-06-16,5,random_forest,1,0.4261727531,0.006803007649
2025-06-17,5,catboost,1,0.5039814096,0.01604934535
2025-06-17,5,logistic_regression,1,0.5123986133,0.01604934535
2025-06-17,5,majority_baseline,1,0.600982375,0.01604934535
2025-06-17,5,random_forest,1,0.4671722043,0.01604934535
2025-06-18,5,catboost,1,0.5938895209,0.02415304071
2025-06-18,5,logistic_regression,1,0.5393478775,0.02415304071
2025-06-18,5,majority_baseline,1,0.600982375,0.02415304071
2025-06-18,5,random_forest,1,0.4778624509,0.02415304071
2025-06-20,5,catboost,1,0.5854919567,0.03471417982
2025-06-20,5,logistic_regression,1,0.5311149104,0.03471417982
2025-06-20,5,majority_baseline,1,0.600982375,0.03471417982
2025-06-20,5,random_forest,1,0.4668779252,0.03471417982
2025-06-23,5,catboost,1,0.5068722157,0.02949254433
2025-06-23,5,logistic_regression,1,0.5124700597,0.02949254433
2025-06-23,5,majority_baseline,1,0.600982375,0.02949254433
2025-06-23,5,random_forest,1,0.4394354139,0.02949254433
2025-06-24,5,catboost,1,0.6260953322,0.01791422686
2025-06-24,5,logistic_regression,1,0.5466892174,0.01791422686
2025-06-24,5,majority_baseline,1,0.600982375,0.01791422686
2025-06-24,5,random_forest,1,0.4705483983,0.01791422686
2025-06-25,5,catboost,1,0.6019080152,0.02195614904
2025-06-25,5,logistic_regression,1,0.5698874303,0.02195614904
2025-06-25,5,majority_baseline,1,0.600982375,0.02195614904
2025-06-25,5,random_forest,1,0.4780253101,0.02195614904
2025-06-26,5,catboost,1,0.4983010435,0.02201453235
2025-06-26,5,logistic_regression,1,0.5502423479,0.02201453235
2025-06-26,5,majority_baseline,1,0.600982375,0.02201453235
2025-06-26,5,random_forest,1,0.4271324715,0.02201453235
2025-06-27,5,catboost,1,0.3993599892,0.009383519299
2025-06-27,5,logistic_regression,1,0.5118345669,0.009383519299
2025-06-27,5,majority_baseline,1,0.600982375,0.009383519299
2025-06-27,5,random_forest,1,0.3910570009,0.009383519299
2025-06-30,5,catboost,1,0.2766079281,0.004030187583
2025-06-30,5,logistic_regression,1,0.5097056897,0.004030187583
2025-06-30,5,majority_baseline,1,0.600982375,0.004030187583
2025-06-30,5,random_forest,1,0.3590822439,0.004030187583
2025-07-01,5,catboost,1,0.5700662948,0.01037800202
2025-07-01,5,logistic_regression,1,0.556894396,0.01037800202
2025-07-01,5,majority_baseline,1,0.600982375,0.01037800202
2025-07-01,5,random_forest,1,0.461436848,0.01037800202
2025-07-02,5,catboost,1,0.3649575815,0.008655000394
2025-07-02,5,logistic_regression,1,0.5929296294,0.008655000394
2025-07-02,5,majority_baseline,1,0.600982375,0.008655000394
2025-07-02,5,random_forest,1,0.389552733,0.008655000394
2025-07-03,5,catboost,0,0.6132637797,-0.00275055446
2025-07-03,5,logistic_regression,0,0.6198724852,-0.00275055446
2025-07-03,5,majority_baseline,0,0.600982375,-0.00275055446
2025-07-03,5,random_forest,0,0.4920743838,-0.00275055446
2025-07-07,5,catboost,1,0.5613764014,0.006654000368
2025-07-07,5,logistic_regression,1,0.6277416655,0.006654000368
2025-07-07,5,majority_baseline,1,0.600982375,0.006654000368
2025-07-07,5,random_forest,1,0.456771894,0.006654000368
2025-07-08,5,catboost,1,0.6623745862,0.002901614634
2025-07-08,5,logistic_regression,1,0.6197964597,0.002901614634
2025-07-08,5,majority_baseline,1,0.600982375,0.002901614634
2025-07-08,5,random_forest,1,0.5140074951,0.002901614634
2025-07-09,5,catboost,1,0.5379161983,0.0002563425001
2025-07-09,5,logistic_regression,1,0.6006959981,0.0002563425001
2025-07-09,5,majority_baseline,1,0.600982375,0.0002563425001
2025-07-09,5,random_forest,1,0.4819526301,0.0002563425001
2025-07-10,5,catboost,1,0.6069327975,0.003547299022
2025-07-10,5,logistic_regression,1,0.6074769689,0.003547299022
2025-07-10,5,majority_baseline,1,0.600982375,0.003547299022
2025-07-10,5,random_forest,1,0.4774349543,0.003547299022
2025-07-11,5,catboost,1,0.6744195815,0.006350056174
2025-07-11,5,logistic_regression,1,0.6088094211,0.006350056174
2025-07-11,5,majority_baseline,1,0.600982375,0.006350056174
2025-07-11,5,random_forest,1,0.513715174,0.006350056174
2025-07-14,5,catboost,1,0.6136241183,0.006337961805
2025-07-14,5,logistic_regression,1,0.6158759464,0.006337961805
2025-07-14,5,majority_baseline,1,0.600982375,0.006337961805
2025-07-14,5,random_forest,1,0.5097743957,0.006337961805
2025-07-15,5,catboost,1,0.6302770684,0.01080138014
2025-07-15,5,logistic_regression,1,0.6052459593,0.01080138014
2025-07-15,5,majority_baseline,1,0.600982375,0.01080138014
2025-07-15,5,random_forest,1,0.49735105,0.01080138014
2025-07-16,5,catboost,1,0.5428185808,0.01600405589
2025-07-16,5,logistic_regression,1,0.544306629,0.01600405589
2025-07-16,5,majority_baseline,1,0.600982375,0.01600405589
2025-07-16,5,random_forest,1,0.4699416486,0.01600405589
2025-07-17,5,catboost,1,0.5734725614,0.01015859678
2025-07-17,5,logistic_regression,1,0.5658003467,0.01015859678
2025-07-17,5,majority_baseline,1,0.600982375,0.01015859678
2025-07-17,5,random_forest,1,0.4708552968,0.01015859678
2025-07-18,5,catboost,1,0.5417224897,0.01516931426
2025-07-18,5,logistic_regression,1,0.585225725,0.01516931426
2025-07-18,5,majority_baseline,1,0.600982375,0.01516931426
2025-07-18,5,random_forest,1,0.4677758814,0.01516931426
2025-07-21,5,catboost,1,0.5796628915,0.01299359487
2025-07-21,5,logistic_regression,1,0.6113895077,0.01299359487
2025-07-21,5,majority_baseline,1,0.600982375,0.01299359487
2025-07-21,5,random_forest,1,0.4657127607,0.01299359487
2025-07-22,5,catboost,1,0.5674857894,0.01017718498
2025-07-22,5,logistic_regression,1,0.6199543881,0.01017718498
2025-07-22,5,majority_baseline,1,0.600982375,0.01017718498
2025-07-22,5,random_forest,1,0.4729301194,0.01017718498
2025-07-23,5,catboost,1,0.5454897505,0.0003941911848
2025-07-23,5,logistic_regression,1,0.5804645632,0.0003941911848
2025-07-23,5,majority_baseline,1,0.600982375,0.0003941911848
2025-07-23,5,random_forest,1,0.4577127665,0.0003941911848
2025-07-24,5,catboost,0,0.4945877362,-0.003688354502
2025-07-24,5,logistic_regression,0,0.5674128695,-0.003688354502
2025-07-24,5,majority_baseline,0,0.600982375,-0.003688354502
2025-07-24,5,random_forest,0,0.4470807788,-0.003688354502
2025-07-25,5,catboost,0,0.5574654593,-0.02414064588
2025-07-25,5,logistic_regression,0,0.6050339633,-0.02414064588
2025-07-25,5,majority_baseline,0,0.600982375,-0.02414064588
2025-07-25,5,random_forest,0,0.4684080722,-0.02414064588
2025-07-28,5,catboost,0,0.5489545808,-0.009058968629
2025-07-28,5,logistic_regression,0,0.6194889098,-0.009058968629
2025-07-28,5,majority_baseline,0,0.600982375,-0.009058968629
2025-07-28,5,random_forest,0,0.4712145657,-0.009058968629
2025-07-29,5,catboost,0,0.5822661685,-0.01147567766
2025-07-29,5,logistic_regression,0,0.6221129219,-0.01147567766
2025-07-29,5,majority_baseline,0,0.600982375,-0.01147567766
2025-07-29,5,random_forest,0,0.4997106609,-0.01147567766
2025-07-30,5,catboost,0,0.5505421817,-0.002647909469
2025-07-30,5,logistic_regression,0,0.5607488022,-0.002647909469
2025-07-30,5,majority_baseline,0,0.600982375,-0.002647909469
2025-07-30,5,random_forest,0,0.4802477028,-0.002647909469
2025-07-31,5,catboost,1,0.5271445995,0.0002689262362
2025-07-31,5,logistic_regression,1,0.509255101,0.0002689262362
2025-07-31,5,majority_baseline,1,0.600982375,0.0002689262362
2025-07-31,5,random_forest,1,0.4770003072,0.0002689262362
2025-08-01,5,catboost,1,0.5201784898,0.02486653595
2025-08-01,5,logistic_regression,1,0.5082258964,0.02486653595
2025-08-01,5,majority_baseline,1,0.600982375,0.02486653595
2025-08-01,5,random_forest,1,0.4849231535,0.02486653595
2025-08-04,5,catboost,1,0.6311146367,0.007525706432
2025-08-04,5,logistic_regression,1,0.552024489,0.007525706432
2025-08-04,5,majority_baseline,1,0.600982375,0.007525706432
2025-08-04,5,random_forest,1,0.4605279895,0.007525706432
2025-08-05,5,catboost,1,0.5467469011,0.02344066179
2025-08-05,5,logistic_regression,1,0.5920877402,0.02344066179
2025-08-05,5,majority_baseline,1,0.600982375,0.02344066179
2025-08-05,5,random_forest,1,0.4697872544,0.02344066179
2025-08-06,5,catboost,1,0.5437529033,0.01913774888
2025-08-06,5,logistic_regression,1,0.5850275496,0.01913774888
2025-08-06,5,majority_baseline,1,0.600982375,0.01913774888
2025-08-06,5,random_forest,1,0.4586156789,0.01913774888
2025-08-07,5,catboost,1,0.5130954408,0.0200870102
2025-08-07,5,logistic_regression,1,0.5846715199,0.0200870102
2025-08-07,5,majority_baseline,1,0.600982375,0.0200870102
2025-08-07,5,random_forest,1,0.4654387722,0.0200870102
2025-08-08,5,catboost,1,0.6009007439,0.009824554713
2025-08-08,5,logistic_regression,1,0.5700322991,0.009824554713
2025-08-08,5,majority_baseline,1,0.600982375,0.009824554713
2025-08-08,5,random_forest,1,0.5096776309,0.009824554713
2025-08-11,5,catboost,1,0.5608602958,0.01160524138
2025-08-11,5,logistic_regression,1,0.5931166299,0.01160524138
2025-08-11,5,majority_baseline,1,0.600982375,0.01160524138
2025-08-11,5,random_forest,1,0.5030554969,0.01160524138
2025-08-12,5,catboost,0,0.6277724742,-0.004481172555
2025-08-12,5,logistic_regression,0,0.5898492115,-0.004481172555
2025-08-12,5,majority_baseline,0,0.600982375,-0.004481172555
2025-08-12,5,random_forest,0,0.5116698147,-0.004481172555
2025-08-13,5,catboost,0,0.6649323219,-0.01051346593
2025-08-13,5,logistic_regression,0,0.5798618499,-0.01051346593
2025-08-13,5,majority_baseline,0,0.600982375,-0.01051346593
2025-08-13,5,random_forest,0,0.5330904676,-0.01051346593
2025-08-14,5,catboost,0,0.6625546687,-0.01457481079
2025-08-14,5,logistic_regression,0,0.5971859814,-0.01457481079
2025-08-14,5,majority_baseline,0,0.600982375,-0.01457481079
2025-08-14,5,random_forest,0,0.5354819781,-0.01457481079
2025-08-15,5,catboost,1,0.5627886077,0.002906246415
2025-08-15,5,logistic_regression,1,0.6213239009,0.002906246415
2025-08-15,5,majority_baseline,1,0.600982375,0.002906246415
2025-08-15,5,random_forest,1,0.5163719189,0.002906246415
2025-08-18,5,catboost,0,0.5445744183,-0.001290248897
2025-08-18,5,logistic_regression,0,0.6144758481,-0.001290248897
2025-08-18,5,majority_baseline,0,0.600982375,-0.001290248897
2025-08-18,5,random_forest,0,0.53413054,-0.001290248897
2025-08-19,5,catboost,1,0.7260349801,0.008361819165
2025-08-19,5,logistic_regression,1,0.6485951195,0.008361819165
2025-08-19,5,majority_baseline,1,0.600982375,0.008361819165
2025-08-19,5,random_forest,1,0.5520044403,0.008361819165
2025-08-20,5,catboost,1,0.6451525652,0.01335196078
2025-08-20,5,logistic_regression,1,0.5888818955,0.01335196078
2025-08-20,5,majority_baseline,1,0.600982375,0.01335196078
2025-08-20,5,random_forest,1,0.5048853412,0.01335196078
2025-08-21,5,catboost,1,0.6707159081,0.02103688987
2025-08-21,5,logistic_regression,1,0.6095138974,0.02103688987
2025-08-21,5,majority_baseline,1,0.600982375,0.02103688987
2025-08-21,5,random_forest,1,0.5340672917,0.02103688987
2025-08-22,5,catboost,0,0.6149471441,-0.0004029223179
2025-08-22,5,logistic_regression,0,0.5824819664,-0.0004029223179
2025-08-22,5,majority_baseline,0,0.600982375,-0.0004029223179
2025-08-22,5,random_forest,0,0.5072162737,-0.0004029223179
2025-08-25,5,catboost,0,0.6920586507,-0.003424208602
2025-08-25,5,logistic_regression,0,0.5856769348,-0.003424208602
2025-08-25,5,majority_baseline,0,0.600982375,-0.003424208602
2025-08-25,5,random_forest,0,0.5371758624,-0.003424208602
2025-08-26,5,catboost,0,0.5976869695,-0.002200977989
2025-08-26,5,logistic_regression,0,0.6047633315,-0.002200977989
2025-08-26,5,majority_baseline,0,0.600982375,-0.002200977989
2025-08-26,5,random_forest,0,0.5261804654,-0.002200977989
2025-08-27,5,catboost,1,0.6071271633,0.00385071862
2025-08-27,5,logistic_regression,1,0.5940726003,0.00385071862
2025-08-27,5,majority_baseline,1,0.600982375,0.00385071862
2025-08-27,5,random_forest,1,0.5253027575,0.00385071862
2025-08-28,5,catboost,0,0.6670743336,-0.002588905788
2025-08-28,5,logistic_regression,0,0.5941520667,-0.002588905788
2025-08-28,5,majority_baseline,0,0.600982375,-0.002588905788
2025-08-28,5,random_forest,0,0.5296125601,-0.002588905788
2025-08-29,5,catboost,1,0.6728168724,0.005860056386
2025-08-29,5,logistic_regression,1,0.5786207686,0.005860056386
2025-08-29,5,majority_baseline,1,0.600982375,0.005860056386
2025-08-29,5,random_forest,1,0.5244335329,0.005860056386
2025-09-02,5,catboost,1,0.5976601308,0.01571211722
2025-09-02,5,logistic_regression,1,0.5622313854,0.01571211722
2025-09-02,5,majority_baseline,1,0.600982375,0.01571211722
2025-09-02,5,random_forest,1,0.4818714475,0.01571211722
2025-09-03,5,catboost,1,0.5934422849,0.01315753554
2025-09-03,5,logistic_regression,1,0.5794027256,0.01315753554
2025-09-03,5,majority_baseline,1,0.600982375,0.01315753554
2025-09-03,5,random_forest,1,0.4780521857,0.01315753554
2025-09-04,5,catboost,1,0.5280576319,0.01311007189
2025-09-04,5,logistic_regression,1,0.5878777226,0.01311007189
2025-09-04,5,majority_baseline,1,0.600982375,0.01311007189
2025-09-04,5,random_forest,1,0.4637301194,0.01311007189
2025-09-05,5,catboost,1,0.5306048701,0.01571284694
2025-09-05,5,logistic_regression,1,0.5773281449,0.01571284694
2025-09-05,5,majority_baseline,1,0.600982375,0.01571284694
2025-09-05,5,random_forest,1,0.4580592186,0.01571284694
2025-09-08,5,catboost,1,0.5221905837,0.01861805971
2025-09-08,5,logistic_regression,1,0.5797446604,0.01861805971
2025-09-08,5,majority_baseline,1,0.600982375,0.01861805971
2025-09-08,5,random_forest,1,0.4625758341,0.01861805971
2025-09-09,5,catboost,1,0.5152716539,0.01486934732
2025-09-09,5,logistic_regression,1,0.5968657361,0.01486934732
2025-09-09,5,majority_baseline,1,0.600982375,0.01486934732
2025-09-09,5,random_forest,1,0.468183492,0.01486934732
2025-09-10,5,catboost,1,0.5672991566,0.01068669672
2025-09-10,5,logistic_regression,1,0.5619756579,0.01068669672
2025-09-10,5,majority_baseline,1,0.600982375,0.01068669672
2025-09-10,5,random_forest,1,0.4729834749,0.01068669672
2025-09-11,5,catboost,1,0.5399949065,0.007040440469
2025-09-11,5,logistic_regression,1,0.5555990932,0.007040440469
2025-09-11,5,majority_baseline,1,0.600982375,0.007040440469
2025-09-11,5,random_forest,1,0.4654722961,0.007040440469
2025-09-12,5,catboost,1,0.5230056702,0.009567909459
2025-09-12,5,logistic_regression,1,0.556836201,0.009567909459
2025-09-12,5,majority_baseline,1,0.600982375,0.009567909459
2025-09-12,5,random_forest,1,0.4712547852,0.009567909459
2025-09-15,5,catboost,1,0.3859047941,0.00897255911
2025-09-15,5,logistic_regression,1,0.5808803877,0.00897255911
2025-09-15,5,majority_baseline,1,0.600982375,0.00897255911
2025-09-15,5,random_forest,1,0.4509051848,0.00897255911
2025-09-16,5,catboost,1,0.5149121934,0.004863669697
2025-09-16,5,logistic_regression,1,0.6160682055,0.004863669697
2025-09-16,5,majority_baseline,1,0.600982375,0.004863669697
2025-09-16,5,random_forest,1,0.4652759872,0.004863669697
2025-09-17,5,catboost,1,0.6411627214,0.002912683821
2025-09-17,5,logistic_regression,1,0.5619616995,0.002912683821
2025-09-17,5,majority_baseline,1,0.600982375,0.002912683821
2025-09-17,5,random_forest,1,0.5122200861,0.002912683821
2025-09-18,5,catboost,0,0.5442176829,-0.006357053027
2025-09-18,5,logistic_regression,0,0.5253124859,-0.006357053027
2025-09-18,5,majority_baseline,0,0.600982375,-0.006357053027
2025-09-18,5,random_forest,0,0.4685669625,-0.006357053027
2025-09-19,5,catboost,0,0.5106748663,-0.002832612423
2025-09-19,5,logistic_regression,0,0.5341407315,-0.002832612423
2025-09-19,5,majority_baseline,0,0.600982375,-0.002832612423
2025-09-19,5,random_forest,0,0.466387998,-0.002832612423
2025-09-22,5,catboost,0,0.5186788541,-0.004738819016
2025-09-22,5,logistic_regression,0,0.5773767357,-0.004738819016
2025-09-22,5,majority_baseline,0,0.600982375,-0.004738819016
2025-09-22,5,random_forest,0,0.4845395195,-0.004738819016
2025-09-23,5,catboost,1,0.6208952362,0.004478175241
2025-09-23,5,logistic_regression,1,0.593392794,0.004478175241
2025-09-23,5,majority_baseline,1,0.600982375,0.004478175241
2025-09-23,5,random_forest,1,0.498367722,0.004478175241
2025-09-24,5,catboost,1,0.6434669869,0.01111788969
2025-09-24,5,logistic_regression,1,0.6164989498,0.01111788969
2025-09-24,5,majority_baseline,1,0.600982375,0.01111788969
2025-09-24,5,random_forest,1,0.520615502,0.01111788969
2025-09-25,5,catboost,1,0.6387230828,0.01697436837
2025-09-25,5,logistic_regression,1,0.5810441062,0.01697436837
2025-09-25,5,majority_baseline,1,0.600982375,0.01697436837
2025-09-25,5,random_forest,1,0.5142905017,0.01697436837
2025-09-26,5,catboost,1,0.6100143951,0.0111662002
2025-09-26,5,logistic_regression,1,0.6000329267,0.0111662002
2025-09-26,5,majority_baseline,1,0.600982375,0.0111662002
2025-09-26,5,random_forest,1,0.4758312535,0.0111662002
2025-09-29,5,catboost,1,0.5653451545,0.01194851854
2025-09-29,5,logistic_regression,1,0.5970807212,0.01194851854
2025-09-29,5,majority_baseline,1,0.600982375,0.01194851854
2025-09-29,5,random_forest,1,0.4688775934,0.01194851854
2025-09-30,5,catboost,1,0.6002212671,0.004413225303
2025-09-30,5,logistic_regression,1,0.5755047551,0.004413225303
2025-09-30,5,majority_baseline,1,0.600982375,0.004413225303
2025-09-30,5,random_forest,1,0.4703583258,0.004413225303
2025-10-01,5,catboost,1,0.5527408559,0.006971311414
2025-10-01,5,logistic_regression,1,0.6005661528,0.006971311414
2025-10-01,5,majority_baseline,1,0.600982375,0.006971311414
2025-10-01,5,random_forest,1,0.4611875162,0.006971311414
2025-10-02,5,catboost,1,0.6537276375,0.002898900937
2025-10-02,5,logistic_regression,1,0.6349086483,0.002898900937
2025-10-02,5,majority_baseline,1,0.600982375,0.002898900937
2025-10-02,5,random_forest,1,0.5016798254,0.002898900937
2025-10-03,5,catboost,0,0.6287335129,-0.02419270777
2025-10-03,5,logistic_regression,0,0.6270799029,-0.02419270777
2025-10-03,5,majority_baseline,0,0.600982375,-0.02419270777
2025-10-03,5,random_forest,0,0.4814970794,-0.02419270777
2025-10-06,5,catboost,0,0.5598399162,-0.01276039306
2025-10-06,5,logistic_regression,0,0.6316833978,-0.01276039306
2025-10-06,5,majority_baseline,0,0.600982375,-0.01276039306
2025-10-06,5,random_forest,0,0.4797102274,-0.01276039306
2025-10-07,5,catboost,0,0.6344349793,-0.01029712854
2025-10-07,5,logistic_regression,0,0.6337648024,-0.01029712854
2025-10-07,5,majority_baseline,0,0.600982375,-0.01029712854
2025-10-07,5,random_forest,0,0.487189937,-0.01029712854
2025-10-08,5,catboost,0,0.5676406969,-0.01179599571
2025-10-08,5,logistic_regression,0,0.6284265101,-0.01179599571
2025-10-08,5,majority_baseline,0,0.600982375,-0.01179599571
2025-10-08,5,random_forest,0,0.4735141413,-0.01179599571
2025-10-09,5,catboost,0,0.6409986409,-0.01567429364
2025-10-09,5,logistic_regression,0,0.6365793744,-0.01567429364
2025-10-09,5,majority_baseline,0,0.600982375,-0.01567429364
2025-10-09,5,random_forest,0,0.4815565412,-0.01567429364
2025-10-10,5,catboost,1,0.6671491649,0.01741140357
2025-10-10,5,logistic_regression,1,0.617562148,0.01741140357
2025-10-10,5,majority_baseline,1,0.600982375,0.01741140357
2025-10-10,5,random_forest,1,0.5371243461,0.01741140357
2025-10-13,5,catboost,1,0.736892229,0.01245778546
2025-10-13,5,logistic_regression,1,0.5645408498,0.01245778546
2025-10-13,5,majority_baseline,1,0.600982375,0.01245778546
2025-10-13,5,random_forest,1,0.5273277425,0.01245778546
2025-10-14,5,catboost,1,0.5645307072,0.013681044
2025-10-14,5,logistic_regression,1,0.5857451386,0.013681044
2025-10-14,5,majority_baseline,1,0.600982375,0.013681044
2025-10-14,5,random_forest,1,0.4816915362,0.013681044
2025-10-15,5,catboost,1,0.5577590273,0.003953883921
2025-10-15,5,logistic_regression,1,0.5826109258,0.003953883921
2025-10-15,5,majority_baseline,1,0.600982375,0.003953883921
2025-10-15,5,random_forest,1,0.4845370865,0.003953883921
2025-10-16,5,catboost,1,0.624861977,0.01683215511
2025-10-16,5,logistic_regression,1,0.5724096649,0.01683215511
2025-10-16,5,majority_baseline,1,0.600982375,0.01683215511
2025-10-16,5,random_forest,1,0.5056008117,0.01683215511
2025-10-17,5,catboost,1,0.529946915,0.01935607868
2025-10-17,5,logistic_regression,1,0.548967601,0.01935607868
2025-10-17,5,majority_baseline,1,0.600982375,0.01935607868
2025-10-17,5,random_forest,1,0.49543084,0.01935607868
2025-10-20,5,catboost,1,0.6835407784,0.02076568249
2025-10-20,5,logistic_regression,1,0.5611741834,0.02076568249
2025-10-20,5,majority_baseline,1,0.600982375,0.02076568249
2025-10-20,5,random_forest,1,0.5451464154,0.02076568249
2025-10-21,5,catboost,1,0.6581873321,0.02349211238
2025-10-21,5,logistic_regression,1,0.5984610173,0.02349211238
2025-10-21,5,majority_baseline,1,0.600982375,0.02349211238
2025-10-21,5,random_forest,1,0.5324826342,0.02349211238
2025-10-22,5,catboost,1,0.5917277364,0.02933517095
2025-10-22,5,logistic_regression,1,0.6134453549,0.02933517095
2025-10-22,5,majority_baseline,1,0.600982375,0.02933517095
2025-10-22,5,random_forest,1,0.5065353854,0.02933517095
2025-10-23,5,catboost,1,0.6342244751,0.0120132297
2025-10-23,5,logistic_regression,1,0.587142317,0.0120132297
2025-10-23,5,majority_baseline,1,0.600982375,0.0120132297
2025-10-23,5,random_forest,1,0.5215796964,0.0120132297
2025-10-24,5,catboost,1,0.6690725994,0.00710224821
2025-10-24,5,logistic_regression,1,0.6069839071,0.00710224821
2025-10-24,5,majority_baseline,1,0.600982375,0.00710224821
2025-10-24,5,random_forest,1,0.5356352047,0.00710224821
2025-10-27,5,catboost,0,0.7085546114,-0.002772697635
2025-10-27,5,logistic_regression,0,0.5737316916,-0.002772697635
2025-10-27,5,majority_baseline,0,0.600982375,-0.002772697635
2025-10-27,5,random_forest,0,0.5627182106,-0.002772697635
2025-10-28,5,catboost,0,0.6946071416,-0.0172037485
2025-10-28,5,logistic_regression,0,0.5899703485,-0.0172037485
2025-10-28,5,majority_baseline,0,0.600982375,-0.0172037485
2025-10-28,5,random_forest,0,0.5705111725,-0.0172037485
2025-10-29,5,catboost,0,0.6422591597,-0.01427137039
2025-10-29,5,logistic_regression,0,0.5872899301,-0.01427137039
2025-10-29,5,majority_baseline,0,0.600982375,-0.01427137039
2025-10-29,5,random_forest,0,0.513065723,-0.01427137039
2025-10-30,5,catboost,0,0.6264667835,-0.01400352921
2025-10-30,5,logistic_regression,0,0.6012396798,-0.01400352921
2025-10-30,5,majority_baseline,0,0.600982375,-0.01400352921
2025-10-30,5,random_forest,0,0.5389925065,-0.01400352921
2025-10-31,5,catboost,0,0.6237036894,-0.0162596061
2025-10-31,5,logistic_regression,0,0.5892422625,-0.0162596061
2025-10-31,5,majority_baseline,0,0.600982375,-0.0162596061
2025-10-31,5,random_forest,0,0.5350123092,-0.0162596061
2025-11-03,5,catboost,0,0.6384034783,-0.002780496422
2025-11-03,5,logistic_regression,0,0.5853476299,-0.002780496422
2025-11-03,5,majority_baseline,0,0.600982375,-0.002780496422
2025-11-03,5,random_forest,0,0.5627914316,-0.002780496422
2025-11-04,5,catboost,1,0.629047922,0.01149222486
2025-11-04,5,logistic_regression,1,0.621905433,0.01149222486
2025-11-04,5,majority_baseline,1,0.600982375,0.01149222486
2025-11-04,5,random_forest,1,0.5314656871,0.01149222486
2025-11-05,5,catboost,1,0.5539699376,0.008559856627
2025-11-05,5,logistic_regression,1,0.603078334,0.008559856627
2025-11-05,5,majority_baseline,1,0.600982375,0.008559856627
2025-11-05,5,random_forest,1,0.5048210072,0.008559856627
2025-11-06,5,catboost,1,0.552634884,0.002580866176
2025-11-06,5,logistic_regression,1,0.6069324054,0.002580866176
2025-11-06,5,majority_baseline,1,0.600982375,0.002580866176
2025-11-06,5,random_forest,1,0.4922473408,0.002580866176
2025-11-07,5,catboost,1,0.5703688156,0.001430797267
2025-11-07,5,logistic_regression,1,0.5750052601,0.001430797267
2025-11-07,5,majority_baseline,1,0.600982375,0.001430797267
2025-11-07,5,random_forest,1,0.4896365442,0.001430797267
2025-11-10,5,catboost,0,0.6027913441,-0.02314219806
2025-11-10,5,logistic_regression,0,0.553681631,-0.02314219806
2025-11-10,5,majority_baseline,0,0.600982375,-0.02314219806
2025-11-10,5,random_forest,0,0.5029014219,-0.02314219806
2025-11-11,5,catboost,0,0.6039235449,-0.03355780805
2025-11-11,5,logistic_regression,0,0.5926797574,-0.03355780805
2025-11-11,5,majority_baseline,0,0.600982375,-0.03355780805
2025-11-11,5,random_forest,0,0.5267545443,-0.03355780805
2025-11-12,5,catboost,0,0.6096348637,-0.03036377982
2025-11-12,5,logistic_regression,0,0.6085865367,-0.03036377982
2025-11-12,5,majority_baseline,0,0.600982375,-0.03036377982
2025-11-12,5,random_forest,0,0.514722209,-0.03036377982
2025-11-13,5,catboost,0,0.5631481898,-0.02903093467
2025-11-13,5,logistic_regression,0,0.5937678119,-0.02903093467
2025-11-13,5,majority_baseline,0,0.600982375,-0.02903093467
2025-11-13,5,random_forest,0,0.5015734242,-0.02903093467
2025-11-14,5,catboost,0,0.5384788339,-0.01919837415
2025-11-14,5,logistic_regression,0,0.560081106,-0.01919837415
2025-11-14,5,majority_baseline,0,0.600982375,-0.01919837415
2025-11-14,5,random_forest,0,0.4824899203,-0.01919837415
2025-11-17,5,catboost,1,0.6134407276,0.004596868837
2025-11-17,5,logistic_regression,1,0.5776712304,0.004596868837
2025-11-17,5,majority_baseline,1,0.600982375,0.004596868837
2025-11-17,5,random_forest,1,0.4961023911,0.004596868837
2025-11-18,5,catboost,1,0.6129241373,0.02263362322
2025-11-18,5,logistic_regression,1,0.5724668704,0.02263362322
2025-11-18,5,majority_baseline,1,0.600982375,0.02263362322
2025-11-18,5,random_forest,1,0.4932504445,0.02263362322
2025-11-19,5,catboost,1,0.5701722833,0.02573078139
2025-11-19,5,logistic_regression,1,0.5779320712,0.02573078139
2025-11-19,5,majority_baseline,1,0.600982375,0.02573078139
2025-11-19,5,random_forest,1,0.493477522,0.02573078139
2025-11-20,5,catboost,1,0.6772318211,0.04729282012
2025-11-20,5,logistic_regression,1,0.5950375894,0.04729282012
2025-11-20,5,majority_baseline,1,0.600982375,0.04729282012
2025-11-20,5,random_forest,1,0.5299027606,0.04729282012
2025-11-21,5,catboost,1,0.6701096418,0.03222916901
2025-11-21,5,logistic_regression,1,0.5618971092,0.03222916901
2025-11-21,5,majority_baseline,1,0.600982375,0.03222916901
2025-11-21,5,random_forest,1,0.5218294062,0.03222916901
2025-11-24,5,catboost,1,0.6311184172,0.01914083288
2025-11-24,5,logistic_regression,1,0.5519005956,0.01914083288
2025-11-24,5,majority_baseline,1,0.600982375,0.01914083288
2025-11-24,5,random_forest,1,0.5099059591,0.01914083288
2025-11-25,5,catboost,1,0.6271276592,0.01314034376
2025-11-25,5,logistic_regression,1,0.5681932239,0.01314034376
2025-11-25,5,majority_baseline,1,0.600982375,0.01314034376
2025-11-25,5,random_forest,1,0.5020420437,0.01314034376
2025-11-26,5,catboost,1,0.6864602267,0.006929763934
2025-11-26,5,logistic_regression,1,0.5614357576,0.006929763934
2025-11-26,5,majority_baseline,1,0.600982375,0.006929763934
2025-11-26,5,random_forest,1,0.5407458602,0.006929763934
2025-11-28,5,catboost,1,0.7511489005,0.003365556638
2025-11-28,5,logistic_regression,1,0.6026220167,0.003365556638
2025-11-28,5,majority_baseline,1,0.600982375,0.003365556638
2025-11-28,5,random_forest,1,0.5904402737,0.003365556638
2025-12-01,5,catboost,1,0.7125686032,0.004939193708
2025-12-01,5,logistic_regression,1,0.63226911,0.004939193708
2025-12-01,5,majority_baseline,1,0.600982375,0.004939193708
2025-12-01,5,random_forest,1,0.5569427873,0.004939193708
2025-12-02,5,catboost,1,0.6584839634,0.002215527761
2025-12-02,5,logistic_regression,1,0.6281743891,0.002215527761
2025-12-02,5,majority_baseline,1,0.600982375,0.002215527761
2025-12-02,5,random_forest,1,0.5480792917,0.002215527761
2025-12-03,5,catboost,1,0.6782647197,0.005380971533
2025-12-03,5,logistic_regression,1,0.638594879,0.005380971533
2025-12-03,5,majority_baseline,1,0.600982375,0.005380971533
2025-12-03,5,random_forest,1,0.5608684915,0.005380971533
2025-12-04,5,catboost,1,0.6554386894,0.006984275337
2025-12-04,5,logistic_regression,1,0.6358518508,0.006984275337
2025-12-04,5,majority_baseline,1,0.600982375,0.006984275337
2025-12-04,5,random_forest,1,0.5593406091,0.006984275337
2025-12-05,5,catboost,0,0.6312091502,-0.005731442177
2025-12-05,5,logistic_regression,0,0.6518740684,-0.005731442177
2025-12-05,5,majority_baseline,0,0.600982375,-0.005731442177
2025-12-05,5,random_forest,0,0.5433843491,-0.005731442177
2025-12-08,5,catboost,0,0.682927044,-0.004242096425
2025-12-08,5,logistic_regression,0,0.6413201258,-0.004242096425
2025-12-08,5,majority_baseline,0,0.600982375,-0.004242096425
2025-12-08,5,random_forest,0,0.5718228069,-0.004242096425
2025-12-09,5,catboost,0,0.603852107,-0.006105034894
2025-12-09,5,logistic_regression,0,0.6349168765,-0.006105034894
2025-12-09,5,majority_baseline,0,0.600982375,-0.006105034894
2025-12-09,5,random_forest,0,0.5377144423,-0.006105034894
2025-12-10,5,catboost,0,0.6172047929,-0.02351758036
2025-12-10,5,logistic_regression,0,0.6082269658,-0.02351758036
2025-12-10,5,majority_baseline,0,0.600982375,-0.02351758036
2025-12-10,5,random_forest,0,0.5219331262,-0.02351758036
2025-12-11,5,catboost,0,0.5744865896,-0.01842798223
2025-12-11,5,logistic_regression,0,0.5670838506,-0.01842798223
2025-12-11,5,majority_baseline,0,0.600982375,-0.01842798223
2025-12-11,5,random_forest,0,0.5113947091,-0.01842798223
2025-12-12,5,catboost,0,0.579251568,-0.001716121338
2025-12-12,5,logistic_regression,0,0.5855774488,-0.001716121338
2025-12-12,5,majority_baseline,0,0.600982375,-0.001716121338
2025-12-12,5,random_forest,0,0.5067914504,-0.001716121338
2025-12-15,5,catboost,1,0.5633395864,0.006022999893
2025-12-15,5,logistic_regression,1,0.5871311504,0.006022999893
2025-12-15,5,majority_baseline,1,0.600982375,0.006022999893
2025-12-15,5,random_forest,1,0.4935585436,0.006022999893
2025-12-16,5,catboost,1,0.6054358303,0.01338993764
2025-12-16,5,logistic_regression,1,0.5853825942,0.01338993764
2025-12-16,5,majority_baseline,1,0.600982375,0.01338993764
2025-12-16,5,random_forest,1,0.5108911444,0.01338993764
2025-12-17,5,catboost,1,0.5823294093,0.02826925798
2025-12-17,5,logistic_regression,1,0.5954506148,0.02826925798
2025-12-17,5,majority_baseline,1,0.600982375,0.02826925798
2025-12-17,5,random_forest,1,0.4972212175,0.02826925798
2025-12-18,5,catboost,1,0.6261277258,0.02045918888
2025-12-18,5,logistic_regression,1,0.57985595,0.02045918888
2025-12-18,5,majority_baseline,1,0.600982375,0.02045918888
2025-12-18,5,random_forest,1,0.5096792853,0.02045918888
2025-12-19,5,catboost,1,0.544786708,0.01066713941
2025-12-19,5,logistic_regression,1,0.5680201649,0.01066713941
2025-12-19,5,majority_baseline,1,0.600982375,0.01066713941
2025-12-19,5,random_forest,1,0.4906223647,0.01066713941
2025-12-22,5,catboost,1,0.5115995981,0.003183261022
2025-12-22,5,logistic_regression,1,0.6017566115,0.003183261022
2025-12-22,5,majority_baseline,1,0.600982375,0.003183261022
2025-12-22,5,random_forest,1,0.4842826075,0.003183261022
2025-12-23,5,catboost,0,0.4704015244,-0.008779636762
2025-12-23,5,logistic_regression,0,0.620596111,-0.008779636762
2025-12-23,5,majority_baseline,0,0.600982375,-0.008779636762
2025-12-23,5,random_forest,0,0.4594936941,-0.008779636762
2025-12-24,5,catboost,0,0.6265062677,-0.01044355565
2025-12-24,5,logistic_regression,0,0.6232973622,-0.01044355565
2025-12-24,5,majority_baseline,0,0.600982375,-0.01044355565
2025-12-24,5,random_forest,0,0.5029813489,-0.01044355565
2025-12-26,5,catboost,0,0.6048880203,-0.003751976516
2025-12-26,5,logistic_regression,0,0.6419770312,-0.003751976516
2025-12-26,5,majority_baseline,0,0.600982375,-0.003751976516
2025-12-26,5,random_forest,0,0.4830632266,-0.003751976516
2025-12-29,5,catboost,1,0.6357260028,0.005757101316
2025-12-29,5,logistic_regression,1,0.6606448492,0.005757101316
2025-12-29,5,majority_baseline,1,0.600982375,0.005757101316
2025-12-29,5,random_forest,1,0.5165424352,0.005757101316
2025-12-30,5,catboost,1,0.5977846861,0.003740858595
2025-12-30,5,logistic_regression,1,0.6417416463,0.003740858595
2025-12-30,5,majority_baseline,1,0.600982375,0.003740858595
2025-12-30,5,random_forest,1,0.4957163139,0.003740858595
2025-12-31,5,catboost,1,0.6905350159,0.0111303776
2025-12-31,5,logistic_regression,1,0.6692595724,0.0111303776
2025-12-31,5,majority_baseline,1,0.600982375,0.0111303776
2025-12-31,5,random_forest,1,0.5295599845,0.0111303776
2026-01-02,5,catboost,1,0.6009576995,0.01595506927
2026-01-02,5,logistic_regression,1,0.6351659043,0.01595506927
2026-01-02,5,majority_baseline,1,0.600982375,0.01595506927
2026-01-02,5,random_forest,1,0.4897310126,0.01595506927
2026-01-05,5,catboost,1,0.5196959188,0.01081836026
2026-01-05,5,logistic_regression,1,0.606345514,0.01081836026
2026-01-05,5,majority_baseline,1,0.600982375,0.01081836026
2026-01-05,5,random_forest,1,0.4622181091,0.01081836026
2026-01-06,5,catboost,1,0.4785490836,0.002833179496
2026-01-06,5,logistic_regression,1,0.6064342046,0.002833179496
2026-01-06,5,majority_baseline,1,0.600982375,0.002833179496
2026-01-06,5,random_forest,1,0.4596127202,0.002833179496
2026-01-07,5,catboost,1,0.4630905363,0.001131077294
2026-01-07,5,logistic_regression,1,0.6130676912,0.001131077294
2026-01-07,5,majority_baseline,1,0.600982375,0.001131077294
2026-01-07,5,random_forest,1,0.4560647204,0.001131077294
2026-01-08,5,catboost,1,0.5281332274,0.003959304957
2026-01-08,5,logistic_regression,1,0.6138447226,0.003959304957
2026-01-08,5,majority_baseline,1,0.600982375,0.003959304957
2026-01-08,5,random_forest,1,0.4741529119,0.003959304957
2026-01-09,5,catboost,0,0.5577096545,-0.003472321487
2026-01-09,5,logistic_regression,0,0.5966977502,-0.003472321487
2026-01-09,5,majority_baseline,0,0.600982375,-0.003472321487
2026-01-09,5,random_forest,0,0.4717829811,-0.003472321487
2026-01-12,5,catboost,0,0.5218518804,-0.02528907975
2026-01-12,5,logistic_regression,0,0.5893726158,-0.02528907975
2026-01-12,5,majority_baseline,0,0.600982375,-0.02528907975
2026-01-12,5,random_forest,0,0.4715151972,-0.02528907975
2026-01-13,5,catboost,0,0.5743627585,-0.01206450966
2026-01-13,5,logistic_regression,0,0.6125843441,-0.01206450966
2026-01-13,5,majority_baseline,0,0.600982375,-0.01206450966
2026-01-13,5,random_forest,0,0.4817988322,-0.01206450966
2026-01-14,5,catboost,0,0.6309864133,-0.001998964206
2026-01-14,5,logistic_regression,0,0.5974424527,-0.001998964206
2026-01-14,5,majority_baseline,0,0.600982375,-0.001998964206
2026-01-14,5,random_forest,0,0.5111388716,-0.001998964206
2026-01-15,5,catboost,0,0.5928004691,-0.004348217009
2026-01-15,5,logistic_regression,0,0.6000793626,-0.004348217009
2026-01-15,5,majority_baseline,0,0.600982375,-0.004348217009
2026-01-15,5,random_forest,0,0.4944635499,-0.004348217009
2026-01-16,5,catboost,1,0.5441619278,0.001547013622
2026-01-16,5,logistic_regression,1,0.6140709818,0.001547013622
2026-01-16,5,majority_baseline,1,0.600982375,0.001547013622
2026-01-16,5,random_forest,1,0.4708806343,0.001547013622
2026-01-20,5,catboost,1,0.5856615309,0.02643226283
2026-01-20,5,logistic_regression,1,0.5940935744,0.02643226283
2026-01-20,5,majority_baseline,1,0.600982375,0.02643226283
2026-01-20,5,random_forest,1,0.4937288469,0.02643226283
2026-01-21,5,catboost,1,0.5674380667,0.0146191394
2026-01-21,5,logistic_regression,1,0.5264815746,0.0146191394
2026-01-21,5,majority_baseline,1,0.600982375,0.0146191394
2026-01-21,5,random_forest,1,0.4899753043,0.0146191394
2026-01-22,5,catboost,1,0.6145412105,0.007344186541
2026-01-22,5,logistic_regression,1,0.5574308705,0.007344186541
2026-01-22,5,majority_baseline,1,0.600982375,0.007344186541
2026-01-22,5,random_forest,1,0.5080934621,0.007344186541
2026-01-23,5,catboost,1,0.5172818711,0.003975436759
2026-01-23,5,logistic_regression,1,0.6040417584,0.003975436759
2026-01-23,5,majority_baseline,1,0.600982375,0.003975436759
2026-01-23,5,random_forest,1,0.5001685479,0.003975436759
2026-01-26,5,catboost,1,0.5487758686,0.003868740599
2026-01-26,5,logistic_regression,1,0.6076026569,0.003868740599
2026-01-26,5,majority_baseline,1,0.600982375,0.003868740599
2026-01-26,5,random_forest,1,0.5051457019,0.003868740599
2026-01-27,5,catboost,0,0.6232415649,-0.008569441666
2026-01-27,5,logistic_regression,0,0.6088810815,-0.008569441666
2026-01-27,5,majority_baseline,0,0.600982375,-0.008569441666
2026-01-27,5,random_forest,0,0.5211231987,-0.008569441666
2026-01-28,5,catboost,0,0.6412519916,-0.013272527
2026-01-28,5,logistic_regression,0,0.6210928195,-0.013272527
2026-01-28,5,majority_baseline,0,0.600982375,-0.013272527
2026-01-28,5,random_forest,0,0.5293444828,-0.013272527
2026-01-29,5,catboost,0,0.6284136846,-0.02365855487
2026-01-29,5,logistic_regression,0,0.6082313893,-0.02365855487
2026-01-29,5,majority_baseline,0,0.600982375,-0.02365855487
2026-01-29,5,random_forest,0,0.5314225612,-0.02365855487
2026-01-30,5,catboost,0,0.556578092,-0.001950916452
2026-01-30,5,logistic_regression,0,0.5686278595,-0.001950916452
2026-01-30,5,majority_baseline,0,0.600982375,-0.001950916452
2026-01-30,5,random_forest,0,0.4926192944,-0.001950916452
2026-02-02,5,catboost,0,0.5630061749,-0.002099424737
2026-02-02,5,logistic_regression,0,0.5898795167,-0.002099424737
2026-02-02,5,majority_baseline,0,0.600982375,-0.002099424737
2026-02-02,5,random_forest,0,0.4988971641,-0.002099424737
2026-02-03,5,catboost,1,0.61711087,0.003756131988
2026-02-03,5,logistic_regression,1,0.6176841166,0.003756131988
2026-02-03,5,majority_baseline,1,0.600982375,0.003756131988
2026-02-03,5,random_forest,1,0.5037548417,0.003756131988
2026-02-04,5,catboost,1,0.5677612662,0.008408778297
2026-02-04,5,logistic_regression,1,0.5920435949,0.008408778297
2026-02-04,5,majority_baseline,1,0.600982375,0.008408778297
2026-02-04,5,random_forest,1,0.5001110164,0.008408778297
2026-02-05,5,catboost,1,0.6362150863,0.005386535855
2026-02-05,5,logistic_regression,1,0.5937872539,0.005386535855
2026-02-05,5,majority_baseline,1,0.600982375,0.005386535855
2026-02-05,5,random_forest,1,0.4996168735,0.005386535855
2026-02-06,5,catboost,0,0.6318850844,-0.01284352489
2026-02-06,5,logistic_regression,0,0.5832671235,-0.01284352489
2026-02-06,5,majority_baseline,0,0.600982375,-0.01284352489
2026-02-06,5,random_forest,0,0.5025311076,-0.01284352489
2026-02-09,5,catboost,0,0.5831893023,-0.01599544118
2026-02-09,5,logistic_regression,0,0.5860402651,-0.01599544118
2026-02-09,5,majority_baseline,0,0.600982375,-0.01599544118
2026-02-09,5,random_forest,0,0.5106184015,-0.01599544118
2026-02-10,5,catboost,0,0.5477234783,-0.008423419553
2026-02-10,5,logistic_regression,0,0.6155373952,-0.008423419553
2026-02-10,5,majority_baseline,0,0.600982375,-0.008423419553
2026-02-10,5,random_forest,0,0.5082218629,-0.008423419553
2026-02-11,5,catboost,0,0.574905796,-0.01080993303
2026-02-11,5,logistic_regression,0,0.6217832388,-0.01080993303
2026-02-11,5,majority_baseline,0,0.600982375,-0.01080993303
2026-02-11,5,random_forest,0,0.5138079203,-0.01080993303
2026-02-12,5,catboost,1,0.5603599341,0.01197759033
2026-02-12,5,logistic_regression,1,0.609154885,0.01197759033
2026-02-12,5,majority_baseline,1,0.600982375,0.01197759033
2026-02-12,5,random_forest,1,0.5055395947,0.01197759033
2026-02-13,5,catboost,1,0.5476336672,0.0009387819582
2026-02-13,5,logistic_regression,1,0.5910628164,0.0009387819582
2026-02-13,5,majority_baseline,1,0.600982375,0.0009387819582
2026-02-13,5,random_forest,1,0.4915818283,0.0009387819582
2026-02-17,5,catboost,1,0.5335177738,0.006590027328
2026-02-17,5,logistic_regression,1,0.6009499414,0.006590027328
2026-02-17,5,majority_baseline,1,0.600982375,0.006590027328
2026-02-17,5,random_forest,1,0.4934783547,0.006590027328
2026-02-18,5,catboost,1,0.5464667957,0.009995842311
2026-02-18,5,logistic_regression,1,0.6305787414,0.009995842311
2026-02-18,5,majority_baseline,1,0.600982375,0.009995842311
2026-02-18,5,random_forest,1,0.4927256666,0.009995842311
2026-02-19,5,catboost,1,0.5839396661,0.007041852848
2026-02-19,5,logistic_regression,1,0.652593079,0.007041852848
2026-02-19,5,majority_baseline,1,0.600982375,0.007041852848
2026-02-19,5,random_forest,1,0.5126792512,0.007041852848
2026-02-20,5,catboost,0,0.6755162787,-0.004989632793
2026-02-20,5,logistic_regression,0,0.6406656057,-0.004989632793
2026-02-20,5,majority_baseline,0,0.600982375,-0.004989632793
2026-02-20,5,random_forest,0,0.5289253718,-0.004989632793
2026-02-23,5,catboost,1,0.5855786088,0.005847081895
2026-02-23,5,logistic_regression,1,0.6046207353,0.005847081895
2026-02-23,5,majority_baseline,1,0.600982375,0.005847081895
2026-02-23,5,random_forest,1,0.4946831516,0.005847081895
2026-02-24,5,catboost,0,0.5571145162,-0.0102130774
2026-02-24,5,logistic_regression,0,0.6135876942,-0.0102130774
2026-02-24,5,majority_baseline,0,0.600982375,-0.0102130774
2026-02-24,5,random_forest,0,0.506339015,-0.0102130774
2026-02-25,5,catboost,0,0.6097026283,-0.01157039489
2026-02-25,5,logistic_regression,0,0.6190802841,-0.01157039489
2026-02-25,5,majority_baseline,0,0.600982375,-0.01157039489
2026-02-25,5,random_forest,0,0.534471881,-0.01157039489
2026-02-26,5,catboost,0,0.612111726,-0.01159145559
2026-02-26,5,logistic_regression,0,0.645332305,-0.01159145559
2026-02-26,5,majority_baseline,0,0.600982375,-0.01159145559
2026-02-26,5,random_forest,0,0.5138401659,-0.01159145559
2026-02-27,5,catboost,0,0.5749545073,-0.01983991821
2026-02-27,5,logistic_regression,0,0.6390826824,-0.01983991821
2026-02-27,5,majority_baseline,0,0.600982375,-0.01983991821
2026-02-27,5,random_forest,0,0.5138884518,-0.01983991821
2026-03-02,5,catboost,0,0.5343626017,-0.01181559099
2026-03-02,5,logistic_regression,0,0.6240773135,-0.01181559099
2026-03-02,5,majority_baseline,0,0.600982375,-0.01181559099
2026-03-02,5,random_forest,0,0.4958342173,-0.01181559099
2026-03-03,5,catboost,0,0.5966980821,-0.004630141727
2026-03-03,5,logistic_regression,0,0.6087698586,-0.004630141727
2026-03-03,5,majority_baseline,0,0.600982375,-0.004630141727
2026-03-03,5,random_forest,0,0.5079867538,-0.004630141727
2026-03-04,5,catboost,0,0.6066529243,-0.01284425983
2026-03-04,5,logistic_regression,0,0.6099259945,-0.01284425983
2026-03-04,5,majority_baseline,0,0.600982375,-0.01284425983
2026-03-04,5,random_forest,0,0.5184066696,-0.01284425983
2026-03-05,5,catboost,0,0.60411404,-0.0223833498
2026-03-05,5,logistic_regression,0,0.6006556191,-0.0223833498
2026-03-05,5,majority_baseline,0,0.600982375,-0.0223833498
2026-03-05,5,random_forest,0,0.5008249424,-0.0223833498
2026-03-06,5,catboost,0,0.5208391075,-0.01500643509
2026-03-06,5,logistic_regression,0,0.602677669,-0.01500643509
2026-03-06,5,majority_baseline,0,0.600982375,-0.01500643509
2026-03-06,5,random_forest,0,0.4878081122,-0.01500643509
2026-03-09,5,catboost,0,0.5978612644,-0.0136228787
2026-03-09,5,logistic_regression,0,0.6060979029,-0.0136228787
2026-03-09,5,majority_baseline,0,0.600982375,-0.0136228787
2026-03-09,5,random_forest,0,0.4954241876,-0.0136228787
2026-03-10,5,catboost,0,0.5788460029,-0.009436213073
2026-03-10,5,logistic_regression,0,0.6094445347,-0.009436213073
2026-03-10,5,majority_baseline,0,0.600982375,-0.009436213073
2026-03-10,5,random_forest,0,0.4998021141,-0.009436213073
2026-03-11,5,catboost,0,0.5431683056,-0.02203070102
2026-03-11,5,logistic_regression,0,0.6376523102,-0.02203070102
2026-03-11,5,majority_baseline,0,0.600982375,-0.02203070102
2026-03-11,5,random_forest,0,0.5011709117,-0.02203070102
2026-03-12,5,catboost,0,0.5030989831,-0.00939856743
2026-03-12,5,logistic_regression,0,0.6218759187,-0.00939856743
2026-03-12,5,majority_baseline,0,0.600982375,-0.00939856743
2026-03-12,5,random_forest,0,0.5222410582,-0.00939856743
2026-03-13,5,catboost,0,0.5305114387,-0.02071595699
2026-03-13,5,logistic_regression,0,0.6258323396,-0.02071595699
2026-03-13,5,majority_baseline,0,0.600982375,-0.02071595699
2026-03-13,5,random_forest,0,0.4885618082,-0.02071595699
2026-03-16,5,catboost,0,0.6027374727,-0.0204027081
2026-03-16,5,logistic_regression,0,0.6155620742,-0.0204027081
2026-03-16,5,majority_baseline,0,0.600982375,-0.0204027081
2026-03-16,5,random_forest,0,0.5042876188,-0.0204027081
2026-03-17,5,catboost,0,0.6123970713,-0.02625259556
2026-03-17,5,logistic_regression,0,0.6185084671,-0.02625259556
2026-03-17,5,majority_baseline,0,0.600982375,-0.02625259556
2026-03-17,5,random_forest,0,0.5045636939,-0.02625259556
2026-03-18,5,catboost,0,0.6099964852,-0.006969736406
2026-03-18,5,logistic_regression,0,0.6455550266,-0.006969736406
2026-03-18,5,majority_baseline,0,0.600982375,-0.006969736406
2026-03-18,5,random_forest,0,0.5008304357,-0.006969736406
2026-03-19,5,catboost,0,0.5500472747,-0.02229461666
2026-03-19,5,logistic_regression,0,0.6106051355,-0.02229461666
2026-03-19,5,majority_baseline,0,0.600982375,-0.02229461666
2026-03-19,5,random_forest,0,0.4925483081,-0.02229461666
2026-03-20,5,catboost,0,0.7428942394,-0.02232605137
2026-03-20,5,logistic_regression,0,0.581857461,-0.02232605137
2026-03-20,5,majority_baseline,0,0.600982375,-0.02232605137
2026-03-20,5,random_forest,0,0.5495949406,-0.02232605137
2026-03-23,5,catboost,0,0.6579886053,-0.03571974233
2026-03-23,5,logistic_regression,0,0.5616181244,-0.03571974233
2026-03-23,5,majority_baseline,0,0.600982375,-0.03571974233
2026-03-23,5,random_forest,0,0.5048747737,-0.03571974233
2026-03-24,5,catboost,0,0.6813555683,-0.004347959215
2026-03-24,5,logistic_regression,0,0.6063906427,-0.004347959215
2026-03-24,5,majority_baseline,0,0.600982375,-0.004347959215
2026-03-24,5,random_forest,0,0.5230247961,-0.004347959215
2026-03-25,5,catboost,0,0.6344353806,-0.002405529673
2026-03-25,5,logistic_regression,0,0.6226402402,-0.002405529673
2026-03-25,5,majority_baseline,0,0.600982375,-0.002405529673
2026-03-25,5,random_forest,0,0.5008296992,-0.002405529673
2026-03-26,5,catboost,1,0.745738239,0.0166488397
2026-03-26,5,logistic_regression,1,0.6675529253,0.0166488397
2026-03-26,5,majority_baseline,1,0.600982375,0.0166488397
2026-03-26,5,random_forest,1,0.5356527658,0.0166488397
2026-03-27,5,catboost,1,0.7950798122,0.03917424971
2026-03-27,5,logistic_regression,1,0.6835406042,0.03917424971
2026-03-27,5,majority_baseline,1,0.600982375,0.03917424971
2026-03-27,5,random_forest,1,0.5444335931,0.03917424971
2026-03-30,5,catboost,1,0.8350038862,0.0431191354
2026-03-30,5,logistic_regression,1,0.6612036337,0.0431191354
2026-03-30,5,majority_baseline,1,0.600982375,0.0431191354
2026-03-30,5,random_forest,1,0.5546428904,0.0431191354
2026-03-31,5,catboost,1,0.5384289241,0.03947166098
2026-03-31,5,logistic_regression,1,0.5435364246,0.03947166098
2026-03-31,5,majority_baseline,1,0.600982375,0.03947166098
2026-03-31,5,random_forest,1,0.4311942562,0.03947166098
2026-04-01,5,catboost,1,0.7324201955,0.0376503266
2026-04-01,5,logistic_regression,1,0.5638375947,0.0376503266
2026-04-01,5,majority_baseline,1,0.600982375,0.0376503266
2026-04-01,5,random_forest,1,0.5250253297,0.0376503266
2026-04-02,5,catboost,1,0.675915742,0.03603067868
2026-04-02,5,logistic_regression,1,0.6444834131,0.03603067868
2026-04-02,5,majority_baseline,1,0.600982375,0.03603067868
2026-04-02,5,random_forest,1,0.5285670563,0.03603067868
2026-04-06,5,catboost,1,0.6404214138,0.04123351494
2026-04-06,5,logistic_regression,1,0.6729741447,0.04123351494
2026-04-06,5,majority_baseline,1,0.600982375,0.04123351494
2026-04-06,5,random_forest,1,0.567577165,0.04123351494
2026-04-07,5,catboost,1,0.6788729706,0.05345711599
2026-04-07,5,logistic_regression,1,0.6916175845,0.05345711599
2026-04-07,5,majority_baseline,1,0.600982375,0.05345711599
2026-04-07,5,random_forest,1,0.5292751253,0.05345711599
2026-04-08,5,catboost,1,0.5186311861,0.03539888463
2026-04-08,5,logistic_regression,1,0.5896021682,0.03539888463
2026-04-08,5,majority_baseline,1,0.600982375,0.03539888463
2026-04-08,5,random_forest,1,0.4617985785,0.03539888463
2026-04-09,5,catboost,1,0.6819690286,0.03198952803
2026-04-09,5,logistic_regression,1,0.5813249659,0.03198952803
2026-04-09,5,majority_baseline,1,0.600982375,0.03198952803
2026-04-09,5,random_forest,1,0.5658576679,0.03198952803
2026-04-10,5,catboost,1,0.81091128,0.04515350425
2026-04-10,5,logistic_regression,1,0.6480594055,0.04515350425
2026-04-10,5,majority_baseline,1,0.600982375,0.04515350425
2026-04-10,5,random_forest,1,0.6167034549,0.04515350425
2026-04-13,5,catboost,1,0.7616978848,0.03296895496
2026-04-13,5,logistic_regression,1,0.6850534208,0.03296895496
2026-04-13,5,majority_baseline,1,0.600982375,0.03296895496
2026-04-13,5,random_forest,1,0.5610410487,0.03296895496
2026-04-14,5,catboost,1,0.6888579072,0.0138524897
2026-04-14,5,logistic_regression,1,0.6457826056,0.0138524897
2026-04-14,5,majority_baseline,1,0.600982375,0.0138524897
2026-04-14,5,random_forest,1,0.5443006383,0.0138524897
2026-04-15,5,catboost,1,0.7596800923,0.01610138012
2026-04-15,5,logistic_regression,1,0.5929915917,0.01610138012
2026-04-15,5,majority_baseline,1,0.600982375,0.01610138012
2026-04-15,5,random_forest,1,0.5817036996,0.01610138012
2026-04-16,5,catboost,1,0.8126334085,0.009677051563
2026-04-16,5,logistic_regression,1,0.6044713858,0.009677051563
2026-04-16,5,majority_baseline,1,0.600982375,0.009677051563
2026-04-16,5,random_forest,1,0.6080094538,0.009677051563
2026-04-17,5,catboost,1,0.6894682651,0.005351057538
2026-04-17,5,logistic_regression,1,0.6096657608,0.005351057538
2026-04-17,5,majority_baseline,1,0.600982375,0.005351057538
2026-04-17,5,random_forest,1,0.5157759156,0.005351057538
2026-04-20,5,catboost,1,0.8996563831,0.009100914324
2026-04-20,5,logistic_regression,1,0.6066962227,0.009100914324
2026-04-20,5,majority_baseline,1,0.600982375,0.009100914324
2026-04-20,5,random_forest,1,0.6443826537,0.009100914324
2026-04-21,5,catboost,1,0.7959927578,0.01080843086
2026-04-21,5,logistic_regression,1,0.6556135648,0.01080843086
2026-04-21,5,majority_baseline,1,0.600982375,0.01080843086
2026-04-21,5,random_forest,1,0.5780184273,0.01080843086
2026-04-22,5,catboost,1,0.8422750371,0.0005202401541
2026-04-22,5,logistic_regression,1,0.5835520403,0.0005202401541
2026-04-22,5,majority_baseline,1,0.600982375,0.0005202401541
2026-04-22,5,random_forest,1,0.6103632749,0.0005202401541
2026-04-23,5,catboost,1,0.7694956227,0.01441174395
2026-04-23,5,logistic_regression,1,0.6104052411,0.01441174395
2026-04-23,5,majority_baseline,1,0.600982375,0.01441174395
2026-04-23,5,random_forest,1,0.5610222976,0.01441174395
2026-04-24,5,catboost,1,0.8253585056,0.009398548898
2026-04-24,5,logistic_regression,1,0.5999300401,0.009398548898
2026-04-24,5,majority_baseline,1,0.600982375,0.009398548898
2026-04-24,5,random_forest,1,0.5690504386,0.009398548898
2026-04-27,5,catboost,1,0.871691235,0.003971083798
2026-04-27,5,logistic_regression,1,0.6136993426,0.003971083798
2026-04-27,5,majority_baseline,1,0.600982375,0.003971083798
2026-04-27,5,random_forest,1,0.6088459001,0.003971083798
2026-04-28,5,catboost,1,0.8545502022,0.01697368236
2026-04-28,5,logistic_regression,1,0.6428610377,0.01697368236
2026-04-28,5,majority_baseline,1,0.600982375,0.01697368236
2026-04-28,5,random_forest,1,0.616703376,0.01697368236
2026-04-29,5,catboost,1,0.8696631656,0.03126844487
2026-04-29,5,logistic_regression,1,0.6172370179,0.03126844487
2026-04-29,5,majority_baseline,1,0.600982375,0.03126844487
2026-04-29,5,random_forest,1,0.6034587858,0.03126844487
2026-04-30,5,catboost,1,0.6165224514,0.01797790332
2026-04-30,5,logistic_regression,1,0.5785480381,0.01797790332
2026-04-30,5,majority_baseline,1,0.600982375,0.01797790332
2026-04-30,5,random_forest,1,0.4736577001,0.01797790332
2026-05-01,5,catboost,1,0.7967887956,0.02354818567
2026-05-01,5,logistic_regression,1,0.5605240405,0.02354818567
2026-05-01,5,majority_baseline,1,0.600982375,0.02354818567
2026-05-01,5,random_forest,1,0.5445407582,0.02354818567
2026-05-04,5,catboost,1,0.7759640725,0.02965139761
2026-05-04,5,logistic_regression,1,0.5990166743,0.02965139761
2026-05-04,5,majority_baseline,1,0.600982375,0.02965139761
2026-05-04,5,random_forest,1,0.5000152017,0.02965139761
2026-05-05,5,catboost,1,0.7649063587,0.0199096398
2026-05-05,5,logistic_regression,1,0.6020735314,0.0199096398
2026-05-05,5,majority_baseline,1,0.600982375,0.0199096398
2026-05-05,5,random_forest,1,0.5502745924,0.0199096398
2026-05-06,5,catboost,1,0.2896261809,0.01155580993
2026-05-06,5,logistic_regression,1,0.5591537554,0.01155580993
2026-05-06,5,majority_baseline,1,0.600982375,0.01155580993
2026-05-06,5,random_forest,1,0.3053580628,0.01155580993
2026-05-07,5,catboost,1,0.2534270287,0.02267694579
2026-05-07,5,logistic_regression,1,0.5544077507,0.02267694579
2026-05-07,5,majority_baseline,1,0.600982375,0.02267694579
2026-05-07,5,random_forest,1,0.3726463546,0.02267694579
2026-05-08,5,catboost,1,0.3708559045,0.002101353
2026-05-08,5,logistic_regression,1,0.5583214839,0.002101353
2026-05-08,5,majority_baseline,1,0.600982375,0.002101353
2026-05-08,5,random_forest,1,0.3833183638,0.002101353
2026-05-11,5,catboost,0,0.2937503753,-0.0008792100636
2026-05-11,5,logistic_regression,0,0.566506056,-0.0008792100636
2026-05-11,5,majority_baseline,0,0.600982375,-0.0008792100636
2026-05-11,5,random_forest,0,0.3710646027,-0.0008792100636
2026-05-12,5,catboost,0,0.1496879386,-0.006028339971
2026-05-12,5,logistic_regression,0,0.5623915989,-0.006028339971
2026-05-12,5,majority_baseline,0,0.600982375,-0.006028339971
2026-05-12,5,random_forest,0,0.3003375556,-0.006028339971
2026-05-13,5,catboost,0,0.2571840364,-0.001427974835
2026-05-13,5,logistic_regression,0,0.5703904488,-0.001427974835
2026-05-13,5,majority_baseline,0,0.600982375,-0.001427974835
2026-05-13,5,random_forest,0,0.3202624063,-0.001427974835
2026-05-14,5,catboost,0,0.2535959004,-0.007284440702
2026-05-14,5,logistic_regression,0,0.5526819669,-0.007284440702
2026-05-14,5,majority_baseline,0,0.600982375,-0.007284440702
2026-05-14,5,random_forest,0,0.3106664607,-0.007284440702
2026-05-15,5,catboost,1,0.3542773609,0.008753060866
2026-05-15,5,logistic_regression,1,0.5195270663,0.008753060866
2026-05-15,5,majority_baseline,1,0.600982375,0.008753060866
2026-05-15,5,random_forest,1,0.4093642225,0.008753060866
2026-05-18,5,catboost,1,0.3609801103,0.01616462465
2026-05-18,5,logistic_regression,1,0.5650129867,0.01616462465
2026-05-18,5,majority_baseline,1,0.600982375,0.01616462465
2026-05-18,5,random_forest,1,0.3807756576,0.01616462465
2026-05-19,5,catboost,1,0.4555865676,0.02280130293
2026-05-19,5,logistic_regression,1,0.5537899921,0.02280130293
2026-05-19,5,majority_baseline,1,0.600982375,0.02280130293
2026-05-19,5,random_forest,1,0.4322191644,0.02280130293
2026-05-20,5,catboost,1,0.4254246352,0.01801011804
2026-05-20,5,logistic_regression,1,0.5505316729,0.01801011804
2026-05-20,5,majority_baseline,1,0.600982375,0.01801011804
2026-05-20,5,random_forest,1,0.40989151,0.01801011804
2026-05-21,5,catboost,1,0.4028916823,0.0185264972
2026-05-21,5,logistic_regression,1,0.5672888215,0.0185264972
2026-05-21,5,majority_baseline,1,0.600982375,0.0185264972
2026-05-21,5,random_forest,1,0.4091128309,0.0185264972
2026-05-22,5,catboost,1,0.4023738181,0.017300574
2026-05-22,5,logistic_regression,1,0.558895639,0.017300574
2026-05-22,5,majority_baseline,1,0.600982375,0.017300574
2026-05-22,5,random_forest,1,0.4217570603,0.017300574
2026-05-26,5,catboost,1,0.4826186084,0.01196392171
2026-05-26,5,logistic_regression,1,0.5596119037,0.01196392171
2026-05-26,5,majority_baseline,1,0.600982375,0.01196392171
2026-05-26,5,random_forest,1,0.4572807719,0.01196392171
2026-05-27,5,catboost,1,0.4544013472,0.005036910695
2026-05-27,5,logistic_regression,1,0.572266882,0.005036910695
2026-05-27,5,majority_baseline,1,0.600982375,0.005036910695
2026-05-27,5,random_forest,1,0.4223342707,0.005036910695
2026-05-28,5,catboost,1,0.435697526,0.003299761463
2026-05-28,5,logistic_regression,1,0.5718102745,0.003299761463
2026-05-28,5,majority_baseline,1,0.600982375,0.003299761463
2026-05-28,5,random_forest,1,0.4223242753,0.003299761463
2026-05-29,5,catboost,0,0.3025341461,-0.02502379442
2026-05-29,5,logistic_regression,0,0.4935340975,-0.02502379442
2026-05-29,5,majority_baseline,0,0.600982375,-0.02502379442
2026-05-29,5,random_forest,0,0.3967932571,-0.02502379442
2026-06-01,5,catboost,0,0.3617359961,-0.02546998181
2026-06-01,5,logistic_regression,0,0.5577364571,-0.02546998181
2026-06-01,5,majority_baseline,0,0.600982375,-0.02546998181
2026-06-01,5,random_forest,0,0.4136738607,-0.02546998181
2026-06-02,5,catboost,0,0.5824716205,-0.02964835367
2026-06-02,5,logistic_regression,0,0.6224678326,-0.02964835367
2026-06-02,5,majority_baseline,0,0.600982375,-0.02964835367
2026-06-02,5,random_forest,0,0.4843562692,-0.02964835367
2026-06-03,5,catboost,0,0.4369192482,-0.03819739075
2026-06-03,5,logistic_regression,0,0.5979399886,-0.03819739075
2026-06-03,5,majority_baseline,0,0.600982375,-0.03819739075
2026-06-03,5,random_forest,0,0.4332952675,-0.03819739075
2026-06-04,5,catboost,0,0.4053627355,-0.0255319711
2026-06-04,5,logistic_regression,0,0.5454874543,-0.0255319711
2026-06-04,5,majority_baseline,0,0.600982375,-0.0255319711
2026-06-04,5,random_forest,0,0.4043796738,-0.0255319711
2026-06-05,5,catboost,1,0.5674091685,0.005694529184
2026-06-05,5,logistic_regression,1,0.5284791407,0.005694529184
2026-06-05,5,majority_baseline,1,0.600982375,0.005694529184
2026-06-05,5,random_forest,1,0.4772491903,0.005694529184
2026-06-08,5,catboost,1,0.6520580589,0.0211168529
2026-06-08,5,logistic_regression,1,0.5575455278,0.0211168529
2026-06-08,5,majority_baseline,1,0.600982375,0.0211168529
2026-06-08,5,random_forest,1,0.4716532133,0.0211168529
2026-06-09,5,catboost,1,0.5816374769,0.01801777356
2026-06-09,5,logistic_regression,1,0.5500845853,0.01801777356
2026-06-09,5,majority_baseline,1,0.600982375,0.01801777356
2026-06-09,5,random_forest,1,0.4666040828,0.01801777356
2026-06-10,5,catboost,1,0.6053671025,0.0214079925
2026-06-10,5,logistic_regression,1,0.5653475378,0.0214079925
2026-06-10,5,majority_baseline,1,0.600982375,0.0214079925
2026-06-10,5,random_forest,1,0.4840305971,0.0214079925
2026-06-11,5,catboost,1,0.5548347137,0.01217198005
2026-06-11,5,logistic_regression,1,0.5174478169,0.01217198005
2026-06-11,5,majority_baseline,1,0.600982375,0.01217198005
2026-06-11,5,random_forest,1,0.4696489101,0.01217198005
2026-06-12,5,catboost,1,0.4772788707,0.003559150657
2026-06-12,5,logistic_regression,1,0.5044683236,0.003559150657
2026-06-12,5,majority_baseline,1,0.600982375,0.003559150657
2026-06-12,5,random_forest,1,0.4656658225,0.003559150657
2026-06-15,5,catboost,0,0.5526721682,-0.02815203423
2026-06-15,5,logistic_regression,0,0.5043597533,-0.02815203423
2026-06-15,5,majority_baseline,0,0.600982375,-0.02815203423
2026-06-15,5,random_forest,0,0.4893572979,-0.02815203423
2026-06-16,5,catboost,0,0.5651746834,-0.02277664494
2026-06-16,5,logistic_regression,0,0.5164956437,-0.02277664494
2026-06-16,5,majority_baseline,0,0.600982375,-0.02277664494
2026-06-16,5,random_forest,0,0.4996619343,-0.02277664494
2026-06-17,5,catboost,0,0.4846973151,-0.008988339452
2026-06-17,5,logistic_regression,0,0.5510674735,-0.008988339452
2026-06-17,5,majority_baseline,0,0.600982375,-0.008988339452
2026-06-17,5,random_forest,0,0.471867477,-0.008988339452
2026-06-18,5,catboost,0,0.5720247775,-0.02376998688
2026-06-18,5,logistic_regression,0,0.5051520264,-0.02376998688
2026-06-18,5,majority_baseline,0,0.600982375,-0.02376998688
2026-06-18,5,random_forest,0,0.5026231911,-0.02376998688
2026-06-22,5,catboost,0,0.5510376961,-0.004554064402
2026-06-22,5,logistic_regression,0,0.590365951,-0.004554064402
2026-06-22,5,majority_baseline,0,0.600982375,-0.004554064402
2026-06-22,5,random_forest,0,0.5034699316,-0.004554064402
2026-06-23,5,catboost,1,0.5719827382,0.01798031571
2026-06-23,5,logistic_regression,1,0.6304291762,0.01798031571
2026-06-23,5,majority_baseline,1,0.600982375,0.01798031571
2026-06-23,5,random_forest,1,0.4957163481,0.01798031571
2026-06-24,5,catboost,1,0.5032582695,0.01707490044
2026-06-24,5,logistic_regression,1,0.6145425086,0.01707490044
2026-06-24,5,majority_baseline,1,0.600982375,0.01707490044
2026-06-24,5,random_forest,1,0.4878836407,0.01707490044
2026-06-25,5,catboost,1,0.4909395487,0.01427209587
2026-06-25,5,logistic_regression,1,0.6353220484,0.01427209587
2026-06-25,5,majority_baseline,1,0.600982375,0.01427209587
2026-06-25,5,random_forest,1,0.4844708997,0.01427209587
2026-06-26,5,catboost,1,0.5982998158,0.03057655112
2026-06-26,5,logistic_regression,1,0.6268382565,0.03057655112
2026-06-26,5,majority_baseline,1,0.600982375,0.03057655112
2026-06-26,5,random_forest,1,0.5106704177,0.03057655112
2026-06-29,5,catboost,1,0.4829956934,0.009055330634
2026-06-29,5,logistic_regression,1,0.5703466362,0.009055330634
2026-06-29,5,majority_baseline,1,0.600982375,0.009055330634
2026-06-29,5,random_forest,1,0.4764597765,0.009055330634
2026-06-30,5,catboost,0,0.5236459052,-0.001834567538
2026-06-30,5,logistic_regression,0,0.5436903339,-0.001834567538
2026-06-30,5,majority_baseline,0,0.600982375,-0.001834567538
2026-06-30,5,random_forest,0,0.4878388201,-0.001834567538
2026-07-01,5,catboost,1,0.5213944447,0.007978438103
2026-07-01,5,logistic_regression,1,0.5852870923,0.007978438103
2026-07-01,5,majority_baseline,1,0.600982375,0.007978438103
2026-07-01,5,random_forest,1,0.4919651778,0.007978438103
2026-07-02,5,catboost,1,0.6383670806,0.01365503907
2026-07-02,5,logistic_regression,1,0.6165790812,0.01365503907
2026-07-02,5,majority_baseline,1,0.600982375,0.01365503907
2026-07-02,5,random_forest,1,0.517156137,0.01365503907
2026-07-06,5,catboost,0,0.6802103121,-0.002808540092
2026-07-06,5,logistic_regression,0,0.575933443,-0.002808540092
2026-07-06,5,majority_baseline,0,0.600982375,-0.002808540092
2026-07-06,5,random_forest,0,0.5452338013,-0.002808540092
2026-07-07,5,catboost,1,0.6818998965,0.005510157681
2026-07-07,5,logistic_regression,1,0.627970837,0.005510157681
2026-07-07,5,majority_baseline,1,0.600982375,0.005510157681
2026-07-07,5,random_forest,1,0.5401449694,0.005510157681
2026-07-08,5,catboost,1,0.6160657328,0.01262409445
2026-07-08,5,logistic_regression,1,0.6632329312,0.01262409445
2026-07-08,5,majority_baseline,1,0.600982375,0.01262409445
2026-07-08,5,random_forest,1,0.5358198752,0.01262409445
2026-07-09,5,catboost,0,0.672108929,-0.001316997246
2026-07-09,5,logistic_regression,0,0.6484538668,-0.001316997246
2026-07-09,5,majority_baseline,0,0.600982375,-0.001316997246
2026-07-09,5,random_forest,0,0.5542792387,-0.001316997246
2026-07-10,5,catboost,0,0.6166071488,-0.01544473144
2026-07-10,5,logistic_regression,0,0.6538484234,-0.01544473144
2026-07-10,5,majority_baseline,0,0.600982375,-0.01544473144
2026-07-10,5,random_forest,0,0.5389288732,-0.01544473144
2026-07-13,5,catboost,0,0.6535010024,-0.009450458507
2026-07-13,5,logistic_regression,0,0.6692766231,-0.009450458507
2026-07-13,5,majority_baseline,0,0.600982375,-0.009450458507
2026-07-13,5,random_forest,0,0.5497548638,-0.009450458507
2026-07-14,5,catboost,0,0.6345791225,-0.004721812112
2026-07-14,5,logistic_regression,0,0.6475403804,-0.004721812112
2026-07-14,5,majority_baseline,0,0.600982375,-0.004721812112
2026-07-14,5,random_forest,0,0.5510954953,-0.004721812112
2026-07-15,5,catboost,0,0.6406021082,-0.009803791683
2026-07-15,5,logistic_regression,0,0.6246410354,-0.009803791683
2026-07-15,5,majority_baseline,0,0.600982375,-0.009803791683
2026-07-15,5,random_forest,0,0.5326914113,-0.009803791683
2026-07-16,5,catboost,0,0.6151119907,-0.01670396419
2026-07-16,5,logistic_regression,0,0.623555799,-0.01670396419
2026-07-16,5,majority_baseline,0,0.600982375,-0.01670396419
2026-07-16,5,random_forest,0,0.5227659662,-0.01670396419
2026-07-17,5,catboost,0,0.6056747844,-0.005865812805
2026-07-17,5,logistic_regression,0,0.6159000038,-0.005865812805
2026-07-17,5,majority_baseline,0,0.600982375,-0.005865812805
2026-07-17,5,random_forest,0,0.5199566655,-0.005865812805
2026-07-20,5,catboost,0,0.5151451567,-0.004042636338
2026-07-20,5,logistic_regression,0,0.6019297938,-0.004042636338
2026-07-20,5,majority_baseline,0,0.600982375,-0.004042636338
2026-07-20,5,random_forest,0,0.4875530468,-0.004042636338
2026-07-21,5,catboost,0,0.6104949771,-0.009916074197
2026-07-21,5,logistic_regression,0,0.6362907762,-0.009916074197
2026-07-21,5,majority_baseline,0,0.600982375,-0.009916074197
2026-07-21,5,random_forest,0,0.5269846286,-0.009916074197
2026-07-22,5,catboost,0,0.5330600005,-0.02401626952
2026-07-22,5,logistic_regression,0,0.6695835897,-0.02401626952
2026-07-22,5,majority_baseline,0,0.600982375,-0.02401626952
2026-07-22,5,random_forest,0,0.516236941,-0.02401626952
2026-07-23,5,catboost,1,0.6592687487,0.00475493782
2026-07-23,5,logistic_regression,1,0.6482361431,0.00475493782
2026-07-23,5,majority_baseline,1,0.600982375,0.00475493782
2026-07-23,5,random_forest,1,0.5202948748,0.00475493782
2026-07-24,5,catboost,1,0.5313085232,0.01096179611
2026-07-24,5,logistic_regression,1,0.6211901691,0.01096179611
2026-07-24,5,majority_baseline,1,0.600982375,0.01096179611
2026-07-24,5,random_forest,1,0.4989625018,0.01096179611
2026-07-27,5,catboost,1,0.5630562485,0.02513902231
2026-07-27,5,logistic_regression,1,0.6494479324,0.02513902231
2026-07-27,5,majority_baseline,1,0.600982375,0.02513902231
2026-07-27,5,random_forest,1,0.5004473544,0.02513902231
2026-07-28,5,catboost,1,0.5403533861,0.04112787841
2026-07-28,5,logistic_regression,1,0.6174898865,0.04112787841
2026-07-28,5,majority_baseline,1,0.600982375,0.04112787841
2026-07-28,5,random_forest,1,0.4532775569,0.04112787841
2026-07-29,5,catboost,1,0.6476660731,0.05528747293
2026-07-29,5,logistic_regression,1,0.5698980486,0.05528747293
2026-07-29,5,majority_baseline,1,0.600982375,0.05528747293
2026-07-29,5,random_forest,1,0.5093714185,0.05528747293
2026-07-30,5,catboost,1,0.5807391745,0.03622807372
2026-07-30,5,logistic_regression,1,0.5247968006,0.03622807372
2026-07-30,5,majority_baseline,1,0.600982375,0.03622807372
2026-07-30,5,random_forest,1,0.4850233787,0.03622807372
2026-07-31,5,catboost,1,0.5592770059,0.03511239147
2026-07-31,5,logistic_regression,1,0.5404048585,0.03511239147
2026-07-31,5,majority_baseline,1,0.600982375,0.03511239147
2026-07-31,5,random_forest,1,0.4907714907,0.03511239147
2026-08-03,5,catboost,1,0.598350853,0.02027271675
2026-08-03,5,logistic_regression,1,0.5369972078,0.02027271675
2026-08-03,5,majority_baseline,1,0.600982375,0.02027271675
2026-08-03,5,random_forest,1,0.5065381451,0.02027271675
2026-08-04,5,catboost,0,0.5548035853,-0.0009982788171
2026-08-04,5,logistic_regression,0,0.4967704677,-0.0009982788171
2026-08-04,5,majority_baseline,0,0.600982375,-0.0009982788171
2026-08-04,5,random_forest,0,0.4946974182,-0.0009982788171
2026-08-05,5,catboost,1,0.6781382103,0.003507437353
2026-08-05,5,logistic_regression,1,0.563265668,0.003507437353
2026-08-05,5,majority_baseline,1,0.600982375,0.003507437353
2026-08-05,5,random_forest,1,0.550069463,0.003507437353
2026-08-06,5,catboost,1,0.7162625753,0.01212658075
2026-08-06,5,logistic_regression,1,0.6224136826,0.01212658075
2026-08-06,5,majority_baseline,1,0.600982375,0.01212658075
2026-08-06,5,random_forest,1,0.5882533399,0.01212658075
2026-08-07,5,catboost,1,0.750349937,0.003983158396
2026-08-07,5,logistic_regression,1,0.6100067953,0.003983158396
2026-08-07,5,majority_baseline,1,0.600982375,0.003983158396
2026-08-07,5,random_forest,1,0.5857104392,0.003983158396
2026-08-10,5,catboost,0,0.7669865849,-0.000465759914
2026-08-10,5,logistic_regression,0,0.6155669002,-0.000465759914
2026-08-10,5,majority_baseline,0,0.600982375,-0.000465759914
2026-08-10,5,random_forest,0,0.5952170559,-0.000465759914
2026-08-11,5,catboost,0,0.6552640732,-0.004036006813
2026-08-11,5,logistic_regression,0,0.6361272404,-0.004036006813
2026-08-11,5,majority_baseline,0,0.600982375,-0.004036006813
2026-08-11,5,random_forest,0,0.5779104731,-0.004036006813
2026-08-12,5,catboost,0,0.7453271504,-0.004440177405
2026-08-12,5,logistic_regression,0,0.6530864365,-0.004440177405
2026-08-12,5,majority_baseline,0,0.600982375,-0.004440177405
2026-08-12,5,random_forest,0,0.5966115248,-0.004440177405
2026-08-13,5,catboost,0,0.7072751106,-0.01964317016
2026-08-13,5,logistic_regression,0,0.6280405553,-0.01964317016
2026-08-13,5,majority_baseline,0,0.600982375,-0.01964317016
2026-08-13,5,random_forest,0,0.5781011696,-0.01964317016
2026-08-14,5,catboost,0,0.6823694805,-0.0136796453
2026-08-14,5,logistic_regression,0,0.629721065,-0.0136796453
2026-08-14,5,majority_baseline,0,0.600982375,-0.0136796453
2026-08-14,5,random_forest,0,0.5723777374,-0.0136796453
2026-08-17,5,catboost,0,0.7107945179,-0.01190678091
2026-08-17,5,logistic_regression,0,0.6314966238,-0.01190678091
2026-08-17,5,majority_baseline,0,0.600982375,-0.01190678091
2026-08-17,5,random_forest,0,0.5711152341,-0.01190678091
2026-08-18,5,catboost,0,0.6853823397,-0.0020066963
2026-08-18,5,logistic_regression,0,0.6001948961,-0.0020066963
2026-08-18,5,majority_baseline,0,0.600982375,-0.0020066963
2026-08-18,5,random_forest,0,0.5425881186,-0.0020066963
2026-08-19,5,catboost,0,0.6139598721,-0.003874834875
2026-08-19,5,logistic_regression,0,0.5897753407,-0.003874834875
2026-08-19,5,majority_baseline,0,0.600982375,-0.003874834875
2026-08-19,5,random_forest,0,0.5350864169,-0.003874834875
2026-08-20,5,catboost,1,0.6361681231,0.01114607956
2026-08-20,5,logistic_regression,1,0.6118772509,0.01114607956
2026-08-20,5,majority_baseline,1,0.600982375,0.01114607956
2026-08-20,5,random_forest,1,0.5240332541,0.01114607956
2026-08-21,5,catboost,1,0.564570568,0.004740642845
2026-08-21,5,logistic_regression,1,0.5986678926,0.004740642845
2026-08-21,5,majority_baseline,1,0.600982375,0.004740642845
2026-08-21,5,random_forest,1,0.5174897861,0.004740642845
2026-08-24,5,catboost,1,0.5729816289,0.004689139373
2026-08-24,5,logistic_regression,1,0.617129973,0.004689139373
2026-08-24,5,majority_baseline,1,0.600982375,0.004689139373
2026-08-24,5,random_forest,1,0.5064157866,0.004689139373
2026-08-25,5,catboost,0,0.560254206,-0.005392205279
2026-08-25,5,logistic_regression,0,0.6305441648,-0.005392205279
2026-08-25,5,majority_baseline,0,0.600982375,-0.005392205279
2026-08-25,5,random_forest,0,0.5113557985,-0.005392205279
2026-08-26,5,catboost,0,0.5597505253,-0.001200976373
2026-08-26,5,logistic_regression,0,0.6478308927,-0.001200976373
2026-08-26,5,majority_baseline,0,0.600982375,-0.001200976373
2026-08-26,5,random_forest,0,0.4988182417,-0.001200976373
2026-08-27,5,catboost,1,0.5760391324,0.002684486274
2026-08-27,5,logistic_regression,1,0.6193471774,0.002684486274
2026-08-27,5,majority_baseline,1,0.600982375,0.002684486274
2026-08-27,5,random_forest,1,0.5129354358,0.002684486274
2026-08-28,5,catboost,1,0.5420973391,0.001091865635
2026-08-28,5,logistic_regression,1,0.6090656547,0.001091865635
2026-08-28,5,majority_baseline,1,0.600982375,0.001091865635
2026-08-28,5,random_forest,1,0.4941649341,0.001091865635
2026-08-31,5,catboost,0,0.5128367557,-0.001420984052
2026-08-31,5,logistic_regression,0,0.6029960554,-0.001420984052
2026-08-31,5,majority_baseline,0,0.600982375,-0.001420984052
2026-08-31,5,random_forest,0,0.4659237284,-0.001420984052
2026-09-01,5,catboost,1,0.6517348187,0.0008138768098
2026-09-01,5,logistic_regression,1,0.5915924113,0.0008138768098
2026-09-01,5,majority_baseline,1,0.600982375,0.0008138768098
2026-09-01,5,random_forest,1,0.5060910261,0.0008138768098
2026-09-02,5,catboost,0,0.5761309464,-0.009579638582
2026-09-02,5,logistic_regression,0,0.6379087015,-0.009579638582
2026-09-02,5,majority_baseline,0,0.600982375,-0.009579638582
2026-09-02,5,random_forest,0,0.4906465929,-0.009579638582
2026-09-03,5,catboost,0,0.5628351671,-0.01148519096
2026-09-03,5,logistic_regression,0,0.575229736,-0.01148519096
2026-09-03,5,majority_baseline,0,0.600982375,-0.01148519096
2026-09-03,5,random_forest,0,0.4707975582,-0.01148519096
2026-09-04,5,catboost,0,0.5440411307,-0.01208792307
2026-09-04,5,logistic_regression,0,0.598776104,-0.01208792307
2026-09-04,5,majority_baseline,0,0.600982375,-0.01208792307
2026-09-04,5,random_forest,0,0.4741796205,-0.01208792307
2026-09-08,5,catboost,0,0.6163437752,-0.01118858316
2026-09-08,5,logistic_regression,0,0.5778434491,-0.01118858316
2026-09-08,5,majority_baseline,0,0.600982375,-0.01118858316
2026-09-08,5,random_forest,0,0.5030220661,-0.01118858316
2026-09-09,5,catboost,0,0.6344392608,-0.01095230369
2026-09-09,5,logistic_regression,0,0.6247734722,-0.01095230369
2026-09-09,5,majority_baseline,0,0.600982375,-0.01095230369
2026-09-09,5,random_forest,0,0.5030359325,-0.01095230369
2026-09-10,5,catboost,1,0.6499159282,0.006294232733
2026-09-10,5,logistic_regression,1,0.598418584,0.006294232733
2026-09-10,5,majority_baseline,1,0.600982375,0.006294232733
2026-09-10,5,random_forest,1,0.5061813512,0.006294232733
2026-09-11,5,catboost,0,0.542561438,-0.003401818256
2026-09-11,5,logistic_regression,0,0.536324374,-0.003401818256
2026-09-11,5,majority_baseline,0,0.600982375,-0.003401818256
2026-09-11,5,random_forest,0,0.4458993089,-0.003401818256
2026-09-14,5,catboost,1,0.5429542948,0.0165860517
2026-09-14,5,logistic_regression,1,0.5564267281,0.0165860517
2026-09-14,5,majority_baseline,1,0.600982375,0.0165860517
2026-09-14,5,random_forest,1,0.4730841015,0.0165860517
2026-09-15,5,catboost,1,0.6955808097,0.02111196344
2026-09-15,5,logistic_regression,1,0.5692899439,0.02111196344
2026-09-15,5,majority_baseline,1,0.600982375,0.02111196344
2026-09-15,5,random_forest,1,0.5083693765,0.02111196344
2026-09-16,5,catboost,1,0.6274544334,0.01824814007
2026-09-16,5,logistic_regression,1,0.5559637555,0.01824814007
2026-09-16,5,majority_baseline,1,0.600982375,0.01824814007
2026-09-16,5,random_forest,1,0.5004869619,0.01824814007
2026-09-17,5,catboost,1,0.5086305768,0.006005792351
2026-09-17,5,logistic_regression,1,0.5357578447,0.006005792351
2026-09-17,5,majority_baseline,1,0.600982375,0.006005792351
2026-09-17,5,random_forest,1,0.4418124452,0.006005792351
2026-09-18,5,catboost,1,0.4864441147,0.01268228961
2026-09-18,5,logistic_regression,1,0.5108712827,0.01268228961
2026-09-18,5,majority_baseline,1,0.600982375,0.01268228961
2026-09-18,5,random_forest,1,0.4512220467,0.01268228961
2026-09-21,5,catboost,0,0.635056658,-0.01020040672
2026-09-21,5,logistic_regression,0,0.5257096255,-0.01020040672
2026-09-21,5,majority_baseline,0,0.600982375,-0.01020040672
2026-09-21,5,random_forest,0,0.514556979,-0.01020040672
2026-09-22,5,catboost,0,0.7170341202,-0.01186996385
2026-09-22,5,logistic_regression,0,0.588289671,-0.01186996385
2026-09-22,5,majority_baseline,0,0.600982375,-0.01186996385
2026-09-22,5,random_forest,0,0.5536093777,-0.01186996385
2026-09-23,5,catboost,0,0.6959818124,-0.006746451226
2026-09-23,5,logistic_regression,0,0.6031558535,-0.006746451226
2026-09-23,5,majority_baseline,0,0.600982375,-0.006746451226
2026-09-23,5,random_forest,0,0.5487711609,-0.006746451226
2026-09-24,5,catboost,0,0.5974905668,-0.004158088754
2026-09-24,5,logistic_regression,0,0.6068858161,-0.004158088754
2026-09-24,5,majority_baseline,0,0.600982375,-0.004158088754
2026-09-24,5,random_forest,0,0.5162771256,-0.004158088754
2026-09-25,5,catboost,0,0.5942681232,-0.002216841971
2026-09-25,5,logistic_regression,0,0.6136481708,-0.002216841971
2026-09-25,5,majority_baseline,0,0.600982375,-0.002216841971
2026-09-25,5,random_forest,0,0.5216328254,-0.002216841971
